source,freq,year,quarter,geo_label,type_id,condition,market,is_provisional,n,unit,geo_id,p25,median,p75
T_05_05_1_1_02,Q,2007,1,Canton,house_existing,existing,all,0,104.0,CHF_per_object,0000,1065000.0,1454000.0,2475000.0
T_05_05_1_1_02,Q,2007,2,Canton,house_existing,existing,all,0,121.0,CHF_per_object,0000,965000.0,1313000.0,1855000.0
T_05_05_1_1_02,Q,2007,3,Canton,house_existing,existing,all,0,150.0,CHF_per_object,0000,1200000.0,1600000.0,2260000.0
T_05_05_1_1_02,Q,2007,4,Canton,house_existing,existing,all,0,163.0,CHF_per_object,0000,1020000.0,1580000.0,2200000.0
T_05_05_1_1_02,Q,2008,1,Canton,house_existing,existing,all,0,105.0,CHF_per_object,0000,1070000.0,1400000.0,2150000.0
T_05_05_1_1_02,Q,2008,2,Canton,house_existing,existing,all,0,114.0,CHF_per_object,0000,1021000.0,1390000.0,2150000.0
T_05_05_1_1_02,Q,2008,3,Canton,house_existing,existing,all,0,125.0,CHF_per_object,0000,1150000.0,1575000.0,2150000.0
T_05_05_1_1_02,Q,2008,4,Canton,house_existing,existing,all,0,102.0,CHF_per_object,0000,1080000.0,1563000.0,2275000.0
T_05_05_1_1_02,Q,2009,1,Canton,house_existing,existing,all,0,79.0,CHF_per_object,0000,1180000.0,1450000.0,2200000.0
T_05_05_1_1_02,Q,2009,2,Canton,house_existing,existing,all,0,103.0,CHF_per_object,0000,1100000.0,1400000.0,2300000.0
T_05_05_1_1_02,Q,2009,3,Canton,house_existing,existing,all,0,121.0,CHF_per_object,0000,1200000.0,1600000.0,2370000.0
T_05_05_1_1_02,Q,2009,4,Canton,house_existing,existing,all,0,110.0,CHF_per_object,0000,1150000.0,1512000.0,2150000.0
T_05_05_1_1_02,Q,2010,1,Canton,house_existing,existing,all,0,91.0,CHF_per_object,0000,1250000.0,1750000.0,2475000.0
T_05_05_1_1_02,Q,2010,2,Canton,house_existing,existing,all,0,111.0,CHF_per_object,0000,1350000.0,1850000.0,2930000.0
T_05_05_1_1_02,Q,2010,3,Canton,house_existing,existing,all,0,147.0,CHF_per_object,0000,1350000.0,1700000.0,2340000.0
T_05_05_1_1_02,Q,2010,4,Canton,house_existing,existing,all,0,112.0,CHF_per_object,0000,1149000.0,1750000.0,2713000.0
T_05_05_1_1_02,Q,2011,1,Canton,house_existing,existing,all,0,82.0,CHF_per_object,0000,1360000.0,1753000.0,2500000.0
T_05_05_1_1_02,Q,2011,2,Canton,house_existing,existing,all,0,124.0,CHF_per_object,0000,1275000.0,1850000.0,3075000.0
T_05_05_1_1_02,Q,2011,3,Canton,house_existing,existing,all,0,123.0,CHF_per_object,0000,1440000.0,1750000.0,2684000.0
T_05_05_1_1_02,Q,2011,4,Canton,house_existing,existing,all,0,132.0,CHF_per_object,0000,1361000.0,1767000.0,2489000.0
T_05_05_1_1_02,Q,2012,1,Canton,house_existing,existing,all,0,73.0,CHF_per_object,0000,1400000.0,1800000.0,2800000.0
T_05_05_1_1_02,Q,2012,2,Canton,house_existing,existing,all,0,104.0,CHF_per_object,0000,1370000.0,1791000.0,2755000.0
T_05_05_1_1_02,Q,2012,3,Canton,house_existing,existing,all,0,96.0,CHF_per_object,0000,1370000.0,1876000.0,3000000.0
T_05_05_1_1_02,Q,2012,4,Canton,house_existing,existing,all,0,115.0,CHF_per_object,0000,1300000.0,1800000.0,2700000.0
T_05_05_1_1_02,Q,2013,1,Canton,house_existing,existing,all,0,85.0,CHF_per_object,0000,1300000.0,1750000.0,2500000.0
T_05_05_1_1_02,Q,2013,2,Canton,house_existing,existing,all,0,109.0,CHF_per_object,0000,1270000.0,1600000.0,2470000.0
T_05_05_1_1_02,Q,2013,3,Canton,house_existing,existing,all,0,104.0,CHF_per_object,0000,1350000.0,1780000.0,2343000.0
T_05_05_1_1_02,Q,2013,4,Canton,house_existing,existing,all,0,114.0,CHF_per_object,0000,1170000.0,1700000.0,2410000.0
T_05_05_1_1_02,Q,2014,1,Canton,house_existing,existing,all,0,77.0,CHF_per_object,0000,1350000.0,1730000.0,2390000.0
T_05_05_1_1_02,Q,2014,2,Canton,house_existing,existing,all,0,98.0,CHF_per_object,0000,1205000.0,1695000.0,2500000.0
T_05_05_1_1_02,Q,2014,3,Canton,house_existing,existing,all,0,110.0,CHF_per_object,0000,1403000.0,1750000.0,2700000.0
T_05_05_1_1_02,Q,2014,4,Canton,house_existing,existing,all,0,113.0,CHF_per_object,0000,1300000.0,1700000.0,2517000.0
T_05_05_1_1_02,Q,2015,1,Canton,house_existing,existing,all,0,104.0,CHF_per_object,0000,1235000.0,1605000.0,2200000.0
T_05_05_1_1_02,Q,2015,2,Canton,house_existing,existing,all,0,106.0,CHF_per_object,0000,1300000.0,1705000.0,2350000.0
T_05_05_1_1_02,Q,2015,3,Canton,house_existing,existing,all,0,120.0,CHF_per_object,0000,1500000.0,1785000.0,2763000.0
T_05_05_1_1_02,Q,2015,4,Canton,house_existing,existing,all,0,154.0,CHF_per_object,0000,1150000.0,1598000.0,2150000.0
T_05_05_1_1_02,Q,2016,1,Canton,house_existing,existing,all,0,106.0,CHF_per_object,0000,1300000.0,1760000.0,2650000.0
T_05_05_1_1_02,Q,2016,2,Canton,house_existing,existing,all,0,130.0,CHF_per_object,0000,1250000.0,1575000.0,2240000.0
T_05_05_1_1_02,Q,2016,3,Canton,house_existing,existing,all,0,158.0,CHF_per_object,0000,1380000.0,1690000.0,2550000.0
T_05_05_1_1_02,Q,2016,4,Canton,house_existing,existing,all,0,131.0,CHF_per_object,0000,1400000.0,1750000.0,2900000.0
T_05_05_1_1_02,Q,2017,1,Canton,house_existing,existing,all,0,109.0,CHF_per_object,0000,1200000.0,1582000.0,2352000.0
T_05_05_1_1_02,Q,2017,2,Canton,house_existing,existing,all,0,119.0,CHF_per_object,0000,1250000.0,1685000.0,2690000.0
T_05_05_1_1_02,Q,2017,3,Canton,house_existing,existing,all,0,136.0,CHF_per_object,0000,1255000.0,1700000.0,2573000.0
T_05_05_1_1_02,Q,2017,4,Canton,house_existing,existing,all,0,133.0,CHF_per_object,0000,1380000.0,1700000.0,2340000.0
T_05_05_1_1_02,Q,2018,1,Canton,house_existing,existing,all,0,112.0,CHF_per_object,0000,1435000.0,1865000.0,2778000.0
T_05_05_1_1_02,Q,2018,2,Canton,house_existing,existing,all,0,109.0,CHF_per_object,0000,1325000.0,1800000.0,2700000.0
T_05_05_1_1_02,Q,2018,3,Canton,house_existing,existing,all,0,128.0,CHF_per_object,0000,1371000.0,1715000.0,2529000.0
T_05_05_1_1_02,Q,2018,4,Canton,house_existing,existing,all,0,124.0,CHF_per_object,0000,1354000.0,1700000.0,2795000.0
T_05_05_1_1_02,Q,2019,1,Canton,house_existing,existing,all,0,92.0,CHF_per_object,0000,1500000.0,1850000.0,2740000.0
T_05_05_1_1_02,Q,2019,2,Canton,house_existing,existing,all,0,131.0,CHF_per_object,0000,1340000.0,1820000.0,2620000.0
T_05_05_1_1_02,Q,2019,3,Canton,house_existing,existing,all,0,142.0,CHF_per_object,0000,1450000.0,1888000.0,2790000.0
T_05_05_1_1_02,Q,2019,4,Canton,house_existing,existing,all,0,144.0,CHF_per_object,0000,1480000.0,1999000.0,3024000.0
T_05_05_1_1_02,Q,2020,1,Canton,house_existing,existing,all,0,96.0,CHF_per_object,0000,1530000.0,2066000.0,3350000.0
T_05_05_1_1_02,Q,2020,2,Canton,house_existing,existing,all,0,119.0,CHF_per_object,0000,1423000.0,1800000.0,2636000.0
T_05_05_1_1_02,Q,2020,3,Canton,house_existing,existing,all,0,164.0,CHF_per_object,0000,1475000.0,1915000.0,3000000.0
T_05_05_1_1_02,Q,2020,4,Canton,house_existing,existing,all,0,165.0,CHF_per_object,0000,1600000.0,2059000.0,3050000.0
T_05_05_1_1_02,Q,2021,1,Canton,house_existing,existing,all,0,127.0,CHF_per_object,0000,1650000.0,2190000.0,4150000.0
T_05_05_1_1_02,Q,2021,2,Canton,house_existing,existing,all,0,167.0,CHF_per_object,0000,1766000.0,2250000.0,3550000.0
T_05_05_1_1_02,Q,2021,3,Canton,house_existing,existing,all,0,166.0,CHF_per_object,0000,1630000.0,2107000.0,3490000.0
T_05_05_1_1_02,Q,2021,4,Canton,house_existing,existing,all,0,162.0,CHF_per_object,0000,1670000.0,2195000.0,3100000.0
T_05_05_1_1_02,Q,2022,1,Canton,house_existing,existing,all,0,122.0,CHF_per_object,0000,1680000.0,2215000.0,3060000.0
T_05_05_1_1_02,Q,2022,2,Canton,house_existing,existing,all,0,151.0,CHF_per_object,0000,1676000.0,2250000.0,3670000.0
T_05_05_1_1_02,Q,2022,3,Canton,house_existing,existing,all,0,137.0,CHF_per_object,0000,1700000.0,2250000.0,3524000.0
T_05_05_1_1_02,Q,2022,4,Canton,house_existing,existing,all,0,143.0,CHF_per_object,0000,1625000.0,2050000.0,2758000.0
T_05_05_1_1_02,Q,2023,1,Canton,house_existing,existing,all,0,118.0,CHF_per_object,0000,1615000.0,2275000.0,4140000.0
T_05_05_1_1_02,Q,2023,2,Canton,house_existing,existing,all,0,157.0,CHF_per_object,0000,1700000.0,2162000.0,2900000.0
T_05_05_1_1_02,Q,2023,3,Canton,house_existing,existing,all,0,154.0,CHF_per_object,0000,1662000.0,2178000.0,3000000.0
T_05_05_1_1_02,Q,2023,4,Canton,house_existing,existing,all,0,156.0,CHF_per_object,0000,1506000.0,2295000.0,3325000.0
T_05_05_1_1_02,Q,2024,1,Canton,house_existing,existing,all,0,104.0,CHF_per_object,0000,1633000.0,2113000.0,3300000.0
T_05_05_1_1_02,Q,2024,2,Canton,house_existing,existing,all,0,153.0,CHF_per_object,0000,1650000.0,2150000.0,3011000.0
T_05_05_1_1_02,Q,2024,3,Canton,house_existing,existing,all,0,158.0,CHF_per_object,0000,1735000.0,2155000.0,3380000.0
T_05_05_1_1_02,Q,2024,4,Canton,house_existing,existing,all,0,161.0,CHF_per_object,0000,1750000.0,2290000.0,3350000.0
T_05_05_1_1_02,Q,2025,1,Canton,house_existing,existing,all,1,84.0,CHF_per_object,0000,1695000.0,2173000.0,3871000.0
T_05_05_1_1_02,Q,2025,2,Canton,house_existing,existing,all,1,163.0,CHF_per_object,0000,1600000.0,2145000.0,3800000.0
T_05_05_1_1_02,Q,2025,3,Canton,house_existing,existing,all,1,163.0,CHF_per_object,0000,1680000.0,2350000.0,3550000.0
T_05_05_1_1_02,Q,2025,4,Canton,house_existing,existing,all,1,142.0,CHF_per_object,0000,1600000.0,2225000.0,3375000.0
T_05_05_1_1_02,Q,2026,1,Canton,house_existing,existing,all,1,123.0,CHF_per_object,0000,1490000.0,2100000.0,3500000.0
T_05_05_1_1_02,Q,2026,2,Canton,house_existing,existing,all,1,109.0,CHF_per_object,0000,1590000.0,2100000.0,3200000.0
T_05_05_1_1_02,Q,2026,3,Canton,house_existing,existing,all,1,,CHF_per_object,0000,,,
T_05_05_1_1_02,Q,2026,4,Canton,house_existing,existing,all,1,,CHF_per_object,0000,,,
T_05_05_1_1_02,Q,2007,1,Canton,ppe_existing,existing,libre,0,143.0,CHF_per_object,0000,520000.0,700000.0,1100000.0
T_05_05_1_1_02,Q,2007,2,Canton,ppe_existing,existing,libre,0,181.0,CHF_per_object,0000,440000.0,700000.0,925000.0
T_05_05_1_1_02,Q,2007,3,Canton,ppe_existing,existing,libre,0,181.0,CHF_per_object,0000,360000.0,580000.0,940000.0
T_05_05_1_1_02,Q,2007,4,Canton,ppe_existing,existing,libre,0,267.0,CHF_per_object,0000,336000.0,651000.0,1050000.0
T_05_05_1_1_02,Q,2008,1,Canton,ppe_existing,existing,libre,0,152.0,CHF_per_object,0000,413000.0,695000.0,1040000.0
T_05_05_1_1_02,Q,2008,2,Canton,ppe_existing,existing,libre,0,190.0,CHF_per_object,0000,430000.0,730000.0,1200000.0
T_05_05_1_1_02,Q,2008,3,Canton,ppe_existing,existing,libre,0,158.0,CHF_per_object,0000,532000.0,838000.0,1100000.0
T_05_05_1_1_02,Q,2008,4,Canton,ppe_existing,existing,libre,0,172.0,CHF_per_object,0000,550000.0,936000.0,1354000.0
T_05_05_1_1_02,Q,2009,1,Canton,ppe_existing,existing,libre,0,154.0,CHF_per_object,0000,400000.0,600000.0,914000.0
T_05_05_1_1_02,Q,2009,2,Canton,ppe_existing,existing,libre,0,172.0,CHF_per_object,0000,520000.0,840000.0,1333000.0
T_05_05_1_1_02,Q,2009,3,Canton,ppe_existing,existing,libre,0,176.0,CHF_per_object,0000,430000.0,800000.0,1150000.0
T_05_05_1_1_02,Q,2009,4,Canton,ppe_existing,existing,libre,0,177.0,CHF_per_object,0000,535000.0,920000.0,1355000.0
T_05_05_1_1_02,Q,2010,1,Canton,ppe_existing,existing,libre,0,175.0,CHF_per_object,0000,536000.0,920000.0,1350000.0
T_05_05_1_1_02,Q,2010,2,Canton,ppe_existing,existing,libre,0,164.0,CHF_per_object,0000,598000.0,1000000.0,1500000.0
T_05_05_1_1_02,Q,2010,3,Canton,ppe_existing,existing,libre,0,160.0,CHF_per_object,0000,550000.0,890000.0,1460000.0
T_05_05_1_1_02,Q,2010,4,Canton,ppe_existing,existing,libre,0,153.0,CHF_per_object,0000,600000.0,920000.0,1490000.0
T_05_05_1_1_02,Q,2011,1,Canton,ppe_existing,existing,libre,0,146.0,CHF_per_object,0000,600000.0,970000.0,1400000.0
T_05_05_1_1_02,Q,2011,2,Canton,ppe_existing,existing,libre,0,180.0,CHF_per_object,0000,665000.0,1050000.0,1619000.0
T_05_05_1_1_02,Q,2011,3,Canton,ppe_existing,existing,libre,0,141.0,CHF_per_object,0000,750000.0,1120000.0,1723000.0
T_05_05_1_1_02,Q,2011,4,Canton,ppe_existing,existing,libre,0,165.0,CHF_per_object,0000,593000.0,950000.0,1500000.0
T_05_05_1_1_02,Q,2012,1,Canton,ppe_existing,existing,libre,0,137.0,CHF_per_object,0000,632000.0,1085000.0,1665000.0
T_05_05_1_1_02,Q,2012,2,Canton,ppe_existing,existing,libre,0,166.0,CHF_per_object,0000,750000.0,1113000.0,1731000.0
T_05_05_1_1_02,Q,2012,3,Canton,ppe_existing,existing,libre,0,137.0,CHF_per_object,0000,800000.0,1200000.0,1900000.0
T_05_05_1_1_02,Q,2012,4,Canton,ppe_existing,existing,libre,0,167.0,CHF_per_object,0000,580000.0,1010000.0,1450000.0
T_05_05_1_1_02,Q,2013,1,Canton,ppe_existing,existing,libre,0,118.0,CHF_per_object,0000,700000.0,1150000.0,1550000.0
T_05_05_1_1_02,Q,2013,2,Canton,ppe_existing,existing,libre,0,124.0,CHF_per_object,0000,775000.0,1023000.0,1466000.0
T_05_05_1_1_02,Q,2013,3,Canton,ppe_existing,existing,libre,0,140.0,CHF_per_object,0000,750000.0,1078000.0,1400000.0
T_05_05_1_1_02,Q,2013,4,Canton,ppe_existing,existing,libre,0,147.0,CHF_per_object,0000,650000.0,1000000.0,1315000.0
T_05_05_1_1_02,Q,2014,1,Canton,ppe_existing,existing,libre,0,112.0,CHF_per_object,0000,680000.0,1020000.0,1537000.0
T_05_05_1_1_02,Q,2014,2,Canton,ppe_existing,existing,libre,0,141.0,CHF_per_object,0000,645000.0,965000.0,1325000.0
T_05_05_1_1_02,Q,2014,3,Canton,ppe_existing,existing,libre,0,149.0,CHF_per_object,0000,620000.0,1003000.0,1511000.0
T_05_05_1_1_02,Q,2014,4,Canton,ppe_existing,existing,libre,0,153.0,CHF_per_object,0000,730000.0,1040000.0,1275000.0
T_05_05_1_1_02,Q,2015,1,Canton,ppe_existing,existing,libre,0,158.0,CHF_per_object,0000,745000.0,1002000.0,1400000.0
T_05_05_1_1_02,Q,2015,2,Canton,ppe_existing,existing,libre,0,153.0,CHF_per_object,0000,686000.0,980000.0,1433000.0
T_05_05_1_1_02,Q,2015,3,Canton,ppe_existing,existing,libre,0,136.0,CHF_per_object,0000,840000.0,1158000.0,1620000.0
T_05_05_1_1_02,Q,2015,4,Canton,ppe_existing,existing,libre,0,176.0,CHF_per_object,0000,710000.0,980000.0,1328000.0
T_05_05_1_1_02,Q,2016,1,Canton,ppe_existing,existing,libre,0,142.0,CHF_per_object,0000,720000.0,1075000.0,1460000.0
T_05_05_1_1_02,Q,2016,2,Canton,ppe_existing,existing,libre,0,135.0,CHF_per_object,0000,735000.0,1040000.0,1500000.0
T_05_05_1_1_02,Q,2016,3,Canton,ppe_existing,existing,libre,0,161.0,CHF_per_object,0000,750000.0,1100000.0,1600000.0
T_05_05_1_1_02,Q,2016,4,Canton,ppe_existing,existing,libre,0,177.0,CHF_per_object,0000,600000.0,915000.0,1258000.0
T_05_05_1_1_02,Q,2017,1,Canton,ppe_existing,existing,libre,0,148.0,CHF_per_object,0000,680000.0,1085000.0,1410000.0
T_05_05_1_1_02,Q,2017,2,Canton,ppe_existing,existing,libre,0,142.0,CHF_per_object,0000,850000.0,1095000.0,1455000.0
T_05_05_1_1_02,Q,2017,3,Canton,ppe_existing,existing,libre,0,155.0,CHF_per_object,0000,665000.0,1086000.0,1495000.0
T_05_05_1_1_02,Q,2017,4,Canton,ppe_existing,existing,libre,0,180.0,CHF_per_object,0000,623000.0,970000.0,1445000.0
T_05_05_1_1_02,Q,2018,1,Canton,ppe_existing,existing,libre,0,176.0,CHF_per_object,0000,708000.0,1080000.0,1467000.0
T_05_05_1_1_02,Q,2018,2,Canton,ppe_existing,existing,libre,0,180.0,CHF_per_object,0000,675000.0,951000.0,1478000.0
T_05_05_1_1_02,Q,2018,3,Canton,ppe_existing,existing,libre,0,146.0,CHF_per_object,0000,850000.0,1150000.0,1470000.0
T_05_05_1_1_02,Q,2018,4,Canton,ppe_existing,existing,libre,0,167.0,CHF_per_object,0000,685000.0,990000.0,1506000.0
T_05_05_1_1_02,Q,2019,1,Canton,ppe_existing,existing,libre,0,161.0,CHF_per_object,0000,685000.0,985000.0,1440000.0
T_05_05_1_1_02,Q,2019,2,Canton,ppe_existing,existing,libre,0,214.0,CHF_per_object,0000,740000.0,1109000.0,1500000.0
T_05_05_1_1_02,Q,2019,3,Canton,ppe_existing,existing,libre,0,136.0,CHF_per_object,0000,790000.0,1115000.0,1524000.0
T_05_05_1_1_02,Q,2019,4,Canton,ppe_existing,existing,libre,0,200.0,CHF_per_object,0000,790000.0,1102000.0,1422000.0
T_05_05_1_1_02,Q,2020,1,Canton,ppe_existing,existing,libre,0,194.0,CHF_per_object,0000,880000.0,1204000.0,1700000.0
T_05_05_1_1_02,Q,2020,2,Canton,ppe_existing,existing,libre,0,135.0,CHF_per_object,0000,913000.0,1150000.0,1530000.0
T_05_05_1_1_02,Q,2020,3,Canton,ppe_existing,existing,libre,0,193.0,CHF_per_object,0000,955000.0,1288000.0,1750000.0
T_05_05_1_1_02,Q,2020,4,Canton,ppe_existing,existing,libre,0,212.0,CHF_per_object,0000,850000.0,1180000.0,1695000.0
T_05_05_1_1_02,Q,2021,1,Canton,ppe_existing,existing,libre,0,194.0,CHF_per_object,0000,750000.0,1204000.0,1800000.0
T_05_05_1_1_02,Q,2021,2,Canton,ppe_existing,existing,libre,0,208.0,CHF_per_object,0000,865000.0,1213000.0,1613000.0
T_05_05_1_1_02,Q,2021,3,Canton,ppe_existing,existing,libre,0,190.0,CHF_per_object,0000,1021000.0,1295000.0,1680000.0
T_05_05_1_1_02,Q,2021,4,Canton,ppe_existing,existing,libre,0,245.0,CHF_per_object,0000,960000.0,1262000.0,1750000.0
T_05_05_1_1_02,Q,2022,1,Canton,ppe_existing,existing,libre,0,191.0,CHF_per_object,0000,950000.0,1297000.0,1925000.0
T_05_05_1_1_02,Q,2022,2,Canton,ppe_existing,existing,libre,0,221.0,CHF_per_object,0000,795000.0,1200000.0,1800000.0
T_05_05_1_1_02,Q,2022,3,Canton,ppe_existing,existing,libre,0,182.0,CHF_per_object,0000,802000.0,1267000.0,1780000.0
T_05_05_1_1_02,Q,2022,4,Canton,ppe_existing,existing,libre,0,170.0,CHF_per_object,0000,820000.0,1204000.0,1830000.0
T_05_05_1_1_02,Q,2023,1,Canton,ppe_existing,existing,libre,0,178.0,CHF_per_object,0000,890000.0,1250000.0,1650000.0
T_05_05_1_1_02,Q,2023,2,Canton,ppe_existing,existing,libre,0,202.0,CHF_per_object,0000,900000.0,1259000.0,1854000.0
T_05_05_1_1_02,Q,2023,3,Canton,ppe_existing,existing,libre,0,200.0,CHF_per_object,0000,850000.0,1268000.0,1890000.0
T_05_05_1_1_02,Q,2023,4,Canton,ppe_existing,existing,libre,0,207.0,CHF_per_object,0000,810000.0,1300000.0,1600000.0
T_05_05_1_1_02,Q,2024,1,Canton,ppe_existing,existing,libre,0,201.0,CHF_per_object,0000,870000.0,1290000.0,1750000.0
T_05_05_1_1_02,Q,2024,2,Canton,ppe_existing,existing,libre,0,193.0,CHF_per_object,0000,953000.0,1290000.0,1825000.0
T_05_05_1_1_02,Q,2024,3,Canton,ppe_existing,existing,libre,0,200.0,CHF_per_object,0000,910000.0,1303000.0,1655000.0
T_05_05_1_1_02,Q,2024,4,Canton,ppe_existing,existing,libre,0,234.0,CHF_per_object,0000,950000.0,1329000.0,1735000.0
T_05_05_1_1_02,Q,2025,1,Canton,ppe_existing,existing,libre,1,206.0,CHF_per_object,0000,850000.0,1240000.0,1750000.0
T_05_05_1_1_02,Q,2025,2,Canton,ppe_existing,existing,libre,1,227.0,CHF_per_object,0000,895000.0,1350000.0,1810000.0
T_05_05_1_1_02,Q,2025,3,Canton,ppe_existing,existing,libre,1,198.0,CHF_per_object,0000,970000.0,1360000.0,1850000.0
T_05_05_1_1_02,Q,2025,4,Canton,ppe_existing,existing,libre,1,216.0,CHF_per_object,0000,910000.0,1318000.0,1850000.0
T_05_05_1_1_02,Q,2026,1,Canton,ppe_existing,existing,libre,1,179.0,CHF_per_object,0000,990000.0,1381000.0,2000000.0
T_05_05_1_1_02,Q,2026,2,Canton,ppe_existing,existing,libre,1,156.0,CHF_per_object,0000,983000.0,1397000.0,1898000.0
T_05_05_1_1_02,Q,2026,3,Canton,ppe_existing,existing,libre,1,,CHF_per_object,0000,,,
T_05_05_1_1_02,Q,2026,4,Canton,ppe_existing,existing,libre,1,,CHF_per_object,0000,,,
T_05_05_1_4_03,Y,2024,,Bernex,ppe,new,libre,0,15.0,CHF_per_m2,6607,10706.0,11266.0,11901.0
T_05_05_1_4_03,Y,2024,,Bernex,ppe,existing,libre,0,38.0,CHF_per_m2,6607,7623.0,8704.0,9655.0
T_05_05_1_4_03,Y,2024,,Bernex,ppe,all,libre,0,53.0,CHF_per_m2,6607,8112.0,9602.0,10959.0
T_05_05_1_4_03,Y,2024,,Bernex,ppe,all,zd,0,,CHF_per_m2,6607,,,
T_05_05_1_4_03,Y,2024,,Bernex,ppe,all,all,0,53.0,CHF_per_m2,6607,8112.0,9602.0,10959.0
T_05_05_1_4_03,Y,2024,,Carouge,ppe,new,libre,0,8.0,CHF_per_m2,6608,,,
T_05_05_1_4_03,Y,2024,,Carouge,ppe,existing,libre,0,20.0,CHF_per_m2,6608,11049.0,12440.0,13981.0
T_05_05_1_4_03,Y,2024,,Carouge,ppe,all,libre,0,28.0,CHF_per_m2,6608,11259.0,12718.0,14028.0
T_05_05_1_4_03,Y,2024,,Carouge,ppe,all,zd,0,16.0,CHF_per_m2,6608,7236.0,7606.0,8491.0
T_05_05_1_4_03,Y,2024,,Carouge,ppe,all,all,0,44.0,CHF_per_m2,6608,7796.0,11141.0,13104.0
T_05_05_1_4_03,Y,2024,,Chêne-Bougeries,ppe,new,libre,0,5.0,CHF_per_m2,6612,,,
T_05_05_1_4_03,Y,2024,,Chêne-Bougeries,ppe,existing,libre,0,36.0,CHF_per_m2,6612,10463.0,12013.0,13520.0
T_05_05_1_4_03,Y,2024,,Chêne-Bougeries,ppe,all,libre,0,41.0,CHF_per_m2,6612,10515.0,12376.0,14813.0
T_05_05_1_4_03,Y,2024,,Chêne-Bougeries,ppe,all,zd,0,35.0,CHF_per_m2,6612,7108.0,7495.0,7898.0
T_05_05_1_4_03,Y,2024,,Chêne-Bougeries,ppe,all,all,0,76.0,CHF_per_m2,6612,7504.0,9197.0,12821.0
T_05_05_1_4_03,Y,2024,,Cologny,ppe,new,libre,0,12.0,CHF_per_m2,6617,14324.0,15647.0,16460.0
T_05_05_1_4_03,Y,2024,,Cologny,ppe,existing,libre,0,43.0,CHF_per_m2,6617,11569.0,12279.0,14136.0
T_05_05_1_4_03,Y,2024,,Cologny,ppe,all,libre,0,55.0,CHF_per_m2,6617,11808.0,13436.0,15539.0
T_05_05_1_4_03,Y,2024,,Cologny,ppe,all,zd,0,,CHF_per_m2,6617,,,
T_05_05_1_4_03,Y,2024,,Cologny,ppe,all,all,0,55.0,CHF_per_m2,6617,11808.0,13436.0,15539.0
T_05_05_1_4_03,Y,2024,,Genève,ppe,new,libre,0,27.0,CHF_per_m2,6621,12899.0,14789.0,17585.0
T_05_05_1_4_03,Y,2024,,Genève,ppe,existing,libre,0,330.0,CHF_per_m2,6621,11200.0,12597.0,14545.0
T_05_05_1_4_03,Y,2024,,Genève,ppe,all,libre,0,357.0,CHF_per_m2,6621,11311.0,12796.0,14718.0
T_05_05_1_4_03,Y,2024,,Genève,ppe,all,zd,0,48.0,CHF_per_m2,6621,5930.0,6398.0,6783.0
T_05_05_1_4_03,Y,2024,,Genève,ppe,all,all,0,405.0,CHF_per_m2,6621,10503.0,12443.0,14377.0
T_05_05_1_4_03,Y,2024,,Grand-Saconnex,ppe,new,libre,0,,CHF_per_m2,6623,,,
T_05_05_1_4_03,Y,2024,,Grand-Saconnex,ppe,existing,libre,0,17.0,CHF_per_m2,6623,10000.0,11075.0,11340.0
T_05_05_1_4_03,Y,2024,,Grand-Saconnex,ppe,all,libre,0,17.0,CHF_per_m2,6623,10000.0,11075.0,11340.0
T_05_05_1_4_03,Y,2024,,Grand-Saconnex,ppe,all,zd,0,,CHF_per_m2,6623,,,
T_05_05_1_4_03,Y,2024,,Grand-Saconnex,ppe,all,all,0,17.0,CHF_per_m2,6623,10000.0,11075.0,11340.0
T_05_05_1_4_03,Y,2024,,Lancy,ppe,new,libre,0,3.0,CHF_per_m2,6628,,,
T_05_05_1_4_03,Y,2024,,Lancy,ppe,existing,libre,0,59.0,CHF_per_m2,6628,9073.0,9760.0,10656.0
T_05_05_1_4_03,Y,2024,,Lancy,ppe,all,libre,0,62.0,CHF_per_m2,6628,9130.0,9741.0,10580.0
T_05_05_1_4_03,Y,2024,,Lancy,ppe,all,zd,0,9.0,CHF_per_m2,6628,,,
T_05_05_1_4_03,Y,2024,,Lancy,ppe,all,all,0,71.0,CHF_per_m2,6628,8759.0,9628.0,10516.0
T_05_05_1_4_03,Y,2024,,Meyrin,ppe,new,libre,0,11.0,CHF_per_m2,6630,8333.0,10474.0,11615.0
T_05_05_1_4_03,Y,2024,,Meyrin,ppe,existing,libre,0,28.0,CHF_per_m2,6630,7579.0,8727.0,9240.0
T_05_05_1_4_03,Y,2024,,Meyrin,ppe,all,libre,0,39.0,CHF_per_m2,6630,7658.0,8857.0,10289.0
T_05_05_1_4_03,Y,2024,,Meyrin,ppe,all,zd,0,,CHF_per_m2,6630,,,
T_05_05_1_4_03,Y,2024,,Meyrin,ppe,all,all,0,39.0,CHF_per_m2,6630,7658.0,8857.0,10289.0
T_05_05_1_4_03,Y,2024,,Plan-les-Ouates,ppe,new,libre,0,4.0,CHF_per_m2,6633,,,
T_05_05_1_4_03,Y,2024,,Plan-les-Ouates,ppe,existing,libre,0,12.0,CHF_per_m2,6633,8040.0,9165.0,10138.0
T_05_05_1_4_03,Y,2024,,Plan-les-Ouates,ppe,all,libre,0,16.0,CHF_per_m2,6633,8040.0,9365.0,10471.0
T_05_05_1_4_03,Y,2024,,Plan-les-Ouates,ppe,all,zd,0,,CHF_per_m2,6633,,,
T_05_05_1_4_03,Y,2024,,Plan-les-Ouates,ppe,all,all,0,16.0,CHF_per_m2,6633,8040.0,9365.0,10471.0
T_05_05_1_4_03,Y,2024,,Thônex,ppe,new,libre,0,43.0,CHF_per_m2,6640,9735.0,10563.0,11000.0
T_05_05_1_4_03,Y,2024,,Thônex,ppe,existing,libre,0,37.0,CHF_per_m2,6640,8207.0,9037.0,9649.0
T_05_05_1_4_03,Y,2024,,Thônex,ppe,all,libre,0,80.0,CHF_per_m2,6640,8411.0,9853.0,10569.0
T_05_05_1_4_03,Y,2024,,Thônex,ppe,all,zd,0,3.0,CHF_per_m2,6640,,,
T_05_05_1_4_03,Y,2024,,Thônex,ppe,all,all,0,83.0,CHF_per_m2,6640,8371.0,9735.0,10563.0
T_05_05_1_4_03,Y,2024,,Vernier,ppe,new,libre,0,5.0,CHF_per_m2,6643,,,
T_05_05_1_4_03,Y,2024,,Vernier,ppe,existing,libre,0,17.0,CHF_per_m2,6643,5810.0,7182.0,8019.0
T_05_05_1_4_03,Y,2024,,Vernier,ppe,all,libre,0,22.0,CHF_per_m2,6643,6343.0,7776.0,9197.0
T_05_05_1_4_03,Y,2024,,Vernier,ppe,all,zd,0,1.0,CHF_per_m2,6643,,,
T_05_05_1_4_03,Y,2024,,Vernier,ppe,all,all,0,23.0,CHF_per_m2,6643,6343.0,7925.0,9197.0
T_05_05_1_4_03,Y,2024,,Versoix,ppe,new,libre,0,,CHF_per_m2,6644,,,
T_05_05_1_4_03,Y,2024,,Versoix,ppe,existing,libre,0,22.0,CHF_per_m2,6644,8018.0,9222.0,10667.0
T_05_05_1_4_03,Y,2024,,Versoix,ppe,all,libre,0,22.0,CHF_per_m2,6644,8018.0,9222.0,10667.0
T_05_05_1_4_03,Y,2024,,Versoix,ppe,all,zd,0,2.0,CHF_per_m2,6644,,,
T_05_05_1_4_03,Y,2024,,Versoix,ppe,all,all,0,24.0,CHF_per_m2,6644,7647.0,9111.0,10309.0
T_05_05_1_4_03,Y,2024,,Veyrier,ppe,new,libre,0,9.0,CHF_per_m2,6645,,,
T_05_05_1_4_03,Y,2024,,Veyrier,ppe,existing,libre,0,18.0,CHF_per_m2,6645,7839.0,9165.0,10872.0
T_05_05_1_4_03,Y,2024,,Veyrier,ppe,all,libre,0,27.0,CHF_per_m2,6645,8317.0,9947.0,11285.0
T_05_05_1_4_03,Y,2024,,Veyrier,ppe,all,zd,0,,CHF_per_m2,6645,,,
T_05_05_1_4_03,Y,2024,,Veyrier,ppe,all,all,0,27.0,CHF_per_m2,6645,8317.0,9947.0,11285.0
T_05_05_1_4_03,Y,2024,,Autres communes du Sud du canton (3),ppe,new,libre,0,111.0,CHF_per_m2,,9358.0,10000.0,10486.0
T_05_05_1_4_03,Y,2024,,Autres communes du Sud du canton (3),ppe,existing,libre,0,50.0,CHF_per_m2,,8246.0,8818.0,10048.0
T_05_05_1_4_03,Y,2024,,Autres communes du Sud du canton (3),ppe,all,libre,0,161.0,CHF_per_m2,,9000.0,9804.0,10355.0
T_05_05_1_4_03,Y,2024,,Autres communes du Sud du canton (3),ppe,all,zd,0,17.0,CHF_per_m2,,6460.0,6647.0,7279.0
T_05_05_1_4_03,Y,2024,,Autres communes du Sud du canton (3),ppe,all,all,0,178.0,CHF_per_m2,,8565.0,9682.0,10335.0
T_05_05_1_4_03,Y,2024,,Autres communes du Nord du canton / rive droite du lac (4),ppe,new,libre,0,7.0,CHF_per_m2,,,,
T_05_05_1_4_03,Y,2024,,Autres communes du Nord du canton / rive droite du lac (4),ppe,existing,libre,0,15.0,CHF_per_m2,,7353.0,8312.0,10092.0
T_05_05_1_4_03,Y,2024,,Autres communes du Nord du canton / rive droite du lac (4),ppe,all,libre,0,22.0,CHF_per_m2,,7468.0,9136.0,10333.0
T_05_05_1_4_03,Y,2024,,Autres communes du Nord du canton / rive droite du lac (4),ppe,all,zd,0,,CHF_per_m2,,,,
T_05_05_1_4_03,Y,2024,,Autres communes du Nord du canton / rive droite du lac (4),ppe,all,all,0,22.0,CHF_per_m2,,7468.0,9136.0,10333.0
T_05_05_1_4_03,Y,2024,,Autres communes de la rive gauche du lac (5),ppe,new,libre,0,36.0,CHF_per_m2,,10561.0,12530.0,14622.0
T_05_05_1_4_03,Y,2024,,Autres communes de la rive gauche du lac (5),ppe,existing,libre,0,30.0,CHF_per_m2,,8898.0,12154.0,13667.0
T_05_05_1_4_03,Y,2024,,Autres communes de la rive gauche du lac (5),ppe,all,libre,0,66.0,CHF_per_m2,,10107.0,12450.0,14372.0
T_05_05_1_4_03,Y,2024,,Autres communes de la rive gauche du lac (5),ppe,all,zd,0,,CHF_per_m2,,,,
T_05_05_1_4_03,Y,2024,,Autres communes de la rive gauche du lac (5),ppe,all,all,0,66.0,CHF_per_m2,,10107.0,12450.0,14372.0
T_05_05_1_4_03,Y,2024,,Autres communes de l'Est du canton (6),ppe,new,libre,0,52.0,CHF_per_m2,,9287.0,9739.0,10531.0
T_05_05_1_4_03,Y,2024,,Autres communes de l'Est du canton (6),ppe,existing,libre,0,25.0,CHF_per_m2,,8341.0,9020.0,10493.0
T_05_05_1_4_03,Y,2024,,Autres communes de l'Est du canton (6),ppe,all,libre,0,77.0,CHF_per_m2,,9027.0,9643.0,10493.0
T_05_05_1_4_03,Y,2024,,Autres communes de l'Est du canton (6),ppe,all,zd,0,2.0,CHF_per_m2,,,,
T_05_05_1_4_03,Y,2024,,Autres communes de l'Est du canton (6),ppe,all,all,0,79.0,CHF_per_m2,,9020.0,9569.0,10493.0
T_05_05_1_4_03,Y,2024,,Autres communes de l'Ouest du canton (7),ppe,new,libre,0,47.0,CHF_per_m2,,8054.0,8691.0,9592.0
T_05_05_1_4_03,Y,2024,,Autres communes de l'Ouest du canton (7),ppe,existing,libre,0,31.0,CHF_per_m2,,7321.0,8309.0,8881.0
T_05_05_1_4_03,Y,2024,,Autres communes de l'Ouest du canton (7),ppe,all,libre,0,78.0,CHF_per_m2,,7767.0,8517.0,9299.0
T_05_05_1_4_03,Y,2024,,Autres communes de l'Ouest du canton (7),ppe,all,zd,0,1.0,CHF_per_m2,,,,
T_05_05_1_4_03,Y,2024,,Autres communes de l'Ouest du canton (7),ppe,all,all,0,79.0,CHF_per_m2,,7767.0,8535.0,9363.0
T_05_05_1_4_03,Y,2024,,Canton,ppe,new,libre,0,395.0,CHF_per_m2,0000,9340.0,10284.0,11615.0
T_05_05_1_4_03,Y,2024,,Canton,ppe,existing,libre,0,828.0,CHF_per_m2,0000,8983.0,10853.0,12881.0
T_05_05_1_4_03,Y,2024,,Canton,ppe,all,libre,0,1223.0,CHF_per_m2,0000,9145.0,10559.0,12540.0
T_05_05_1_4_03,Y,2024,,Canton,ppe,all,zd,0,134.0,CHF_per_m2,0000,6404.0,7041.0,7637.0
T_05_05_1_4_03,Y,2024,,Canton,ppe,all,all,0,1357.0,CHF_per_m2,0000,8649.0,10284.0,12296.0
T_05_05_1_4_03,Y,2023,,Bernex,ppe,new,libre,0,3.0,CHF_per_m2,6607,,,
T_05_05_1_4_03,Y,2023,,Bernex,ppe,existing,libre,0,28.0,CHF_per_m2,6607,7535.0,8582.0,9336.0
T_05_05_1_4_03,Y,2023,,Bernex,ppe,all,libre,0,31.0,CHF_per_m2,6607,7505.0,8796.0,9529.0
T_05_05_1_4_03,Y,2023,,Bernex,ppe,all,zd,0,98.0,CHF_per_m2,6607,4777.0,5142.0,6236.0
T_05_05_1_4_03,Y,2023,,Bernex,ppe,all,all,0,129.0,CHF_per_m2,6607,4837.0,5596.0,6606.0
T_05_05_1_4_03,Y,2023,,Carouge,ppe,new,libre,0,,CHF_per_m2,6608,,,
T_05_05_1_4_03,Y,2023,,Carouge,ppe,existing,libre,0,20.0,CHF_per_m2,6608,9632.0,10734.0,12840.0
T_05_05_1_4_03,Y,2023,,Carouge,ppe,all,libre,0,20.0,CHF_per_m2,6608,9632.0,10734.0,12840.0
T_05_05_1_4_03,Y,2023,,Carouge,ppe,all,zd,0,,CHF_per_m2,6608,,,
T_05_05_1_4_03,Y,2023,,Carouge,ppe,all,all,0,20.0,CHF_per_m2,6608,9632.0,10734.0,12840.0
T_05_05_1_4_03,Y,2023,,Chêne-Bougeries,ppe,new,libre,0,16.0,CHF_per_m2,6612,14932.0,16473.0,18086.0
T_05_05_1_4_03,Y,2023,,Chêne-Bougeries,ppe,existing,libre,0,32.0,CHF_per_m2,6612,9558.0,11114.0,12708.0
T_05_05_1_4_03,Y,2023,,Chêne-Bougeries,ppe,all,libre,0,48.0,CHF_per_m2,6612,10487.0,12708.0,15332.0
T_05_05_1_4_03,Y,2023,,Chêne-Bougeries,ppe,all,zd,0,86.0,CHF_per_m2,6612,7122.0,7631.0,8180.0
T_05_05_1_4_03,Y,2023,,Chêne-Bougeries,ppe,all,all,0,134.0,CHF_per_m2,6612,7414.0,8176.0,10997.0
T_05_05_1_4_03,Y,2023,,Cologny,ppe,new,libre,0,,CHF_per_m2,6617,,,
T_05_05_1_4_03,Y,2023,,Cologny,ppe,existing,libre,0,30.0,CHF_per_m2,6617,11402.0,12777.0,14865.0
T_05_05_1_4_03,Y,2023,,Cologny,ppe,all,libre,0,30.0,CHF_per_m2,6617,11402.0,12777.0,14865.0
T_05_05_1_4_03,Y,2023,,Cologny,ppe,all,zd,0,,CHF_per_m2,6617,,,
T_05_05_1_4_03,Y,2023,,Cologny,ppe,all,all,0,30.0,CHF_per_m2,6617,11402.0,12777.0,14865.0
T_05_05_1_4_03,Y,2023,,Genève,ppe,new,libre,0,25.0,CHF_per_m2,6621,10664.0,12014.0,12577.0
T_05_05_1_4_03,Y,2023,,Genève,ppe,existing,libre,0,316.0,CHF_per_m2,6621,11230.0,12951.0,14574.0
T_05_05_1_4_03,Y,2023,,Genève,ppe,all,libre,0,341.0,CHF_per_m2,6621,11188.0,12823.0,14425.0
T_05_05_1_4_03,Y,2023,,Genève,ppe,all,zd,0,79.0,CHF_per_m2,6621,5766.0,6281.0,6745.0
T_05_05_1_4_03,Y,2023,,Genève,ppe,all,all,0,420.0,CHF_per_m2,6621,9077.0,12158.0,13958.0
T_05_05_1_4_03,Y,2023,,Grand-Saconnex,ppe,new,libre,0,,CHF_per_m2,6623,,,
T_05_05_1_4_03,Y,2023,,Grand-Saconnex,ppe,existing,libre,0,26.0,CHF_per_m2,6623,9148.0,10295.0,10927.0
T_05_05_1_4_03,Y,2023,,Grand-Saconnex,ppe,all,libre,0,26.0,CHF_per_m2,6623,9148.0,10295.0,10927.0
T_05_05_1_4_03,Y,2023,,Grand-Saconnex,ppe,all,zd,0,,CHF_per_m2,6623,,,
T_05_05_1_4_03,Y,2023,,Grand-Saconnex,ppe,all,all,0,26.0,CHF_per_m2,6623,9148.0,10295.0,10927.0
T_05_05_1_4_03,Y,2023,,Lancy,ppe,new,libre,0,2.0,CHF_per_m2,6628,,,
T_05_05_1_4_03,Y,2023,,Lancy,ppe,existing,libre,0,34.0,CHF_per_m2,6628,8548.0,9863.0,10958.0
T_05_05_1_4_03,Y,2023,,Lancy,ppe,all,libre,0,36.0,CHF_per_m2,6628,8571.0,9948.0,11078.0
T_05_05_1_4_03,Y,2023,,Lancy,ppe,all,zd,0,59.0,CHF_per_m2,6628,6534.0,6696.0,8003.0
T_05_05_1_4_03,Y,2023,,Lancy,ppe,all,all,0,95.0,CHF_per_m2,6628,6614.0,7928.0,9426.0
T_05_05_1_4_03,Y,2023,,Meyrin,ppe,new,libre,0,7.0,CHF_per_m2,6630,,,
T_05_05_1_4_03,Y,2023,,Meyrin,ppe,existing,libre,0,21.0,CHF_per_m2,6630,7500.0,8187.0,8844.0
T_05_05_1_4_03,Y,2023,,Meyrin,ppe,all,libre,0,28.0,CHF_per_m2,6630,7813.0,8383.0,9254.0
T_05_05_1_4_03,Y,2023,,Meyrin,ppe,all,zd,0,1.0,CHF_per_m2,6630,,,
T_05_05_1_4_03,Y,2023,,Meyrin,ppe,all,all,0,29.0,CHF_per_m2,6630,7702.0,8187.0,9249.0
T_05_05_1_4_03,Y,2023,,Plan-les-Ouates,ppe,new,libre,0,3.0,CHF_per_m2,6633,,,
T_05_05_1_4_03,Y,2023,,Plan-les-Ouates,ppe,existing,libre,0,16.0,CHF_per_m2,6633,8786.0,9725.0,10602.0
T_05_05_1_4_03,Y,2023,,Plan-les-Ouates,ppe,all,libre,0,19.0,CHF_per_m2,6633,8772.0,9376.0,10502.0
T_05_05_1_4_03,Y,2023,,Plan-les-Ouates,ppe,all,zd,0,,CHF_per_m2,6633,,,
T_05_05_1_4_03,Y,2023,,Plan-les-Ouates,ppe,all,all,0,19.0,CHF_per_m2,6633,8772.0,9376.0,10502.0
T_05_05_1_4_03,Y,2023,,Thônex,ppe,new,libre,0,6.0,CHF_per_m2,6640,,,
T_05_05_1_4_03,Y,2023,,Thônex,ppe,existing,libre,0,26.0,CHF_per_m2,6640,7500.0,8247.0,9075.0
T_05_05_1_4_03,Y,2023,,Thônex,ppe,all,libre,0,32.0,CHF_per_m2,6640,7897.0,8677.0,10345.0
T_05_05_1_4_03,Y,2023,,Thônex,ppe,all,zd,0,1.0,CHF_per_m2,6640,,,
T_05_05_1_4_03,Y,2023,,Thônex,ppe,all,all,0,33.0,CHF_per_m2,6640,7724.0,8673.0,10345.0
T_05_05_1_4_03,Y,2023,,Vernier,ppe,new,libre,0,,CHF_per_m2,6643,,,
T_05_05_1_4_03,Y,2023,,Vernier,ppe,existing,libre,0,39.0,CHF_per_m2,6643,7376.0,8057.0,9714.0
T_05_05_1_4_03,Y,2023,,Vernier,ppe,all,libre,0,39.0,CHF_per_m2,6643,7376.0,8057.0,9714.0
T_05_05_1_4_03,Y,2023,,Vernier,ppe,all,zd,0,49.0,CHF_per_m2,6643,6239.0,6363.0,6573.0
T_05_05_1_4_03,Y,2023,,Vernier,ppe,all,all,0,88.0,CHF_per_m2,6643,6295.0,6585.0,7935.0
T_05_05_1_4_03,Y,2023,,Versoix,ppe,new,libre,0,9.0,CHF_per_m2,6644,,,
T_05_05_1_4_03,Y,2023,,Versoix,ppe,existing,libre,0,24.0,CHF_per_m2,6644,7693.0,8927.0,9604.0
T_05_05_1_4_03,Y,2023,,Versoix,ppe,all,libre,0,33.0,CHF_per_m2,6644,7746.0,9012.0,9916.0
T_05_05_1_4_03,Y,2023,,Versoix,ppe,all,zd,0,16.0,CHF_per_m2,6644,8005.0,8174.0,8399.0
T_05_05_1_4_03,Y,2023,,Versoix,ppe,all,all,0,49.0,CHF_per_m2,6644,7918.0,8439.0,9524.0
T_05_05_1_4_03,Y,2023,,Veyrier,ppe,new,libre,0,31.0,CHF_per_m2,6645,9028.0,11047.0,11962.0
T_05_05_1_4_03,Y,2023,,Veyrier,ppe,existing,libre,0,15.0,CHF_per_m2,6645,8862.0,10560.0,11907.0
T_05_05_1_4_03,Y,2023,,Veyrier,ppe,all,libre,0,46.0,CHF_per_m2,6645,9028.0,10690.0,11907.0
T_05_05_1_4_03,Y,2023,,Veyrier,ppe,all,zd,0,,CHF_per_m2,6645,,,
T_05_05_1_4_03,Y,2023,,Veyrier,ppe,all,all,0,46.0,CHF_per_m2,6645,9028.0,10690.0,11907.0
T_05_05_1_4_03,Y,2023,,Autres communes du Sud du canton (3),ppe,new,libre,0,99.0,CHF_per_m2,,9241.0,9770.0,10233.0
T_05_05_1_4_03,Y,2023,,Autres communes du Sud du canton (3),ppe,existing,libre,0,46.0,CHF_per_m2,,8179.0,9388.0,10373.0
T_05_05_1_4_03,Y,2023,,Autres communes du Sud du canton (3),ppe,all,libre,0,145.0,CHF_per_m2,,9138.0,9628.0,10233.0
T_05_05_1_4_03,Y,2023,,Autres communes du Sud du canton (3),ppe,all,zd,0,,CHF_per_m2,,,,
T_05_05_1_4_03,Y,2023,,Autres communes du Sud du canton (3),ppe,all,all,0,145.0,CHF_per_m2,,9138.0,9628.0,10233.0
T_05_05_1_4_03,Y,2023,,Autres communes du Nord du canton / rive droite du lac (4),ppe,new,libre,0,9.0,CHF_per_m2,,,,
T_05_05_1_4_03,Y,2023,,Autres communes du Nord du canton / rive droite du lac (4),ppe,existing,libre,0,12.0,CHF_per_m2,,8175.0,9677.0,10688.0
T_05_05_1_4_03,Y,2023,,Autres communes du Nord du canton / rive droite du lac (4),ppe,all,libre,0,21.0,CHF_per_m2,,8267.0,10833.0,12411.0
T_05_05_1_4_03,Y,2023,,Autres communes du Nord du canton / rive droite du lac (4),ppe,all,zd,0,,CHF_per_m2,,,,
T_05_05_1_4_03,Y,2023,,Autres communes du Nord du canton / rive droite du lac (4),ppe,all,all,0,21.0,CHF_per_m2,,8267.0,10833.0,12411.0
T_05_05_1_4_03,Y,2023,,Autres communes de la rive gauche du lac (5),ppe,new,libre,0,48.0,CHF_per_m2,,11172.0,11891.0,12796.0
T_05_05_1_4_03,Y,2023,,Autres communes de la rive gauche du lac (5),ppe,existing,libre,0,29.0,CHF_per_m2,,10784.0,12093.0,14162.0
T_05_05_1_4_03,Y,2023,,Autres communes de la rive gauche du lac (5),ppe,all,libre,0,77.0,CHF_per_m2,,11042.0,11965.0,12846.0
T_05_05_1_4_03,Y,2023,,Autres communes de la rive gauche du lac (5),ppe,all,zd,0,,CHF_per_m2,,,,
T_05_05_1_4_03,Y,2023,,Autres communes de la rive gauche du lac (5),ppe,all,all,0,77.0,CHF_per_m2,,11042.0,11965.0,12846.0
T_05_05_1_4_03,Y,2023,,Autres communes de l'Est du canton (6),ppe,new,libre,0,67.0,CHF_per_m2,,8713.0,9879.0,11057.0
T_05_05_1_4_03,Y,2023,,Autres communes de l'Est du canton (6),ppe,existing,libre,0,38.0,CHF_per_m2,,7416.0,7997.0,9984.0
T_05_05_1_4_03,Y,2023,,Autres communes de l'Est du canton (6),ppe,all,libre,0,105.0,CHF_per_m2,,8217.0,9444.0,10532.0
T_05_05_1_4_03,Y,2023,,Autres communes de l'Est du canton (6),ppe,all,zd,0,34.0,CHF_per_m2,,7003.0,7135.0,7332.0
T_05_05_1_4_03,Y,2023,,Autres communes de l'Est du canton (6),ppe,all,all,0,139.0,CHF_per_m2,,7332.0,8679.0,10141.0
T_05_05_1_4_03,Y,2023,,Autres communes de l'Ouest du canton (7),ppe,new,libre,0,76.0,CHF_per_m2,,8983.0,9457.0,9848.0
T_05_05_1_4_03,Y,2023,,Autres communes de l'Ouest du canton (7),ppe,existing,libre,0,35.0,CHF_per_m2,,7128.0,8094.0,9396.0
T_05_05_1_4_03,Y,2023,,Autres communes de l'Ouest du canton (7),ppe,all,libre,0,111.0,CHF_per_m2,,8553.0,9271.0,9700.0
T_05_05_1_4_03,Y,2023,,Autres communes de l'Ouest du canton (7),ppe,all,zd,0,,CHF_per_m2,,,,
T_05_05_1_4_03,Y,2023,,Autres communes de l'Ouest du canton (7),ppe,all,all,0,111.0,CHF_per_m2,,8553.0,9271.0,9700.0
T_05_05_1_4_03,Y,2023,,Canton,ppe,new,libre,0,401.0,CHF_per_m2,0000,9247.0,10050.0,11448.0
T_05_05_1_4_03,Y,2023,,Canton,ppe,existing,libre,0,787.0,CHF_per_m2,0000,8796.0,10592.0,12968.0
T_05_05_1_4_03,Y,2023,,Canton,ppe,all,libre,0,1188.0,CHF_per_m2,0000,9065.0,10352.0,12331.0
T_05_05_1_4_03,Y,2023,,Canton,ppe,all,zd,0,423.0,CHF_per_m2,0000,6014.0,6587.0,7345.0
T_05_05_1_4_03,Y,2023,,Canton,ppe,all,all,0,1611.0,CHF_per_m2,0000,7394.0,9441.0,11543.0
T_05_05_1_4_03,Y,2022,,Bernex,ppe,new,libre,0,8.0,CHF_per_m2,6607,,,
T_05_05_1_4_03,Y,2022,,Bernex,ppe,existing,libre,0,15.0,CHF_per_m2,6607,7432.0,8991.0,10000.0
T_05_05_1_4_03,Y,2022,,Bernex,ppe,all,libre,0,23.0,CHF_per_m2,6607,7992.0,9008.0,10000.0
T_05_05_1_4_03,Y,2022,,Bernex,ppe,all,zd,0,,CHF_per_m2,6607,,,
T_05_05_1_4_03,Y,2022,,Bernex,ppe,all,all,0,23.0,CHF_per_m2,6607,7992.0,9008.0,10000.0
T_05_05_1_4_03,Y,2022,,Carouge,ppe,new,libre,0,3.0,CHF_per_m2,6608,,,
T_05_05_1_4_03,Y,2022,,Carouge,ppe,existing,libre,0,26.0,CHF_per_m2,6608,9788.0,11985.0,13750.0
T_05_05_1_4_03,Y,2022,,Carouge,ppe,all,libre,0,29.0,CHF_per_m2,6608,9627.0,11638.0,13667.0
T_05_05_1_4_03,Y,2022,,Carouge,ppe,all,zd,0,7.0,CHF_per_m2,6608,,,
T_05_05_1_4_03,Y,2022,,Carouge,ppe,all,all,0,36.0,CHF_per_m2,6608,8482.0,10302.0,13215.0
T_05_05_1_4_03,Y,2022,,Chêne-Bougeries,ppe,new,libre,0,50.0,CHF_per_m2,6612,11684.0,12702.0,13796.0
T_05_05_1_4_03,Y,2022,,Chêne-Bougeries,ppe,existing,libre,0,12.0,CHF_per_m2,6612,10661.0,12442.0,14129.0
T_05_05_1_4_03,Y,2022,,Chêne-Bougeries,ppe,all,libre,0,62.0,CHF_per_m2,6612,11535.0,12702.0,13843.0
T_05_05_1_4_03,Y,2022,,Chêne-Bougeries,ppe,all,zd,0,,CHF_per_m2,6612,,,
T_05_05_1_4_03,Y,2022,,Chêne-Bougeries,ppe,all,all,0,62.0,CHF_per_m2,6612,11535.0,12702.0,13843.0
T_05_05_1_4_03,Y,2022,,Cologny,ppe,new,libre,0,29.0,CHF_per_m2,6617,11186.0,12368.0,14445.0
T_05_05_1_4_03,Y,2022,,Cologny,ppe,existing,libre,0,37.0,CHF_per_m2,6617,10945.0,12420.0,14000.0
T_05_05_1_4_03,Y,2022,,Cologny,ppe,all,libre,0,66.0,CHF_per_m2,6617,11130.0,12394.0,14445.0
T_05_05_1_4_03,Y,2022,,Cologny,ppe,all,zd,0,2.0,CHF_per_m2,6617,,,
T_05_05_1_4_03,Y,2022,,Cologny,ppe,all,all,0,68.0,CHF_per_m2,6617,11015.0,12368.0,14223.0
T_05_05_1_4_03,Y,2022,,Genève,ppe,new,libre,0,11.0,CHF_per_m2,6621,11257.0,12005.0,12963.0
T_05_05_1_4_03,Y,2022,,Genève,ppe,existing,libre,0,319.0,CHF_per_m2,6621,10845.0,12871.0,14625.0
T_05_05_1_4_03,Y,2022,,Genève,ppe,all,libre,0,330.0,CHF_per_m2,6621,10854.0,12838.0,14576.0
T_05_05_1_4_03,Y,2022,,Genève,ppe,all,zd,0,26.0,CHF_per_m2,6621,6425.0,6677.0,6896.0
T_05_05_1_4_03,Y,2022,,Genève,ppe,all,all,0,356.0,CHF_per_m2,6621,10111.0,12559.0,14455.0
T_05_05_1_4_03,Y,2022,,Grand-Saconnex,ppe,new,libre,0,1.0,CHF_per_m2,6623,,,
T_05_05_1_4_03,Y,2022,,Grand-Saconnex,ppe,existing,libre,0,14.0,CHF_per_m2,6623,9659.0,10487.0,11473.0
T_05_05_1_4_03,Y,2022,,Grand-Saconnex,ppe,all,libre,0,15.0,CHF_per_m2,6623,9659.0,10554.0,11473.0
T_05_05_1_4_03,Y,2022,,Grand-Saconnex,ppe,all,zd,0,,CHF_per_m2,6623,,,
T_05_05_1_4_03,Y,2022,,Grand-Saconnex,ppe,all,all,0,15.0,CHF_per_m2,6623,9659.0,10554.0,11473.0
T_05_05_1_4_03,Y,2022,,Lancy,ppe,new,libre,0,26.0,CHF_per_m2,6628,10547.0,11021.0,11881.0
T_05_05_1_4_03,Y,2022,,Lancy,ppe,existing,libre,0,48.0,CHF_per_m2,6628,5990.0,9426.0,10304.0
T_05_05_1_4_03,Y,2022,,Lancy,ppe,all,libre,0,74.0,CHF_per_m2,6628,8614.0,10170.0,11050.0
T_05_05_1_4_03,Y,2022,,Lancy,ppe,all,zd,0,32.0,CHF_per_m2,6628,6368.0,7210.0,7803.0
T_05_05_1_4_03,Y,2022,,Lancy,ppe,all,all,0,106.0,CHF_per_m2,6628,6752.0,9039.0,10567.0
T_05_05_1_4_03,Y,2022,,Meyrin,ppe,new,libre,0,4.0,CHF_per_m2,6630,,,
T_05_05_1_4_03,Y,2022,,Meyrin,ppe,existing,libre,0,22.0,CHF_per_m2,6630,7531.0,8341.0,9459.0
T_05_05_1_4_03,Y,2022,,Meyrin,ppe,all,libre,0,26.0,CHF_per_m2,6630,7654.0,8588.0,9464.0
T_05_05_1_4_03,Y,2022,,Meyrin,ppe,all,zd,0,15.0,CHF_per_m2,6630,7044.0,7250.0,7351.0
T_05_05_1_4_03,Y,2022,,Meyrin,ppe,all,all,0,41.0,CHF_per_m2,6630,7172.0,7531.0,9091.0
T_05_05_1_4_03,Y,2022,,Plan-les-Ouates,ppe,new,libre,0,5.0,CHF_per_m2,6633,,,
T_05_05_1_4_03,Y,2022,,Plan-les-Ouates,ppe,existing,libre,0,19.0,CHF_per_m2,6633,8438.0,9387.0,10276.0
T_05_05_1_4_03,Y,2022,,Plan-les-Ouates,ppe,all,libre,0,24.0,CHF_per_m2,6633,8773.0,9597.0,10538.0
T_05_05_1_4_03,Y,2022,,Plan-les-Ouates,ppe,all,zd,0,,CHF_per_m2,6633,,,
T_05_05_1_4_03,Y,2022,,Plan-les-Ouates,ppe,all,all,0,24.0,CHF_per_m2,6633,8773.0,9597.0,10538.0
T_05_05_1_4_03,Y,2022,,Thônex,ppe,new,libre,0,12.0,CHF_per_m2,6640,8316.0,8480.0,8770.0
T_05_05_1_4_03,Y,2022,,Thônex,ppe,existing,libre,0,36.0,CHF_per_m2,6640,7890.0,8893.0,9777.0
T_05_05_1_4_03,Y,2022,,Thônex,ppe,all,libre,0,48.0,CHF_per_m2,6640,8037.0,8606.0,9557.0
T_05_05_1_4_03,Y,2022,,Thônex,ppe,all,zd,0,88.0,CHF_per_m2,6640,6486.0,6783.0,7027.0
T_05_05_1_4_03,Y,2022,,Thônex,ppe,all,all,0,136.0,CHF_per_m2,6640,6701.0,7040.0,8316.0
T_05_05_1_4_03,Y,2022,,Vernier,ppe,new,libre,0,1.0,CHF_per_m2,6643,,,
T_05_05_1_4_03,Y,2022,,Vernier,ppe,existing,libre,0,35.0,CHF_per_m2,6643,7183.0,8247.0,10245.0
T_05_05_1_4_03,Y,2022,,Vernier,ppe,all,libre,0,36.0,CHF_per_m2,6643,7190.0,8212.0,10086.0
T_05_05_1_4_03,Y,2022,,Vernier,ppe,all,zd,0,253.0,CHF_per_m2,6643,6600.0,6849.0,7109.0
T_05_05_1_4_03,Y,2022,,Vernier,ppe,all,all,0,289.0,CHF_per_m2,6643,6620.0,6874.0,7188.0
T_05_05_1_4_03,Y,2022,,Versoix,ppe,new,libre,0,9.0,CHF_per_m2,6644,,,
T_05_05_1_4_03,Y,2022,,Versoix,ppe,existing,libre,0,27.0,CHF_per_m2,6644,8289.0,8817.0,10110.0
T_05_05_1_4_03,Y,2022,,Versoix,ppe,all,libre,0,36.0,CHF_per_m2,6644,8393.0,9466.0,10243.0
T_05_05_1_4_03,Y,2022,,Versoix,ppe,all,zd,0,,CHF_per_m2,6644,,,
T_05_05_1_4_03,Y,2022,,Versoix,ppe,all,all,0,36.0,CHF_per_m2,6644,8393.0,9466.0,10243.0
T_05_05_1_4_03,Y,2022,,Veyrier,ppe,new,libre,0,25.0,CHF_per_m2,6645,9146.0,10088.0,11746.0
T_05_05_1_4_03,Y,2022,,Veyrier,ppe,existing,libre,0,21.0,CHF_per_m2,6645,8957.0,10219.0,11413.0
T_05_05_1_4_03,Y,2022,,Veyrier,ppe,all,libre,0,46.0,CHF_per_m2,6645,9019.0,10153.0,11579.0
T_05_05_1_4_03,Y,2022,,Veyrier,ppe,all,zd,0,,CHF_per_m2,6645,,,
T_05_05_1_4_03,Y,2022,,Veyrier,ppe,all,all,0,46.0,CHF_per_m2,6645,9019.0,10153.0,11579.0
T_05_05_1_4_03,Y,2022,,Autres communes du Sud du canton (3),ppe,new,libre,0,11.0,CHF_per_m2,,8797.0,9984.0,10455.0
T_05_05_1_4_03,Y,2022,,Autres communes du Sud du canton (3),ppe,existing,libre,0,40.0,CHF_per_m2,,7437.0,8537.0,9483.0
T_05_05_1_4_03,Y,2022,,Autres communes du Sud du canton (3),ppe,all,libre,0,51.0,CHF_per_m2,,7606.0,8797.0,9984.0
T_05_05_1_4_03,Y,2022,,Autres communes du Sud du canton (3),ppe,all,zd,0,,CHF_per_m2,,,,
T_05_05_1_4_03,Y,2022,,Autres communes du Sud du canton (3),ppe,all,all,0,51.0,CHF_per_m2,,7606.0,8797.0,9984.0
T_05_05_1_4_03,Y,2022,,Autres communes du Nord du canton / rive droite du lac (4),ppe,new,libre,0,20.0,CHF_per_m2,,8903.0,10632.0,12420.0
T_05_05_1_4_03,Y,2022,,Autres communes du Nord du canton / rive droite du lac (4),ppe,existing,libre,0,9.0,CHF_per_m2,,,,
T_05_05_1_4_03,Y,2022,,Autres communes du Nord du canton / rive droite du lac (4),ppe,all,libre,0,29.0,CHF_per_m2,,8594.0,9412.0,12036.0
T_05_05_1_4_03,Y,2022,,Autres communes du Nord du canton / rive droite du lac (4),ppe,all,zd,0,,CHF_per_m2,,,,
T_05_05_1_4_03,Y,2022,,Autres communes du Nord du canton / rive droite du lac (4),ppe,all,all,0,29.0,CHF_per_m2,,8594.0,9412.0,12036.0
T_05_05_1_4_03,Y,2022,,Autres communes de la rive gauche du lac (5),ppe,new,libre,0,121.0,CHF_per_m2,,9836.0,11229.0,12500.0
T_05_05_1_4_03,Y,2022,,Autres communes de la rive gauche du lac (5),ppe,existing,libre,0,25.0,CHF_per_m2,,8537.0,10337.0,12759.0
T_05_05_1_4_03,Y,2022,,Autres communes de la rive gauche du lac (5),ppe,all,libre,0,146.0,CHF_per_m2,,9218.0,11128.0,12524.0
T_05_05_1_4_03,Y,2022,,Autres communes de la rive gauche du lac (5),ppe,all,zd,0,,CHF_per_m2,,,,
T_05_05_1_4_03,Y,2022,,Autres communes de la rive gauche du lac (5),ppe,all,all,0,146.0,CHF_per_m2,,9218.0,11128.0,12524.0
T_05_05_1_4_03,Y,2022,,Autres communes de l'Est du canton (6),ppe,new,libre,0,9.0,CHF_per_m2,,,,
T_05_05_1_4_03,Y,2022,,Autres communes de l'Est du canton (6),ppe,existing,libre,0,29.0,CHF_per_m2,,7799.0,8525.0,9259.0
T_05_05_1_4_03,Y,2022,,Autres communes de l'Est du canton (6),ppe,all,libre,0,38.0,CHF_per_m2,,7424.0,8488.0,9259.0
T_05_05_1_4_03,Y,2022,,Autres communes de l'Est du canton (6),ppe,all,zd,0,9.0,CHF_per_m2,,,,
T_05_05_1_4_03,Y,2022,,Autres communes de l'Est du canton (6),ppe,all,all,0,47.0,CHF_per_m2,,6557.0,8257.0,9019.0
T_05_05_1_4_03,Y,2022,,Autres communes de l'Ouest du canton (7),ppe,new,libre,0,11.0,CHF_per_m2,,7507.0,8143.0,9455.0
T_05_05_1_4_03,Y,2022,,Autres communes de l'Ouest du canton (7),ppe,existing,libre,0,30.0,CHF_per_m2,,6403.0,7536.0,8561.0
T_05_05_1_4_03,Y,2022,,Autres communes de l'Ouest du canton (7),ppe,all,libre,0,41.0,CHF_per_m2,,6455.0,7677.0,8614.0
T_05_05_1_4_03,Y,2022,,Autres communes de l'Ouest du canton (7),ppe,all,zd,0,1.0,CHF_per_m2,,,,
T_05_05_1_4_03,Y,2022,,Autres communes de l'Ouest du canton (7),ppe,all,all,0,42.0,CHF_per_m2,,6455.0,7665.0,8614.0
T_05_05_1_4_03,Y,2022,,Canton,ppe,new,libre,0,356.0,CHF_per_m2,0000,9275.0,11066.0,12518.0
T_05_05_1_4_03,Y,2022,,Canton,ppe,existing,libre,0,764.0,CHF_per_m2,0000,8592.0,10440.0,13122.0
T_05_05_1_4_03,Y,2022,,Canton,ppe,all,libre,0,1120.0,CHF_per_m2,0000,8895.0,10647.0,12880.0
T_05_05_1_4_03,Y,2022,,Canton,ppe,all,zd,0,433.0,CHF_per_m2,0000,6563.0,6820.0,7116.0
T_05_05_1_4_03,Y,2022,,Canton,ppe,all,all,0,1553.0,CHF_per_m2,0000,7052.0,9271.0,11978.0
T_05_05_1_4_03,Y,2021,,Bernex,ppe,new,libre,0,8.0,CHF_per_m2,6607,,,
T_05_05_1_4_03,Y,2021,,Bernex,ppe,existing,libre,0,29.0,CHF_per_m2,6607,7295.0,8079.0,8616.0
T_05_05_1_4_03,Y,2021,,Bernex,ppe,all,libre,0,37.0,CHF_per_m2,6607,7034.0,8027.0,8616.0
T_05_05_1_4_03,Y,2021,,Bernex,ppe,all,zd,0,,CHF_per_m2,6607,,,
T_05_05_1_4_03,Y,2021,,Bernex,ppe,all,all,0,37.0,CHF_per_m2,6607,7034.0,8027.0,8616.0
T_05_05_1_4_03,Y,2021,,Carouge,ppe,new,libre,0,,CHF_per_m2,6608,,,
T_05_05_1_4_03,Y,2021,,Carouge,ppe,existing,libre,0,18.0,CHF_per_m2,6608,10057.0,11523.0,11905.0
T_05_05_1_4_03,Y,2021,,Carouge,ppe,all,libre,0,18.0,CHF_per_m2,6608,10057.0,11523.0,11905.0
T_05_05_1_4_03,Y,2021,,Carouge,ppe,all,zd,0,17.0,CHF_per_m2,6608,5746.0,6015.0,6279.0
T_05_05_1_4_03,Y,2021,,Carouge,ppe,all,all,0,35.0,CHF_per_m2,6608,6015.0,8842.0,11667.0
T_05_05_1_4_03,Y,2021,,Chêne-Bougeries,ppe,new,libre,0,54.0,CHF_per_m2,6612,11528.0,12999.0,13919.0
T_05_05_1_4_03,Y,2021,,Chêne-Bougeries,ppe,existing,libre,0,22.0,CHF_per_m2,6612,10000.0,11115.0,11869.0
T_05_05_1_4_03,Y,2021,,Chêne-Bougeries,ppe,all,libre,0,76.0,CHF_per_m2,6612,11250.0,11922.0,13618.0
T_05_05_1_4_03,Y,2021,,Chêne-Bougeries,ppe,all,zd,0,1.0,CHF_per_m2,6612,,,
T_05_05_1_4_03,Y,2021,,Chêne-Bougeries,ppe,all,all,0,77.0,CHF_per_m2,6612,11250.0,11908.0,13541.0
T_05_05_1_4_03,Y,2021,,Cologny,ppe,new,libre,0,52.0,CHF_per_m2,6617,11174.0,11686.0,14728.0
T_05_05_1_4_03,Y,2021,,Cologny,ppe,existing,libre,0,29.0,CHF_per_m2,6617,10027.0,12037.0,13148.0
T_05_05_1_4_03,Y,2021,,Cologny,ppe,all,libre,0,81.0,CHF_per_m2,6617,11039.0,11706.0,13967.0
T_05_05_1_4_03,Y,2021,,Cologny,ppe,all,zd,0,1.0,CHF_per_m2,6617,,,
T_05_05_1_4_03,Y,2021,,Cologny,ppe,all,all,0,82.0,CHF_per_m2,6617,10971.0,11686.0,13967.0
T_05_05_1_4_03,Y,2021,,Genève,ppe,new,libre,0,15.0,CHF_per_m2,6621,11977.0,12616.0,13638.0
T_05_05_1_4_03,Y,2021,,Genève,ppe,existing,libre,0,344.0,CHF_per_m2,6621,10679.0,12034.0,13827.0
T_05_05_1_4_03,Y,2021,,Genève,ppe,all,libre,0,359.0,CHF_per_m2,6621,10741.0,12069.0,13800.0
T_05_05_1_4_03,Y,2021,,Genève,ppe,all,zd,0,29.0,CHF_per_m2,6621,5906.0,6214.0,6414.0
T_05_05_1_4_03,Y,2021,,Genève,ppe,all,all,0,388.0,CHF_per_m2,6621,10280.0,11909.0,13683.0
T_05_05_1_4_03,Y,2021,,Grand-Saconnex,ppe,new,libre,0,1.0,CHF_per_m2,6623,,,
T_05_05_1_4_03,Y,2021,,Grand-Saconnex,ppe,existing,libre,0,14.0,CHF_per_m2,6623,9115.0,10403.0,11127.0
T_05_05_1_4_03,Y,2021,,Grand-Saconnex,ppe,all,libre,0,15.0,CHF_per_m2,6623,9115.0,10370.0,11127.0
T_05_05_1_4_03,Y,2021,,Grand-Saconnex,ppe,all,zd,0,,CHF_per_m2,6623,,,
T_05_05_1_4_03,Y,2021,,Grand-Saconnex,ppe,all,all,0,15.0,CHF_per_m2,6623,9115.0,10370.0,11127.0
T_05_05_1_4_03,Y,2021,,Lancy,ppe,new,libre,0,14.0,CHF_per_m2,6628,9583.0,10217.0,10629.0
T_05_05_1_4_03,Y,2021,,Lancy,ppe,existing,libre,0,40.0,CHF_per_m2,6628,8869.0,9594.0,10341.0
T_05_05_1_4_03,Y,2021,,Lancy,ppe,all,libre,0,54.0,CHF_per_m2,6628,8974.0,9681.0,10446.0
T_05_05_1_4_03,Y,2021,,Lancy,ppe,all,zd,0,21.0,CHF_per_m2,6628,6006.0,6153.0,6269.0
T_05_05_1_4_03,Y,2021,,Lancy,ppe,all,all,0,75.0,CHF_per_m2,6628,6543.0,9042.0,10206.0
T_05_05_1_4_03,Y,2021,,Meyrin,ppe,new,libre,0,6.0,CHF_per_m2,6630,,,
T_05_05_1_4_03,Y,2021,,Meyrin,ppe,existing,libre,0,32.0,CHF_per_m2,6630,7232.0,8105.0,8595.0
T_05_05_1_4_03,Y,2021,,Meyrin,ppe,all,libre,0,38.0,CHF_per_m2,6630,7353.0,8258.0,9570.0
T_05_05_1_4_03,Y,2021,,Meyrin,ppe,all,zd,0,16.0,CHF_per_m2,6630,6877.0,6981.0,7079.0
T_05_05_1_4_03,Y,2021,,Meyrin,ppe,all,all,0,54.0,CHF_per_m2,6630,6973.0,7708.0,8656.0
T_05_05_1_4_03,Y,2021,,Plan-les-Ouates,ppe,new,libre,0,14.0,CHF_per_m2,6633,9541.0,10287.0,11984.0
T_05_05_1_4_03,Y,2021,,Plan-les-Ouates,ppe,existing,libre,0,24.0,CHF_per_m2,6633,8464.0,9174.0,9853.0
T_05_05_1_4_03,Y,2021,,Plan-les-Ouates,ppe,all,libre,0,38.0,CHF_per_m2,6633,8525.0,9582.0,10164.0
T_05_05_1_4_03,Y,2021,,Plan-les-Ouates,ppe,all,zd,0,151.0,CHF_per_m2,6633,5076.0,5346.0,5624.0
T_05_05_1_4_03,Y,2021,,Plan-les-Ouates,ppe,all,all,0,189.0,CHF_per_m2,6633,5115.0,5469.0,5919.0
T_05_05_1_4_03,Y,2021,,Thônex,ppe,new,libre,0,12.0,CHF_per_m2,6640,8368.0,9179.0,11470.0
T_05_05_1_4_03,Y,2021,,Thônex,ppe,existing,libre,0,35.0,CHF_per_m2,6640,7430.0,8362.0,9440.0
T_05_05_1_4_03,Y,2021,,Thônex,ppe,all,libre,0,47.0,CHF_per_m2,6640,7500.0,8527.0,9542.0
T_05_05_1_4_03,Y,2021,,Thônex,ppe,all,zd,0,29.0,CHF_per_m2,6640,6399.0,6562.0,6899.0
T_05_05_1_4_03,Y,2021,,Thônex,ppe,all,all,0,76.0,CHF_per_m2,6640,6594.0,7376.0,8928.0
T_05_05_1_4_03,Y,2021,,Vernier,ppe,new,libre,0,2.0,CHF_per_m2,6643,,,
T_05_05_1_4_03,Y,2021,,Vernier,ppe,existing,libre,0,35.0,CHF_per_m2,6643,7444.0,8855.0,9474.0
T_05_05_1_4_03,Y,2021,,Vernier,ppe,all,libre,0,37.0,CHF_per_m2,6643,7444.0,8855.0,9474.0
T_05_05_1_4_03,Y,2021,,Vernier,ppe,all,zd,0,38.0,CHF_per_m2,6643,6614.0,6820.0,7263.0
T_05_05_1_4_03,Y,2021,,Vernier,ppe,all,all,0,75.0,CHF_per_m2,6643,6700.0,7263.0,8926.0
T_05_05_1_4_03,Y,2021,,Versoix,ppe,new,libre,0,1.0,CHF_per_m2,6644,,,
T_05_05_1_4_03,Y,2021,,Versoix,ppe,existing,libre,0,31.0,CHF_per_m2,6644,7404.0,8684.0,9429.0
T_05_05_1_4_03,Y,2021,,Versoix,ppe,all,libre,0,32.0,CHF_per_m2,6644,7407.0,8573.0,9412.0
T_05_05_1_4_03,Y,2021,,Versoix,ppe,all,zd,0,1.0,CHF_per_m2,6644,,,
T_05_05_1_4_03,Y,2021,,Versoix,ppe,all,all,0,33.0,CHF_per_m2,6644,7404.0,8462.0,9395.0
T_05_05_1_4_03,Y,2021,,Veyrier,ppe,new,libre,0,29.0,CHF_per_m2,6645,10322.0,10850.0,11321.0
T_05_05_1_4_03,Y,2021,,Veyrier,ppe,existing,libre,0,18.0,CHF_per_m2,6645,8290.0,9201.0,10932.0
T_05_05_1_4_03,Y,2021,,Veyrier,ppe,all,libre,0,47.0,CHF_per_m2,6645,9465.0,10658.0,11110.0
T_05_05_1_4_03,Y,2021,,Veyrier,ppe,all,zd,0,,CHF_per_m2,6645,,,
T_05_05_1_4_03,Y,2021,,Veyrier,ppe,all,all,0,47.0,CHF_per_m2,6645,9465.0,10658.0,11110.0
T_05_05_1_4_03,Y,2021,,Autres communes du Sud du canton (3),ppe,new,libre,0,39.0,CHF_per_m2,,10316.0,10935.0,11640.0
T_05_05_1_4_03,Y,2021,,Autres communes du Sud du canton (3),ppe,existing,libre,0,40.0,CHF_per_m2,,7829.0,8717.0,9205.0
T_05_05_1_4_03,Y,2021,,Autres communes du Sud du canton (3),ppe,all,libre,0,79.0,CHF_per_m2,,8526.0,9966.0,11038.0
T_05_05_1_4_03,Y,2021,,Autres communes du Sud du canton (3),ppe,all,zd,0,28.0,CHF_per_m2,,6123.0,6424.0,6821.0
T_05_05_1_4_03,Y,2021,,Autres communes du Sud du canton (3),ppe,all,all,0,107.0,CHF_per_m2,,6993.0,8889.0,10773.0
T_05_05_1_4_03,Y,2021,,Autres communes du Nord du canton / rive droite du lac (4),ppe,new,libre,0,78.0,CHF_per_m2,,9615.0,10599.0,11302.0
T_05_05_1_4_03,Y,2021,,Autres communes du Nord du canton / rive droite du lac (4),ppe,existing,libre,0,12.0,CHF_per_m2,,7689.0,9071.0,10047.0
T_05_05_1_4_03,Y,2021,,Autres communes du Nord du canton / rive droite du lac (4),ppe,all,libre,0,90.0,CHF_per_m2,,9407.0,10396.0,11147.0
T_05_05_1_4_03,Y,2021,,Autres communes du Nord du canton / rive droite du lac (4),ppe,all,zd,0,,CHF_per_m2,,,,
T_05_05_1_4_03,Y,2021,,Autres communes du Nord du canton / rive droite du lac (4),ppe,all,all,0,90.0,CHF_per_m2,,9407.0,10396.0,11147.0
T_05_05_1_4_03,Y,2021,,Autres communes de la rive gauche du lac (5),ppe,new,libre,0,73.0,CHF_per_m2,,8986.0,10460.0,12344.0
T_05_05_1_4_03,Y,2021,,Autres communes de la rive gauche du lac (5),ppe,existing,libre,0,37.0,CHF_per_m2,,8000.0,9187.0,11654.0
T_05_05_1_4_03,Y,2021,,Autres communes de la rive gauche du lac (5),ppe,all,libre,0,110.0,CHF_per_m2,,8770.0,9809.0,12154.0
T_05_05_1_4_03,Y,2021,,Autres communes de la rive gauche du lac (5),ppe,all,zd,0,1.0,CHF_per_m2,,,,
T_05_05_1_4_03,Y,2021,,Autres communes de la rive gauche du lac (5),ppe,all,all,0,111.0,CHF_per_m2,,8754.0,9805.0,12154.0
T_05_05_1_4_03,Y,2021,,Autres communes de l'Est du canton (6),ppe,new,libre,0,5.0,CHF_per_m2,,,,
T_05_05_1_4_03,Y,2021,,Autres communes de l'Est du canton (6),ppe,existing,libre,0,39.0,CHF_per_m2,,8188.0,8946.0,10169.0
T_05_05_1_4_03,Y,2021,,Autres communes de l'Est du canton (6),ppe,all,libre,0,44.0,CHF_per_m2,,8192.0,8924.0,10119.0
T_05_05_1_4_03,Y,2021,,Autres communes de l'Est du canton (6),ppe,all,zd,0,1.0,CHF_per_m2,,,,
T_05_05_1_4_03,Y,2021,,Autres communes de l'Est du canton (6),ppe,all,all,0,45.0,CHF_per_m2,,8188.0,8902.0,10068.0
T_05_05_1_4_03,Y,2021,,Autres communes de l'Ouest du canton (7),ppe,new,libre,0,15.0,CHF_per_m2,,6243.0,6607.0,6875.0
T_05_05_1_4_03,Y,2021,,Autres communes de l'Ouest du canton (7),ppe,existing,libre,0,38.0,CHF_per_m2,,6349.0,7624.0,9021.0
T_05_05_1_4_03,Y,2021,,Autres communes de l'Ouest du canton (7),ppe,all,libre,0,53.0,CHF_per_m2,,6284.0,6875.0,8077.0
T_05_05_1_4_03,Y,2021,,Autres communes de l'Ouest du canton (7),ppe,all,zd,0,1.0,CHF_per_m2,,,,
T_05_05_1_4_03,Y,2021,,Autres communes de l'Ouest du canton (7),ppe,all,all,0,54.0,CHF_per_m2,,6250.0,6866.0,8077.0
T_05_05_1_4_03,Y,2021,,Canton,ppe,new,libre,0,418.0,CHF_per_m2,0000,9805.0,10976.0,12100.0
T_05_05_1_4_03,Y,2021,,Canton,ppe,existing,libre,0,837.0,CHF_per_m2,0000,8503.0,10000.0,12037.0
T_05_05_1_4_03,Y,2021,,Canton,ppe,all,libre,0,1255.0,CHF_per_m2,0000,8839.0,10460.0,12064.0
T_05_05_1_4_03,Y,2021,,Canton,ppe,all,zd,0,335.0,CHF_per_m2,0000,5381.0,5974.0,6592.0
T_05_05_1_4_03,Y,2021,,Canton,ppe,all,all,0,1590.0,CHF_per_m2,0000,7080.0,9608.0,11630.0
T_05_05_1_4_03,Y,2020,,Bernex,ppe,new,libre,0,21.0,CHF_per_m2,6607,7713.0,7979.0,8538.0
T_05_05_1_4_03,Y,2020,,Bernex,ppe,existing,libre,0,21.0,CHF_per_m2,6607,7050.0,7830.0,8140.0
T_05_05_1_4_03,Y,2020,,Bernex,ppe,all,libre,0,42.0,CHF_per_m2,6607,7183.0,7904.0,8522.0
T_05_05_1_4_03,Y,2020,,Bernex,ppe,all,zd,0,,CHF_per_m2,6607,,,
T_05_05_1_4_03,Y,2020,,Bernex,ppe,all,all,0,42.0,CHF_per_m2,6607,7183.0,7904.0,8522.0
T_05_05_1_4_03,Y,2020,,Carouge,ppe,new,libre,0,,CHF_per_m2,6608,,,
T_05_05_1_4_03,Y,2020,,Carouge,ppe,existing,libre,0,20.0,CHF_per_m2,6608,9125.0,9803.0,11443.0
T_05_05_1_4_03,Y,2020,,Carouge,ppe,all,libre,0,20.0,CHF_per_m2,6608,9125.0,9803.0,11443.0
T_05_05_1_4_03,Y,2020,,Carouge,ppe,all,zd,0,1.0,CHF_per_m2,6608,,,
T_05_05_1_4_03,Y,2020,,Carouge,ppe,all,all,0,21.0,CHF_per_m2,6608,9115.0,9449.0,11316.0
T_05_05_1_4_03,Y,2020,,Chêne-Bougeries,ppe,new,libre,0,16.0,CHF_per_m2,6612,10930.0,11688.0,12947.0
T_05_05_1_4_03,Y,2020,,Chêne-Bougeries,ppe,existing,libre,0,17.0,CHF_per_m2,6612,8947.0,9697.0,11053.0
T_05_05_1_4_03,Y,2020,,Chêne-Bougeries,ppe,all,libre,0,33.0,CHF_per_m2,6612,9697.0,11053.0,11936.0
T_05_05_1_4_03,Y,2020,,Chêne-Bougeries,ppe,all,zd,0,,CHF_per_m2,6612,,,
T_05_05_1_4_03,Y,2020,,Chêne-Bougeries,ppe,all,all,0,33.0,CHF_per_m2,6612,9697.0,11053.0,11936.0
T_05_05_1_4_03,Y,2020,,Cologny,ppe,new,libre,0,16.0,CHF_per_m2,6617,11156.0,11458.0,12178.0
T_05_05_1_4_03,Y,2020,,Cologny,ppe,existing,libre,0,24.0,CHF_per_m2,6617,9819.0,11055.0,13905.0
T_05_05_1_4_03,Y,2020,,Cologny,ppe,all,libre,0,40.0,CHF_per_m2,6617,10818.0,11248.0,13083.0
T_05_05_1_4_03,Y,2020,,Cologny,ppe,all,zd,0,,CHF_per_m2,6617,,,
T_05_05_1_4_03,Y,2020,,Cologny,ppe,all,all,0,40.0,CHF_per_m2,6617,10818.0,11248.0,13083.0
T_05_05_1_4_03,Y,2020,,Genève,ppe,new,libre,0,8.0,CHF_per_m2,6621,,,
T_05_05_1_4_03,Y,2020,,Genève,ppe,existing,libre,0,291.0,CHF_per_m2,6621,10053.0,11803.0,14348.0
T_05_05_1_4_03,Y,2020,,Genève,ppe,all,libre,0,299.0,CHF_per_m2,6621,10096.0,11884.0,14348.0
T_05_05_1_4_03,Y,2020,,Genève,ppe,all,zd,0,105.0,CHF_per_m2,6621,5585.0,6039.0,6338.0
T_05_05_1_4_03,Y,2020,,Genève,ppe,all,all,0,404.0,CHF_per_m2,6621,6575.0,10663.0,13204.0
T_05_05_1_4_03,Y,2020,,Grand-Saconnex,ppe,new,libre,0,45.0,CHF_per_m2,6623,9915.0,10247.0,10461.0
T_05_05_1_4_03,Y,2020,,Grand-Saconnex,ppe,existing,libre,0,26.0,CHF_per_m2,6623,8101.0,9619.0,10298.0
T_05_05_1_4_03,Y,2020,,Grand-Saconnex,ppe,all,libre,0,71.0,CHF_per_m2,6623,9615.0,10085.0,10427.0
T_05_05_1_4_03,Y,2020,,Grand-Saconnex,ppe,all,zd,0,21.0,CHF_per_m2,6623,6623.0,6808.0,7027.0
T_05_05_1_4_03,Y,2020,,Grand-Saconnex,ppe,all,all,0,92.0,CHF_per_m2,6623,7302.0,9856.0,10334.0
T_05_05_1_4_03,Y,2020,,Lancy,ppe,new,libre,0,4.0,CHF_per_m2,6628,,,
T_05_05_1_4_03,Y,2020,,Lancy,ppe,existing,libre,0,38.0,CHF_per_m2,6628,8387.0,9032.0,9821.0
T_05_05_1_4_03,Y,2020,,Lancy,ppe,all,libre,0,42.0,CHF_per_m2,6628,8421.0,9032.0,10000.0
T_05_05_1_4_03,Y,2020,,Lancy,ppe,all,zd,0,24.0,CHF_per_m2,6628,5897.0,5947.0,5958.0
T_05_05_1_4_03,Y,2020,,Lancy,ppe,all,all,0,66.0,CHF_per_m2,6628,5948.0,8267.0,9296.0
T_05_05_1_4_03,Y,2020,,Meyrin,ppe,new,libre,0,4.0,CHF_per_m2,6630,,,
T_05_05_1_4_03,Y,2020,,Meyrin,ppe,existing,libre,0,27.0,CHF_per_m2,6630,6818.0,7654.0,8203.0
T_05_05_1_4_03,Y,2020,,Meyrin,ppe,all,libre,0,31.0,CHF_per_m2,6630,6893.0,7746.0,8519.0
T_05_05_1_4_03,Y,2020,,Meyrin,ppe,all,zd,0,9.0,CHF_per_m2,6630,,,
T_05_05_1_4_03,Y,2020,,Meyrin,ppe,all,all,0,40.0,CHF_per_m2,6630,6941.0,7859.0,8238.0
T_05_05_1_4_03,Y,2020,,Plan-les-Ouates,ppe,new,libre,0,5.0,CHF_per_m2,6633,,,
T_05_05_1_4_03,Y,2020,,Plan-les-Ouates,ppe,existing,libre,0,15.0,CHF_per_m2,6633,7280.0,8300.0,9383.0
T_05_05_1_4_03,Y,2020,,Plan-les-Ouates,ppe,all,libre,0,20.0,CHF_per_m2,6633,7329.0,8575.0,9449.0
T_05_05_1_4_03,Y,2020,,Plan-les-Ouates,ppe,all,zd,0,,CHF_per_m2,6633,,,
T_05_05_1_4_03,Y,2020,,Plan-les-Ouates,ppe,all,all,0,20.0,CHF_per_m2,6633,7329.0,8575.0,9449.0
T_05_05_1_4_03,Y,2020,,Thônex,ppe,new,libre,0,21.0,CHF_per_m2,6640,8296.0,8467.0,8701.0
T_05_05_1_4_03,Y,2020,,Thônex,ppe,existing,libre,0,32.0,CHF_per_m2,6640,7028.0,7554.0,8415.0
T_05_05_1_4_03,Y,2020,,Thônex,ppe,all,libre,0,53.0,CHF_per_m2,6640,7353.0,8251.0,8667.0
T_05_05_1_4_03,Y,2020,,Thônex,ppe,all,zd,0,59.0,CHF_per_m2,6640,5362.0,5617.0,7026.0
T_05_05_1_4_03,Y,2020,,Thônex,ppe,all,all,0,112.0,CHF_per_m2,6640,5539.0,7211.0,8362.0
T_05_05_1_4_03,Y,2020,,Vernier,ppe,new,libre,0,5.0,CHF_per_m2,6643,,,
T_05_05_1_4_03,Y,2020,,Vernier,ppe,existing,libre,0,20.0,CHF_per_m2,6643,6259.0,7274.0,8647.0
T_05_05_1_4_03,Y,2020,,Vernier,ppe,all,libre,0,25.0,CHF_per_m2,6643,6534.0,7197.0,8491.0
T_05_05_1_4_03,Y,2020,,Vernier,ppe,all,zd,0,,CHF_per_m2,6643,,,
T_05_05_1_4_03,Y,2020,,Vernier,ppe,all,all,0,25.0,CHF_per_m2,6643,6534.0,7197.0,8491.0
T_05_05_1_4_03,Y,2020,,Versoix,ppe,new,libre,0,17.0,CHF_per_m2,6644,8803.0,9245.0,10047.0
T_05_05_1_4_03,Y,2020,,Versoix,ppe,existing,libre,0,37.0,CHF_per_m2,6644,7527.0,8152.0,8687.0
T_05_05_1_4_03,Y,2020,,Versoix,ppe,all,libre,0,54.0,CHF_per_m2,6644,7669.0,8618.0,9175.0
T_05_05_1_4_03,Y,2020,,Versoix,ppe,all,zd,0,,CHF_per_m2,6644,,,
T_05_05_1_4_03,Y,2020,,Versoix,ppe,all,all,0,54.0,CHF_per_m2,6644,7669.0,8618.0,9175.0
T_05_05_1_4_03,Y,2020,,Veyrier,ppe,new,libre,0,11.0,CHF_per_m2,6645,7112.0,9565.0,9759.0
T_05_05_1_4_03,Y,2020,,Veyrier,ppe,existing,libre,0,23.0,CHF_per_m2,6645,7086.0,8750.0,9950.0
T_05_05_1_4_03,Y,2020,,Veyrier,ppe,all,libre,0,34.0,CHF_per_m2,6645,7108.0,8807.0,9759.0
T_05_05_1_4_03,Y,2020,,Veyrier,ppe,all,zd,0,,CHF_per_m2,6645,,,
T_05_05_1_4_03,Y,2020,,Veyrier,ppe,all,all,0,34.0,CHF_per_m2,6645,7108.0,8807.0,9759.0
T_05_05_1_4_03,Y,2020,,Autres communes du Sud du canton (3),ppe,new,libre,0,15.0,CHF_per_m2,,7712.0,8156.0,8774.0
T_05_05_1_4_03,Y,2020,,Autres communes du Sud du canton (3),ppe,existing,libre,0,44.0,CHF_per_m2,,7264.0,8053.0,9023.0
T_05_05_1_4_03,Y,2020,,Autres communes du Sud du canton (3),ppe,all,libre,0,59.0,CHF_per_m2,,7500.0,8081.0,8824.0
T_05_05_1_4_03,Y,2020,,Autres communes du Sud du canton (3),ppe,all,zd,0,31.0,CHF_per_m2,,7154.0,7490.0,7907.0
T_05_05_1_4_03,Y,2020,,Autres communes du Sud du canton (3),ppe,all,all,0,90.0,CHF_per_m2,,7357.0,7782.0,8663.0
T_05_05_1_4_03,Y,2020,,Autres communes du Nord du canton / rive droite du lac (4),ppe,new,libre,0,22.0,CHF_per_m2,,8791.0,9085.0,9524.0
T_05_05_1_4_03,Y,2020,,Autres communes du Nord du canton / rive droite du lac (4),ppe,existing,libre,0,10.0,CHF_per_m2,,7228.0,8010.0,9808.0
T_05_05_1_4_03,Y,2020,,Autres communes du Nord du canton / rive droite du lac (4),ppe,all,libre,0,32.0,CHF_per_m2,,8010.0,9051.0,9538.0
T_05_05_1_4_03,Y,2020,,Autres communes du Nord du canton / rive droite du lac (4),ppe,all,zd,0,,CHF_per_m2,,,,
T_05_05_1_4_03,Y,2020,,Autres communes du Nord du canton / rive droite du lac (4),ppe,all,all,0,32.0,CHF_per_m2,,8010.0,9051.0,9538.0
T_05_05_1_4_03,Y,2020,,Autres communes de la rive gauche du lac (5),ppe,new,libre,0,119.0,CHF_per_m2,,8212.0,9926.0,11748.0
T_05_05_1_4_03,Y,2020,,Autres communes de la rive gauche du lac (5),ppe,existing,libre,0,30.0,CHF_per_m2,,8645.0,10159.0,12706.0
T_05_05_1_4_03,Y,2020,,Autres communes de la rive gauche du lac (5),ppe,all,libre,0,149.0,CHF_per_m2,,8252.0,9926.0,11780.0
T_05_05_1_4_03,Y,2020,,Autres communes de la rive gauche du lac (5),ppe,all,zd,0,,CHF_per_m2,,,,
T_05_05_1_4_03,Y,2020,,Autres communes de la rive gauche du lac (5),ppe,all,all,0,149.0,CHF_per_m2,,8252.0,9926.0,11780.0
T_05_05_1_4_03,Y,2020,,Autres communes de l'Est du canton (6),ppe,new,libre,0,28.0,CHF_per_m2,,8220.0,8761.0,9545.0
T_05_05_1_4_03,Y,2020,,Autres communes de l'Est du canton (6),ppe,existing,libre,0,25.0,CHF_per_m2,,6832.0,8043.0,8815.0
T_05_05_1_4_03,Y,2020,,Autres communes de l'Est du canton (6),ppe,all,libre,0,53.0,CHF_per_m2,,7711.0,8519.0,9405.0
T_05_05_1_4_03,Y,2020,,Autres communes de l'Est du canton (6),ppe,all,zd,0,,CHF_per_m2,,,,
T_05_05_1_4_03,Y,2020,,Autres communes de l'Est du canton (6),ppe,all,all,0,53.0,CHF_per_m2,,7711.0,8519.0,9405.0
T_05_05_1_4_03,Y,2020,,Autres communes de l'Ouest du canton (7),ppe,new,libre,0,7.0,CHF_per_m2,,,,
T_05_05_1_4_03,Y,2020,,Autres communes de l'Ouest du canton (7),ppe,existing,libre,0,34.0,CHF_per_m2,,6436.0,7162.0,8023.0
T_05_05_1_4_03,Y,2020,,Autres communes de l'Ouest du canton (7),ppe,all,libre,0,41.0,CHF_per_m2,,6647.0,7193.0,8023.0
T_05_05_1_4_03,Y,2020,,Autres communes de l'Ouest du canton (7),ppe,all,zd,0,1.0,CHF_per_m2,,,,
T_05_05_1_4_03,Y,2020,,Autres communes de l'Ouest du canton (7),ppe,all,all,0,42.0,CHF_per_m2,,6647.0,7257.0,8023.0
T_05_05_1_4_03,Y,2020,,Canton,ppe,new,libre,0,364.0,CHF_per_m2,0000,8416.0,9601.0,10653.0
T_05_05_1_4_03,Y,2020,,Canton,ppe,existing,libre,0,734.0,CHF_per_m2,0000,7857.0,9476.0,11681.0
T_05_05_1_4_03,Y,2020,,Canton,ppe,all,libre,0,1098.0,CHF_per_m2,0000,8023.0,9531.0,11243.0
T_05_05_1_4_03,Y,2020,,Canton,ppe,all,zd,0,251.0,CHF_per_m2,0000,5669.0,6104.0,6900.0
T_05_05_1_4_03,Y,2020,,Canton,ppe,all,all,0,1349.0,CHF_per_m2,0000,7143.0,8804.0,10729.0
T_05_05_1_4_03,Y,2019,,Bernex,ppe,new,libre,0,13.0,CHF_per_m2,6607,8039.0,8980.0,10000.0
T_05_05_1_4_03,Y,2019,,Bernex,ppe,existing,libre,0,30.0,CHF_per_m2,6607,6088.0,7312.0,8280.0
T_05_05_1_4_03,Y,2019,,Bernex,ppe,all,libre,0,43.0,CHF_per_m2,6607,6429.0,7839.0,8980.0
T_05_05_1_4_03,Y,2019,,Bernex,ppe,all,zd,0,,CHF_per_m2,6607,,,
T_05_05_1_4_03,Y,2019,,Bernex,ppe,all,all,0,43.0,CHF_per_m2,6607,6429.0,7839.0,8980.0
T_05_05_1_4_03,Y,2019,,Carouge,ppe,new,libre,0,,CHF_per_m2,6608,,,
T_05_05_1_4_03,Y,2019,,Carouge,ppe,existing,libre,0,17.0,CHF_per_m2,6608,8863.0,10149.0,10539.0
T_05_05_1_4_03,Y,2019,,Carouge,ppe,all,libre,0,17.0,CHF_per_m2,6608,8863.0,10149.0,10539.0
T_05_05_1_4_03,Y,2019,,Carouge,ppe,all,zd,0,4.0,CHF_per_m2,6608,,,
T_05_05_1_4_03,Y,2019,,Carouge,ppe,all,all,0,21.0,CHF_per_m2,6608,8375.0,9360.0,10507.0
T_05_05_1_4_03,Y,2019,,Chêne-Bougeries,ppe,new,libre,0,16.0,CHF_per_m2,6612,10649.0,11817.0,12194.0
T_05_05_1_4_03,Y,2019,,Chêne-Bougeries,ppe,existing,libre,0,17.0,CHF_per_m2,6612,9086.0,9548.0,10096.0
T_05_05_1_4_03,Y,2019,,Chêne-Bougeries,ppe,all,libre,0,33.0,CHF_per_m2,6612,9286.0,10330.0,11837.0
T_05_05_1_4_03,Y,2019,,Chêne-Bougeries,ppe,all,zd,0,,CHF_per_m2,6612,,,
T_05_05_1_4_03,Y,2019,,Chêne-Bougeries,ppe,all,all,0,33.0,CHF_per_m2,6612,9286.0,10330.0,11837.0
T_05_05_1_4_03,Y,2019,,Cologny,ppe,new,libre,0,5.0,CHF_per_m2,6617,,,
T_05_05_1_4_03,Y,2019,,Cologny,ppe,existing,libre,0,34.0,CHF_per_m2,6617,9217.0,9888.0,11917.0
T_05_05_1_4_03,Y,2019,,Cologny,ppe,all,libre,0,39.0,CHF_per_m2,6617,9286.0,10130.0,12121.0
T_05_05_1_4_03,Y,2019,,Cologny,ppe,all,zd,0,,CHF_per_m2,6617,,,
T_05_05_1_4_03,Y,2019,,Cologny,ppe,all,all,0,39.0,CHF_per_m2,6617,9286.0,10130.0,12121.0
T_05_05_1_4_03,Y,2019,,Genève,ppe,new,libre,0,22.0,CHF_per_m2,6621,10394.0,12152.0,13198.0
T_05_05_1_4_03,Y,2019,,Genève,ppe,existing,libre,0,321.0,CHF_per_m2,6621,9586.0,11053.0,12826.0
T_05_05_1_4_03,Y,2019,,Genève,ppe,all,libre,0,343.0,CHF_per_m2,6621,9614.0,11102.0,12854.0
T_05_05_1_4_03,Y,2019,,Genève,ppe,all,zd,0,130.0,CHF_per_m2,6621,5631.0,5858.0,6173.0
T_05_05_1_4_03,Y,2019,,Genève,ppe,all,all,0,473.0,CHF_per_m2,6621,6556.0,10010.0,12192.0
T_05_05_1_4_03,Y,2019,,Grand-Saconnex,ppe,new,libre,0,34.0,CHF_per_m2,6623,7944.0,9374.0,9944.0
T_05_05_1_4_03,Y,2019,,Grand-Saconnex,ppe,existing,libre,0,18.0,CHF_per_m2,6623,7841.0,9068.0,9783.0
T_05_05_1_4_03,Y,2019,,Grand-Saconnex,ppe,all,libre,0,52.0,CHF_per_m2,6623,7932.0,9254.0,9859.0
T_05_05_1_4_03,Y,2019,,Grand-Saconnex,ppe,all,zd,0,,CHF_per_m2,6623,,,
T_05_05_1_4_03,Y,2019,,Grand-Saconnex,ppe,all,all,0,52.0,CHF_per_m2,6623,7932.0,9254.0,9859.0
T_05_05_1_4_03,Y,2019,,Lancy,ppe,new,libre,0,47.0,CHF_per_m2,6628,8846.0,9135.0,9544.0
T_05_05_1_4_03,Y,2019,,Lancy,ppe,existing,libre,0,20.0,CHF_per_m2,6628,7360.0,8608.0,9375.0
T_05_05_1_4_03,Y,2019,,Lancy,ppe,all,libre,0,67.0,CHF_per_m2,6628,8647.0,9025.0,9483.0
T_05_05_1_4_03,Y,2019,,Lancy,ppe,all,zd,0,50.0,CHF_per_m2,6628,6000.0,6775.0,6973.0
T_05_05_1_4_03,Y,2019,,Lancy,ppe,all,all,0,117.0,CHF_per_m2,6628,6864.0,8312.0,9143.0
T_05_05_1_4_03,Y,2019,,Meyrin,ppe,new,libre,0,6.0,CHF_per_m2,6630,,,
T_05_05_1_4_03,Y,2019,,Meyrin,ppe,existing,libre,0,29.0,CHF_per_m2,6630,6989.0,7528.0,8279.0
T_05_05_1_4_03,Y,2019,,Meyrin,ppe,all,libre,0,35.0,CHF_per_m2,6630,6970.0,7400.0,8269.0
T_05_05_1_4_03,Y,2019,,Meyrin,ppe,all,zd,0,1.0,CHF_per_m2,6630,,,
T_05_05_1_4_03,Y,2019,,Meyrin,ppe,all,all,0,36.0,CHF_per_m2,6630,6975.0,7415.0,8197.0
T_05_05_1_4_03,Y,2019,,Plan-les-Ouates,ppe,new,libre,0,12.0,CHF_per_m2,6633,9449.0,10472.0,11541.0
T_05_05_1_4_03,Y,2019,,Plan-les-Ouates,ppe,existing,libre,0,20.0,CHF_per_m2,6633,7785.0,8397.0,9212.0
T_05_05_1_4_03,Y,2019,,Plan-les-Ouates,ppe,all,libre,0,32.0,CHF_per_m2,6633,7983.0,9103.0,9797.0
T_05_05_1_4_03,Y,2019,,Plan-les-Ouates,ppe,all,zd,0,,CHF_per_m2,6633,,,
T_05_05_1_4_03,Y,2019,,Plan-les-Ouates,ppe,all,all,0,32.0,CHF_per_m2,6633,7983.0,9103.0,9797.0
T_05_05_1_4_03,Y,2019,,Thônex,ppe,new,libre,0,2.0,CHF_per_m2,6640,,,
T_05_05_1_4_03,Y,2019,,Thônex,ppe,existing,libre,0,30.0,CHF_per_m2,6640,6782.0,7344.0,8119.0
T_05_05_1_4_03,Y,2019,,Thônex,ppe,all,libre,0,32.0,CHF_per_m2,6640,6828.0,7449.0,8234.0
T_05_05_1_4_03,Y,2019,,Thônex,ppe,all,zd,0,17.0,CHF_per_m2,6640,6800.0,6962.0,7352.0
T_05_05_1_4_03,Y,2019,,Thônex,ppe,all,all,0,49.0,CHF_per_m2,6640,6800.0,7186.0,8039.0
T_05_05_1_4_03,Y,2019,,Vernier,ppe,new,libre,0,10.0,CHF_per_m2,6643,6350.0,7814.0,8899.0
T_05_05_1_4_03,Y,2019,,Vernier,ppe,existing,libre,0,24.0,CHF_per_m2,6643,5188.0,6899.0,8187.0
T_05_05_1_4_03,Y,2019,,Vernier,ppe,all,libre,0,34.0,CHF_per_m2,6643,5376.0,7240.0,8389.0
T_05_05_1_4_03,Y,2019,,Vernier,ppe,all,zd,0,,CHF_per_m2,6643,,,
T_05_05_1_4_03,Y,2019,,Vernier,ppe,all,all,0,34.0,CHF_per_m2,6643,5376.0,7240.0,8389.0
T_05_05_1_4_03,Y,2019,,Versoix,ppe,new,libre,0,4.0,CHF_per_m2,6644,,,
T_05_05_1_4_03,Y,2019,,Versoix,ppe,existing,libre,0,26.0,CHF_per_m2,6644,6412.0,7472.0,8052.0
T_05_05_1_4_03,Y,2019,,Versoix,ppe,all,libre,0,30.0,CHF_per_m2,6644,6434.0,7795.0,8473.0
T_05_05_1_4_03,Y,2019,,Versoix,ppe,all,zd,0,,CHF_per_m2,6644,,,
T_05_05_1_4_03,Y,2019,,Versoix,ppe,all,all,0,30.0,CHF_per_m2,6644,6434.0,7795.0,8473.0
T_05_05_1_4_03,Y,2019,,Veyrier,ppe,new,libre,0,,CHF_per_m2,6645,,,
T_05_05_1_4_03,Y,2019,,Veyrier,ppe,existing,libre,0,10.0,CHF_per_m2,6645,7150.0,9390.0,10584.0
T_05_05_1_4_03,Y,2019,,Veyrier,ppe,all,libre,0,10.0,CHF_per_m2,6645,7150.0,9390.0,10584.0
T_05_05_1_4_03,Y,2019,,Veyrier,ppe,all,zd,0,,CHF_per_m2,6645,,,
T_05_05_1_4_03,Y,2019,,Veyrier,ppe,all,all,0,10.0,CHF_per_m2,6645,7150.0,9390.0,10584.0
T_05_05_1_4_03,Y,2019,,Autres communes du Sud du canton (3),ppe,new,libre,0,13.0,CHF_per_m2,,7072.0,9079.0,9259.0
T_05_05_1_4_03,Y,2019,,Autres communes du Sud du canton (3),ppe,existing,libre,0,33.0,CHF_per_m2,,7071.0,7778.0,8540.0
T_05_05_1_4_03,Y,2019,,Autres communes du Sud du canton (3),ppe,all,libre,0,46.0,CHF_per_m2,,7071.0,8031.0,9079.0
T_05_05_1_4_03,Y,2019,,Autres communes du Sud du canton (3),ppe,all,zd,0,1.0,CHF_per_m2,,,,
T_05_05_1_4_03,Y,2019,,Autres communes du Sud du canton (3),ppe,all,all,0,47.0,CHF_per_m2,,7025.0,7895.0,9079.0
T_05_05_1_4_03,Y,2019,,Autres communes du Nord du canton / rive droite du lac (4),ppe,new,libre,0,31.0,CHF_per_m2,,8182.0,8964.0,9700.0
T_05_05_1_4_03,Y,2019,,Autres communes du Nord du canton / rive droite du lac (4),ppe,existing,libre,0,17.0,CHF_per_m2,,6279.0,7034.0,8164.0
T_05_05_1_4_03,Y,2019,,Autres communes du Nord du canton / rive droite du lac (4),ppe,all,libre,0,48.0,CHF_per_m2,,7413.0,8589.0,9432.0
T_05_05_1_4_03,Y,2019,,Autres communes du Nord du canton / rive droite du lac (4),ppe,all,zd,0,,CHF_per_m2,,,,
T_05_05_1_4_03,Y,2019,,Autres communes du Nord du canton / rive droite du lac (4),ppe,all,all,0,48.0,CHF_per_m2,,7413.0,8589.0,9432.0
T_05_05_1_4_03,Y,2019,,Autres communes de la rive gauche du lac (5),ppe,new,libre,0,63.0,CHF_per_m2,,9248.0,10610.0,11345.0
T_05_05_1_4_03,Y,2019,,Autres communes de la rive gauche du lac (5),ppe,existing,libre,0,17.0,CHF_per_m2,,8151.0,8549.0,9524.0
T_05_05_1_4_03,Y,2019,,Autres communes de la rive gauche du lac (5),ppe,all,libre,0,80.0,CHF_per_m2,,8856.0,10085.0,11282.0
T_05_05_1_4_03,Y,2019,,Autres communes de la rive gauche du lac (5),ppe,all,zd,0,,CHF_per_m2,,,,
T_05_05_1_4_03,Y,2019,,Autres communes de la rive gauche du lac (5),ppe,all,all,0,80.0,CHF_per_m2,,8856.0,10085.0,11282.0
T_05_05_1_4_03,Y,2019,,Autres communes de l'Est du canton (6),ppe,new,libre,0,20.0,CHF_per_m2,,7032.0,8395.0,9347.0
T_05_05_1_4_03,Y,2019,,Autres communes de l'Est du canton (6),ppe,existing,libre,0,27.0,CHF_per_m2,,7338.0,8333.0,10093.0
T_05_05_1_4_03,Y,2019,,Autres communes de l'Est du canton (6),ppe,all,libre,0,47.0,CHF_per_m2,,7129.0,8385.0,9375.0
T_05_05_1_4_03,Y,2019,,Autres communes de l'Est du canton (6),ppe,all,zd,0,1.0,CHF_per_m2,,,,
T_05_05_1_4_03,Y,2019,,Autres communes de l'Est du canton (6),ppe,all,all,0,48.0,CHF_per_m2,,7110.0,8359.0,9347.0
T_05_05_1_4_03,Y,2019,,Autres communes de l'Ouest du canton (7),ppe,new,libre,0,28.0,CHF_per_m2,,6655.0,8186.0,8577.0
T_05_05_1_4_03,Y,2019,,Autres communes de l'Ouest du canton (7),ppe,existing,libre,0,21.0,CHF_per_m2,,5827.0,6729.0,7672.0
T_05_05_1_4_03,Y,2019,,Autres communes de l'Ouest du canton (7),ppe,all,libre,0,49.0,CHF_per_m2,,6536.0,7105.0,8383.0
T_05_05_1_4_03,Y,2019,,Autres communes de l'Ouest du canton (7),ppe,all,zd,0,25.0,CHF_per_m2,,6506.0,6828.0,7488.0
T_05_05_1_4_03,Y,2019,,Autres communes de l'Ouest du canton (7),ppe,all,all,0,74.0,CHF_per_m2,,6506.0,6888.0,7940.0
T_05_05_1_4_03,Y,2019,,Canton,ppe,new,libre,0,326.0,CHF_per_m2,0000,8370.0,9267.0,10556.0
T_05_05_1_4_03,Y,2019,,Canton,ppe,existing,libre,0,711.0,CHF_per_m2,0000,7685.0,9286.0,11209.0
T_05_05_1_4_03,Y,2019,,Canton,ppe,all,libre,0,1037.0,CHF_per_m2,0000,7885.0,9281.0,10909.0
T_05_05_1_4_03,Y,2019,,Canton,ppe,all,zd,0,229.0,CHF_per_m2,0000,5723.0,6149.0,6864.0
T_05_05_1_4_03,Y,2019,,Canton,ppe,all,all,0,1266.0,CHF_per_m2,0000,6948.0,8686.0,10469.0
T_05_05_1_4_03,Y,2018,,Bernex,ppe,new,libre,0,16.0,CHF_per_m2,6607,6756.0,7121.0,7643.0
T_05_05_1_4_03,Y,2018,,Bernex,ppe,existing,libre,0,29.0,CHF_per_m2,6607,6151.0,7059.0,8112.0
T_05_05_1_4_03,Y,2018,,Bernex,ppe,all,libre,0,45.0,CHF_per_m2,6607,6462.0,7059.0,7909.0
T_05_05_1_4_03,Y,2018,,Bernex,ppe,all,zd,0,,CHF_per_m2,6607,,,
T_05_05_1_4_03,Y,2018,,Bernex,ppe,all,all,0,45.0,CHF_per_m2,6607,6462.0,7059.0,7909.0
T_05_05_1_4_03,Y,2018,,Carouge,ppe,new,libre,0,14.0,CHF_per_m2,6608,9601.0,9643.0,9748.0
T_05_05_1_4_03,Y,2018,,Carouge,ppe,existing,libre,0,19.0,CHF_per_m2,6608,8043.0,9652.0,10047.0
T_05_05_1_4_03,Y,2018,,Carouge,ppe,all,libre,0,33.0,CHF_per_m2,6608,9251.0,9643.0,9799.0
T_05_05_1_4_03,Y,2018,,Carouge,ppe,all,zd,0,44.0,CHF_per_m2,6608,5852.0,5997.0,6158.0
T_05_05_1_4_03,Y,2018,,Carouge,ppe,all,all,0,77.0,CHF_per_m2,6608,5954.0,6232.0,9601.0
T_05_05_1_4_03,Y,2018,,Chêne-Bougeries,ppe,new,libre,0,17.0,CHF_per_m2,6612,10282.0,10909.0,12059.0
T_05_05_1_4_03,Y,2018,,Chêne-Bougeries,ppe,existing,libre,0,15.0,CHF_per_m2,6612,8719.0,10000.0,12075.0
T_05_05_1_4_03,Y,2018,,Chêne-Bougeries,ppe,all,libre,0,32.0,CHF_per_m2,6612,9835.0,10502.0,12067.0
T_05_05_1_4_03,Y,2018,,Chêne-Bougeries,ppe,all,zd,0,23.0,CHF_per_m2,6612,6125.0,6525.0,6779.0
T_05_05_1_4_03,Y,2018,,Chêne-Bougeries,ppe,all,all,0,55.0,CHF_per_m2,6612,6594.0,8988.0,10786.0
T_05_05_1_4_03,Y,2018,,Cologny,ppe,new,libre,0,14.0,CHF_per_m2,6617,9215.0,10995.0,12079.0
T_05_05_1_4_03,Y,2018,,Cologny,ppe,existing,libre,0,18.0,CHF_per_m2,6617,9046.0,10148.0,11565.0
T_05_05_1_4_03,Y,2018,,Cologny,ppe,all,libre,0,32.0,CHF_per_m2,6617,9154.0,10506.0,11690.0
T_05_05_1_4_03,Y,2018,,Cologny,ppe,all,zd,0,,CHF_per_m2,6617,,,
T_05_05_1_4_03,Y,2018,,Cologny,ppe,all,all,0,32.0,CHF_per_m2,6617,9154.0,10506.0,11690.0
T_05_05_1_4_03,Y,2018,,Genève,ppe,new,libre,0,65.0,CHF_per_m2,6621,8728.0,9909.0,11217.0
T_05_05_1_4_03,Y,2018,,Genève,ppe,existing,libre,0,296.0,CHF_per_m2,6621,9652.0,10795.0,12453.0
T_05_05_1_4_03,Y,2018,,Genève,ppe,all,libre,0,361.0,CHF_per_m2,6621,9478.0,10585.0,12210.0
T_05_05_1_4_03,Y,2018,,Genève,ppe,all,zd,0,91.0,CHF_per_m2,6621,5494.0,5994.0,6534.0
T_05_05_1_4_03,Y,2018,,Genève,ppe,all,all,0,452.0,CHF_per_m2,6621,7454.0,10000.0,11770.0
T_05_05_1_4_03,Y,2018,,Grand-Saconnex,ppe,new,libre,0,4.0,CHF_per_m2,6623,,,
T_05_05_1_4_03,Y,2018,,Grand-Saconnex,ppe,existing,libre,0,18.0,CHF_per_m2,6623,8525.0,8918.0,9573.0
T_05_05_1_4_03,Y,2018,,Grand-Saconnex,ppe,all,libre,0,22.0,CHF_per_m2,6623,8651.0,9109.0,10586.0
T_05_05_1_4_03,Y,2018,,Grand-Saconnex,ppe,all,zd,0,,CHF_per_m2,6623,,,
T_05_05_1_4_03,Y,2018,,Grand-Saconnex,ppe,all,all,0,22.0,CHF_per_m2,6623,8651.0,9109.0,10586.0
T_05_05_1_4_03,Y,2018,,Lancy,ppe,new,libre,0,3.0,CHF_per_m2,6628,,,
T_05_05_1_4_03,Y,2018,,Lancy,ppe,existing,libre,0,41.0,CHF_per_m2,6628,6250.0,7237.0,8187.0
T_05_05_1_4_03,Y,2018,,Lancy,ppe,all,libre,0,44.0,CHF_per_m2,6628,6274.0,7239.0,8213.0
T_05_05_1_4_03,Y,2018,,Lancy,ppe,all,zd,0,1.0,CHF_per_m2,6628,,,
T_05_05_1_4_03,Y,2018,,Lancy,ppe,all,all,0,45.0,CHF_per_m2,6628,6250.0,7237.0,8195.0
T_05_05_1_4_03,Y,2018,,Meyrin,ppe,new,libre,0,,CHF_per_m2,6630,,,
T_05_05_1_4_03,Y,2018,,Meyrin,ppe,existing,libre,0,27.0,CHF_per_m2,6630,4741.0,7185.0,7759.0
T_05_05_1_4_03,Y,2018,,Meyrin,ppe,all,libre,0,27.0,CHF_per_m2,6630,4741.0,7185.0,7759.0
T_05_05_1_4_03,Y,2018,,Meyrin,ppe,all,zd,0,9.0,CHF_per_m2,6630,,,
T_05_05_1_4_03,Y,2018,,Meyrin,ppe,all,all,0,36.0,CHF_per_m2,6630,5925.0,6505.0,7514.0
T_05_05_1_4_03,Y,2018,,Plan-les-Ouates,ppe,new,libre,0,15.0,CHF_per_m2,6633,7061.0,7639.0,8099.0
T_05_05_1_4_03,Y,2018,,Plan-les-Ouates,ppe,existing,libre,0,18.0,CHF_per_m2,6633,7407.0,8129.0,9378.0
T_05_05_1_4_03,Y,2018,,Plan-les-Ouates,ppe,all,libre,0,33.0,CHF_per_m2,6633,7407.0,7833.0,8268.0
T_05_05_1_4_03,Y,2018,,Plan-les-Ouates,ppe,all,zd,0,,CHF_per_m2,6633,,,
T_05_05_1_4_03,Y,2018,,Plan-les-Ouates,ppe,all,all,0,33.0,CHF_per_m2,6633,7407.0,7833.0,8268.0
T_05_05_1_4_03,Y,2018,,Thônex,ppe,new,libre,0,32.0,CHF_per_m2,6640,7754.0,8343.0,8643.0
T_05_05_1_4_03,Y,2018,,Thônex,ppe,existing,libre,0,35.0,CHF_per_m2,6640,6333.0,6990.0,7574.0
T_05_05_1_4_03,Y,2018,,Thônex,ppe,all,libre,0,67.0,CHF_per_m2,6640,6826.0,7710.0,8354.0
T_05_05_1_4_03,Y,2018,,Thônex,ppe,all,zd,0,1.0,CHF_per_m2,6640,,,
T_05_05_1_4_03,Y,2018,,Thônex,ppe,all,all,0,68.0,CHF_per_m2,6640,6838.0,7642.0,8353.0
T_05_05_1_4_03,Y,2018,,Vernier,ppe,new,libre,0,25.0,CHF_per_m2,6643,7754.0,8488.0,8852.0
T_05_05_1_4_03,Y,2018,,Vernier,ppe,existing,libre,0,10.0,CHF_per_m2,6643,6129.0,6605.0,7101.0
T_05_05_1_4_03,Y,2018,,Vernier,ppe,all,libre,0,35.0,CHF_per_m2,6643,6522.0,7803.0,8852.0
T_05_05_1_4_03,Y,2018,,Vernier,ppe,all,zd,0,1.0,CHF_per_m2,6643,,,
T_05_05_1_4_03,Y,2018,,Vernier,ppe,all,all,0,36.0,CHF_per_m2,6643,6511.0,7780.0,8812.0
T_05_05_1_4_03,Y,2018,,Versoix,ppe,new,libre,0,4.0,CHF_per_m2,6644,,,
T_05_05_1_4_03,Y,2018,,Versoix,ppe,existing,libre,0,18.0,CHF_per_m2,6644,7992.0,8428.0,8960.0
T_05_05_1_4_03,Y,2018,,Versoix,ppe,all,libre,0,22.0,CHF_per_m2,6644,8000.0,8333.0,8860.0
T_05_05_1_4_03,Y,2018,,Versoix,ppe,all,zd,0,26.0,CHF_per_m2,6644,5893.0,6002.0,6149.0
T_05_05_1_4_03,Y,2018,,Versoix,ppe,all,all,0,48.0,CHF_per_m2,6644,5989.0,6757.0,8257.0
T_05_05_1_4_03,Y,2018,,Veyrier,ppe,new,libre,0,18.0,CHF_per_m2,6645,7917.0,8477.0,8730.0
T_05_05_1_4_03,Y,2018,,Veyrier,ppe,existing,libre,0,13.0,CHF_per_m2,6645,7362.0,7814.0,9143.0
T_05_05_1_4_03,Y,2018,,Veyrier,ppe,all,libre,0,31.0,CHF_per_m2,6645,7362.0,8471.0,9143.0
T_05_05_1_4_03,Y,2018,,Veyrier,ppe,all,zd,0,,CHF_per_m2,6645,,,
T_05_05_1_4_03,Y,2018,,Veyrier,ppe,all,all,0,31.0,CHF_per_m2,6645,7362.0,8471.0,9143.0
T_05_05_1_4_03,Y,2018,,Autres communes du Sud du canton (3),ppe,new,libre,0,16.0,CHF_per_m2,,8880.0,9328.0,9573.0
T_05_05_1_4_03,Y,2018,,Autres communes du Sud du canton (3),ppe,existing,libre,0,37.0,CHF_per_m2,,6651.0,7255.0,8539.0
T_05_05_1_4_03,Y,2018,,Autres communes du Sud du canton (3),ppe,all,libre,0,53.0,CHF_per_m2,,6826.0,7857.0,9051.0
T_05_05_1_4_03,Y,2018,,Autres communes du Sud du canton (3),ppe,all,zd,0,1.0,CHF_per_m2,,,,
T_05_05_1_4_03,Y,2018,,Autres communes du Sud du canton (3),ppe,all,all,0,54.0,CHF_per_m2,,6771.0,7808.0,9051.0
T_05_05_1_4_03,Y,2018,,Autres communes du Nord du canton / rive droite du lac (4),ppe,new,libre,0,20.0,CHF_per_m2,,7340.0,8343.0,9518.0
T_05_05_1_4_03,Y,2018,,Autres communes du Nord du canton / rive droite du lac (4),ppe,existing,libre,0,12.0,CHF_per_m2,,6419.0,7002.0,8460.0
T_05_05_1_4_03,Y,2018,,Autres communes du Nord du canton / rive droite du lac (4),ppe,all,libre,0,32.0,CHF_per_m2,,6798.0,8131.0,9119.0
T_05_05_1_4_03,Y,2018,,Autres communes du Nord du canton / rive droite du lac (4),ppe,all,zd,0,,CHF_per_m2,,,,
T_05_05_1_4_03,Y,2018,,Autres communes du Nord du canton / rive droite du lac (4),ppe,all,all,0,32.0,CHF_per_m2,,6798.0,8131.0,9119.0
T_05_05_1_4_03,Y,2018,,Autres communes de la rive gauche du lac (5),ppe,new,libre,0,35.0,CHF_per_m2,,8034.0,9006.0,10025.0
T_05_05_1_4_03,Y,2018,,Autres communes de la rive gauche du lac (5),ppe,existing,libre,0,18.0,CHF_per_m2,,6142.0,7586.0,9240.0
T_05_05_1_4_03,Y,2018,,Autres communes de la rive gauche du lac (5),ppe,all,libre,0,53.0,CHF_per_m2,,7798.0,8657.0,9848.0
T_05_05_1_4_03,Y,2018,,Autres communes de la rive gauche du lac (5),ppe,all,zd,0,,CHF_per_m2,,,,
T_05_05_1_4_03,Y,2018,,Autres communes de la rive gauche du lac (5),ppe,all,all,0,53.0,CHF_per_m2,,7798.0,8657.0,9848.0
T_05_05_1_4_03,Y,2018,,Autres communes de l'Est du canton (6),ppe,new,libre,0,7.0,CHF_per_m2,,,,
T_05_05_1_4_03,Y,2018,,Autres communes de l'Est du canton (6),ppe,existing,libre,0,17.0,CHF_per_m2,,7117.0,8235.0,8578.0
T_05_05_1_4_03,Y,2018,,Autres communes de l'Est du canton (6),ppe,all,libre,0,24.0,CHF_per_m2,,6901.0,7789.0,8571.0
T_05_05_1_4_03,Y,2018,,Autres communes de l'Est du canton (6),ppe,all,zd,0,17.0,CHF_per_m2,,6019.0,6260.0,6658.0
T_05_05_1_4_03,Y,2018,,Autres communes de l'Est du canton (6),ppe,all,all,0,41.0,CHF_per_m2,,6150.0,6923.0,8060.0
T_05_05_1_4_03,Y,2018,,Autres communes de l'Ouest du canton (7),ppe,new,libre,0,7.0,CHF_per_m2,,,,
T_05_05_1_4_03,Y,2018,,Autres communes de l'Ouest du canton (7),ppe,existing,libre,0,28.0,CHF_per_m2,,6294.0,6927.0,7772.0
T_05_05_1_4_03,Y,2018,,Autres communes de l'Ouest du canton (7),ppe,all,libre,0,35.0,CHF_per_m2,,6418.0,6940.0,7854.0
T_05_05_1_4_03,Y,2018,,Autres communes de l'Ouest du canton (7),ppe,all,zd,0,2.0,CHF_per_m2,,,,
T_05_05_1_4_03,Y,2018,,Autres communes de l'Ouest du canton (7),ppe,all,all,0,37.0,CHF_per_m2,,6351.0,6913.0,7789.0
T_05_05_1_4_03,Y,2018,,Canton,ppe,new,libre,0,312.0,CHF_per_m2,0000,7825.0,8779.0,10000.0
T_05_05_1_4_03,Y,2018,,Canton,ppe,existing,libre,0,669.0,CHF_per_m2,0000,7307.0,8977.0,10756.0
T_05_05_1_4_03,Y,2018,,Canton,ppe,all,libre,0,981.0,CHF_per_m2,0000,7509.0,8918.0,10480.0
T_05_05_1_4_03,Y,2018,,Canton,ppe,all,zd,0,216.0,CHF_per_m2,0000,5697.0,6077.0,6488.0
T_05_05_1_4_03,Y,2018,,Canton,ppe,all,all,0,1197.0,CHF_per_m2,0000,6618.0,8333.0,10047.0
T_05_05_1_4_03,Y,2017,,Bernex,ppe,new,libre,0,7.0,CHF_per_m2,6607,,,
T_05_05_1_4_03,Y,2017,,Bernex,ppe,existing,libre,0,16.0,CHF_per_m2,6607,6712.0,7210.0,7773.0
T_05_05_1_4_03,Y,2017,,Bernex,ppe,all,libre,0,23.0,CHF_per_m2,6607,6364.0,6944.0,7736.0
T_05_05_1_4_03,Y,2017,,Bernex,ppe,all,zd,0,,CHF_per_m2,6607,,,
T_05_05_1_4_03,Y,2017,,Bernex,ppe,all,all,0,23.0,CHF_per_m2,6607,6364.0,6944.0,7736.0
T_05_05_1_4_03,Y,2017,,Carouge,ppe,new,libre,0,,CHF_per_m2,6608,,,
T_05_05_1_4_03,Y,2017,,Carouge,ppe,existing,libre,0,15.0,CHF_per_m2,6608,8246.0,9167.0,10255.0
T_05_05_1_4_03,Y,2017,,Carouge,ppe,all,libre,0,15.0,CHF_per_m2,6608,8246.0,9167.0,10255.0
T_05_05_1_4_03,Y,2017,,Carouge,ppe,all,zd,0,23.0,CHF_per_m2,6608,6432.0,6557.0,6627.0
T_05_05_1_4_03,Y,2017,,Carouge,ppe,all,all,0,38.0,CHF_per_m2,6608,6499.0,6627.0,8766.0
T_05_05_1_4_03,Y,2017,,Chêne-Bougeries,ppe,new,libre,0,30.0,CHF_per_m2,6612,7672.0,8583.0,9228.0
T_05_05_1_4_03,Y,2017,,Chêne-Bougeries,ppe,existing,libre,0,22.0,CHF_per_m2,6612,4758.0,7563.0,9394.0
T_05_05_1_4_03,Y,2017,,Chêne-Bougeries,ppe,all,libre,0,52.0,CHF_per_m2,6612,5302.0,8526.0,9297.0
T_05_05_1_4_03,Y,2017,,Chêne-Bougeries,ppe,all,zd,0,11.0,CHF_per_m2,6612,6248.0,8096.0,8402.0
T_05_05_1_4_03,Y,2017,,Chêne-Bougeries,ppe,all,all,0,63.0,CHF_per_m2,6612,5398.0,8402.0,9117.0
T_05_05_1_4_03,Y,2017,,Cologny,ppe,new,libre,0,9.0,CHF_per_m2,6617,,,
T_05_05_1_4_03,Y,2017,,Cologny,ppe,existing,libre,0,19.0,CHF_per_m2,6617,9298.0,10585.0,12500.0
T_05_05_1_4_03,Y,2017,,Cologny,ppe,all,libre,0,28.0,CHF_per_m2,6617,9233.0,10457.0,11755.0
T_05_05_1_4_03,Y,2017,,Cologny,ppe,all,zd,0,1.0,CHF_per_m2,6617,,,
T_05_05_1_4_03,Y,2017,,Cologny,ppe,all,all,0,29.0,CHF_per_m2,6617,9298.0,10427.0,11702.0
T_05_05_1_4_03,Y,2017,,Genève,ppe,new,libre,0,30.0,CHF_per_m2,6621,11484.0,12260.0,12951.0
T_05_05_1_4_03,Y,2017,,Genève,ppe,existing,libre,0,305.0,CHF_per_m2,6621,9135.0,10607.0,12191.0
T_05_05_1_4_03,Y,2017,,Genève,ppe,all,libre,0,335.0,CHF_per_m2,6621,9236.0,10806.0,12286.0
T_05_05_1_4_03,Y,2017,,Genève,ppe,all,zd,0,5.0,CHF_per_m2,6621,,,
T_05_05_1_4_03,Y,2017,,Genève,ppe,all,all,0,340.0,CHF_per_m2,6621,9143.0,10791.0,12260.0
T_05_05_1_4_03,Y,2017,,Grand-Saconnex,ppe,new,libre,0,13.0,CHF_per_m2,6623,10524.0,10705.0,11041.0
T_05_05_1_4_03,Y,2017,,Grand-Saconnex,ppe,existing,libre,0,20.0,CHF_per_m2,6623,7649.0,9036.0,9750.0
T_05_05_1_4_03,Y,2017,,Grand-Saconnex,ppe,all,libre,0,33.0,CHF_per_m2,6623,8310.0,9651.0,10705.0
T_05_05_1_4_03,Y,2017,,Grand-Saconnex,ppe,all,zd,0,1.0,CHF_per_m2,6623,,,
T_05_05_1_4_03,Y,2017,,Grand-Saconnex,ppe,all,all,0,34.0,CHF_per_m2,6623,8025.0,9640.0,10705.0
T_05_05_1_4_03,Y,2017,,Lancy,ppe,new,libre,0,27.0,CHF_per_m2,6628,7372.0,7673.0,8194.0
T_05_05_1_4_03,Y,2017,,Lancy,ppe,existing,libre,0,13.0,CHF_per_m2,6628,6506.0,8110.0,8846.0
T_05_05_1_4_03,Y,2017,,Lancy,ppe,all,libre,0,40.0,CHF_per_m2,6628,7369.0,7724.0,8351.0
T_05_05_1_4_03,Y,2017,,Lancy,ppe,all,zd,0,67.0,CHF_per_m2,6628,6063.0,6522.0,7184.0
T_05_05_1_4_03,Y,2017,,Lancy,ppe,all,all,0,107.0,CHF_per_m2,6628,6252.0,7076.0,7719.0
T_05_05_1_4_03,Y,2017,,Meyrin,ppe,new,libre,0,,CHF_per_m2,6630,,,
T_05_05_1_4_03,Y,2017,,Meyrin,ppe,existing,libre,0,27.0,CHF_per_m2,6630,5094.0,7228.0,7683.0
T_05_05_1_4_03,Y,2017,,Meyrin,ppe,all,libre,0,27.0,CHF_per_m2,6630,5094.0,7228.0,7683.0
T_05_05_1_4_03,Y,2017,,Meyrin,ppe,all,zd,0,59.0,CHF_per_m2,6630,5227.0,5466.0,6155.0
T_05_05_1_4_03,Y,2017,,Meyrin,ppe,all,all,0,86.0,CHF_per_m2,6630,5225.0,5592.0,6517.0
T_05_05_1_4_03,Y,2017,,Plan-les-Ouates,ppe,new,libre,0,,CHF_per_m2,6633,,,
T_05_05_1_4_03,Y,2017,,Plan-les-Ouates,ppe,existing,libre,0,14.0,CHF_per_m2,6633,7621.0,8166.0,8537.0
T_05_05_1_4_03,Y,2017,,Plan-les-Ouates,ppe,all,libre,0,14.0,CHF_per_m2,6633,7621.0,8166.0,8537.0
T_05_05_1_4_03,Y,2017,,Plan-les-Ouates,ppe,all,zd,0,,CHF_per_m2,6633,,,
T_05_05_1_4_03,Y,2017,,Plan-les-Ouates,ppe,all,all,0,14.0,CHF_per_m2,6633,7621.0,8166.0,8537.0
T_05_05_1_4_03,Y,2017,,Thônex,ppe,new,libre,0,,CHF_per_m2,6640,,,
T_05_05_1_4_03,Y,2017,,Thônex,ppe,existing,libre,0,25.0,CHF_per_m2,6640,6719.0,7123.0,7882.0
T_05_05_1_4_03,Y,2017,,Thônex,ppe,all,libre,0,25.0,CHF_per_m2,6640,6719.0,7123.0,7882.0
T_05_05_1_4_03,Y,2017,,Thônex,ppe,all,zd,0,1.0,CHF_per_m2,6640,,,
T_05_05_1_4_03,Y,2017,,Thônex,ppe,all,all,0,26.0,CHF_per_m2,6640,6667.0,7017.0,7882.0
T_05_05_1_4_03,Y,2017,,Vernier,ppe,new,libre,0,,CHF_per_m2,6643,,,
T_05_05_1_4_03,Y,2017,,Vernier,ppe,existing,libre,0,13.0,CHF_per_m2,6643,5882.0,6250.0,6792.0
T_05_05_1_4_03,Y,2017,,Vernier,ppe,all,libre,0,13.0,CHF_per_m2,6643,5882.0,6250.0,6792.0
T_05_05_1_4_03,Y,2017,,Vernier,ppe,all,zd,0,,CHF_per_m2,6643,,,
T_05_05_1_4_03,Y,2017,,Vernier,ppe,all,all,0,13.0,CHF_per_m2,6643,5882.0,6250.0,6792.0
T_05_05_1_4_03,Y,2017,,Versoix,ppe,new,libre,0,11.0,CHF_per_m2,6644,7300.0,8056.0,9119.0
T_05_05_1_4_03,Y,2017,,Versoix,ppe,existing,libre,0,25.0,CHF_per_m2,6644,6579.0,7297.0,7778.0
T_05_05_1_4_03,Y,2017,,Versoix,ppe,all,libre,0,36.0,CHF_per_m2,6644,6602.0,7446.0,8035.0
T_05_05_1_4_03,Y,2017,,Versoix,ppe,all,zd,0,,CHF_per_m2,6644,,,
T_05_05_1_4_03,Y,2017,,Versoix,ppe,all,all,0,36.0,CHF_per_m2,6644,6602.0,7446.0,8035.0
T_05_05_1_4_03,Y,2017,,Veyrier,ppe,new,libre,0,2.0,CHF_per_m2,6645,,,
T_05_05_1_4_03,Y,2017,,Veyrier,ppe,existing,libre,0,15.0,CHF_per_m2,6645,7541.0,8198.0,9899.0
T_05_05_1_4_03,Y,2017,,Veyrier,ppe,all,libre,0,17.0,CHF_per_m2,6645,6753.0,8112.0,9464.0
T_05_05_1_4_03,Y,2017,,Veyrier,ppe,all,zd,0,,CHF_per_m2,6645,,,
T_05_05_1_4_03,Y,2017,,Veyrier,ppe,all,all,0,17.0,CHF_per_m2,6645,6753.0,8112.0,9464.0
T_05_05_1_4_03,Y,2017,,Autres communes du Sud du canton (3),ppe,new,libre,0,18.0,CHF_per_m2,,7102.0,8006.0,8323.0
T_05_05_1_4_03,Y,2017,,Autres communes du Sud du canton (3),ppe,existing,libre,0,27.0,CHF_per_m2,,6633.0,7256.0,8026.0
T_05_05_1_4_03,Y,2017,,Autres communes du Sud du canton (3),ppe,all,libre,0,45.0,CHF_per_m2,,6875.0,7500.0,8142.0
T_05_05_1_4_03,Y,2017,,Autres communes du Sud du canton (3),ppe,all,zd,0,16.0,CHF_per_m2,,5673.0,5921.0,6019.0
T_05_05_1_4_03,Y,2017,,Autres communes du Sud du canton (3),ppe,all,all,0,61.0,CHF_per_m2,,6015.0,7102.0,8026.0
T_05_05_1_4_03,Y,2017,,Autres communes du Nord du canton / rive droite du lac (4),ppe,new,libre,0,16.0,CHF_per_m2,,6510.0,9736.0,10389.0
T_05_05_1_4_03,Y,2017,,Autres communes du Nord du canton / rive droite du lac (4),ppe,existing,libre,0,8.0,CHF_per_m2,,,,
T_05_05_1_4_03,Y,2017,,Autres communes du Nord du canton / rive droite du lac (4),ppe,all,libre,0,24.0,CHF_per_m2,,6482.0,8737.0,10197.0
T_05_05_1_4_03,Y,2017,,Autres communes du Nord du canton / rive droite du lac (4),ppe,all,zd,0,1.0,CHF_per_m2,,,,
T_05_05_1_4_03,Y,2017,,Autres communes du Nord du canton / rive droite du lac (4),ppe,all,all,0,25.0,CHF_per_m2,,6504.0,8346.0,10197.0
T_05_05_1_4_03,Y,2017,,Autres communes de la rive gauche du lac (5),ppe,new,libre,0,50.0,CHF_per_m2,,8120.0,9060.0,10625.0
T_05_05_1_4_03,Y,2017,,Autres communes de la rive gauche du lac (5),ppe,existing,libre,0,21.0,CHF_per_m2,,7042.0,8955.0,10135.0
T_05_05_1_4_03,Y,2017,,Autres communes de la rive gauche du lac (5),ppe,all,libre,0,71.0,CHF_per_m2,,7545.0,9060.0,10625.0
T_05_05_1_4_03,Y,2017,,Autres communes de la rive gauche du lac (5),ppe,all,zd,0,1.0,CHF_per_m2,,,,
T_05_05_1_4_03,Y,2017,,Autres communes de la rive gauche du lac (5),ppe,all,all,0,72.0,CHF_per_m2,,7650.0,9060.0,10410.0
T_05_05_1_4_03,Y,2017,,Autres communes de l'Est du canton (6),ppe,new,libre,0,19.0,CHF_per_m2,,6747.0,7787.0,8276.0
T_05_05_1_4_03,Y,2017,,Autres communes de l'Est du canton (6),ppe,existing,libre,0,18.0,CHF_per_m2,,7013.0,7938.0,8767.0
T_05_05_1_4_03,Y,2017,,Autres communes de l'Est du canton (6),ppe,all,libre,0,37.0,CHF_per_m2,,6975.0,7845.0,8484.0
T_05_05_1_4_03,Y,2017,,Autres communes de l'Est du canton (6),ppe,all,zd,0,21.0,CHF_per_m2,,5202.0,6687.0,7428.0
T_05_05_1_4_03,Y,2017,,Autres communes de l'Est du canton (6),ppe,all,all,0,58.0,CHF_per_m2,,6297.0,7379.0,7987.0
T_05_05_1_4_03,Y,2017,,Autres communes de l'Ouest du canton (7),ppe,new,libre,0,,CHF_per_m2,,,,
T_05_05_1_4_03,Y,2017,,Autres communes de l'Ouest du canton (7),ppe,existing,libre,0,22.0,CHF_per_m2,,5899.0,6859.0,7566.0
T_05_05_1_4_03,Y,2017,,Autres communes de l'Ouest du canton (7),ppe,all,libre,0,22.0,CHF_per_m2,,5899.0,6859.0,7566.0
T_05_05_1_4_03,Y,2017,,Autres communes de l'Ouest du canton (7),ppe,all,zd,0,50.0,CHF_per_m2,,5828.0,6182.0,6723.0
T_05_05_1_4_03,Y,2017,,Autres communes de l'Ouest du canton (7),ppe,all,all,0,72.0,CHF_per_m2,,5830.0,6306.0,6975.0
T_05_05_1_4_03,Y,2017,,Canton,ppe,new,libre,0,232.0,CHF_per_m2,0000,7611.0,8699.0,10690.0
T_05_05_1_4_03,Y,2017,,Canton,ppe,existing,libre,0,625.0,CHF_per_m2,0000,7381.0,8936.0,10964.0
T_05_05_1_4_03,Y,2017,,Canton,ppe,all,libre,0,857.0,CHF_per_m2,0000,7424.0,8857.0,10890.0
T_05_05_1_4_03,Y,2017,,Canton,ppe,all,zd,0,257.0,CHF_per_m2,0000,5676.0,6245.0,6713.0
T_05_05_1_4_03,Y,2017,,Canton,ppe,all,all,0,1114.0,CHF_per_m2,0000,6517.0,8036.0,10200.0
T_05_05_1_4_03,Y,2016,,Bernex,ppe,new,libre,0,19.0,CHF_per_m2,6607,8021.0,8691.0,8838.0
T_05_05_1_4_03,Y,2016,,Bernex,ppe,existing,libre,0,17.0,CHF_per_m2,6607,6327.0,6910.0,7358.0
T_05_05_1_4_03,Y,2016,,Bernex,ppe,all,libre,0,36.0,CHF_per_m2,6607,6738.0,7878.0,8799.0
T_05_05_1_4_03,Y,2016,,Bernex,ppe,all,zd,0,,CHF_per_m2,6607,,,
T_05_05_1_4_03,Y,2016,,Bernex,ppe,all,all,0,36.0,CHF_per_m2,6607,6738.0,7878.0,8799.0
T_05_05_1_4_03,Y,2016,,Carouge,ppe,new,libre,0,2.0,CHF_per_m2,6608,,,
T_05_05_1_4_03,Y,2016,,Carouge,ppe,existing,libre,0,19.0,CHF_per_m2,6608,7759.0,8626.0,10000.0
T_05_05_1_4_03,Y,2016,,Carouge,ppe,all,libre,0,21.0,CHF_per_m2,6608,8138.0,8910.0,10000.0
T_05_05_1_4_03,Y,2016,,Carouge,ppe,all,zd,0,49.0,CHF_per_m2,6608,6210.0,6394.0,6514.0
T_05_05_1_4_03,Y,2016,,Carouge,ppe,all,all,0,70.0,CHF_per_m2,6608,6325.0,6514.0,7759.0
T_05_05_1_4_03,Y,2016,,Chêne-Bougeries,ppe,new,libre,0,8.0,CHF_per_m2,6612,,,
T_05_05_1_4_03,Y,2016,,Chêne-Bougeries,ppe,existing,libre,0,15.0,CHF_per_m2,6612,8365.0,8718.0,9813.0
T_05_05_1_4_03,Y,2016,,Chêne-Bougeries,ppe,all,libre,0,23.0,CHF_per_m2,6612,8547.0,9813.0,12721.0
T_05_05_1_4_03,Y,2016,,Chêne-Bougeries,ppe,all,zd,0,111.0,CHF_per_m2,6612,5667.0,5811.0,6034.0
T_05_05_1_4_03,Y,2016,,Chêne-Bougeries,ppe,all,all,0,134.0,CHF_per_m2,6612,5691.0,5889.0,6501.0
T_05_05_1_4_03,Y,2016,,Cologny,ppe,new,libre,0,17.0,CHF_per_m2,6617,10015.0,10221.0,12644.0
T_05_05_1_4_03,Y,2016,,Cologny,ppe,existing,libre,0,20.0,CHF_per_m2,6617,8878.0,10276.0,12264.0
T_05_05_1_4_03,Y,2016,,Cologny,ppe,all,libre,0,37.0,CHF_per_m2,6617,9804.0,10223.0,12407.0
T_05_05_1_4_03,Y,2016,,Cologny,ppe,all,zd,0,,CHF_per_m2,6617,,,
T_05_05_1_4_03,Y,2016,,Cologny,ppe,all,all,0,37.0,CHF_per_m2,6617,9804.0,10223.0,12407.0
T_05_05_1_4_03,Y,2016,,Genève,ppe,new,libre,0,16.0,CHF_per_m2,6621,11050.0,12636.0,14750.0
T_05_05_1_4_03,Y,2016,,Genève,ppe,existing,libre,0,274.0,CHF_per_m2,6621,9031.0,10351.0,12080.0
T_05_05_1_4_03,Y,2016,,Genève,ppe,all,libre,0,290.0,CHF_per_m2,6621,9091.0,10471.0,12251.0
T_05_05_1_4_03,Y,2016,,Genève,ppe,all,zd,0,6.0,CHF_per_m2,6621,,,
T_05_05_1_4_03,Y,2016,,Genève,ppe,all,all,0,296.0,CHF_per_m2,6621,9002.0,10372.0,12229.0
T_05_05_1_4_03,Y,2016,,Grand-Saconnex,ppe,new,libre,0,,CHF_per_m2,6623,,,
T_05_05_1_4_03,Y,2016,,Grand-Saconnex,ppe,existing,libre,0,24.0,CHF_per_m2,6623,7486.0,8242.0,8659.0
T_05_05_1_4_03,Y,2016,,Grand-Saconnex,ppe,all,libre,0,24.0,CHF_per_m2,6623,7486.0,8242.0,8659.0
T_05_05_1_4_03,Y,2016,,Grand-Saconnex,ppe,all,zd,0,8.0,CHF_per_m2,6623,,,
T_05_05_1_4_03,Y,2016,,Grand-Saconnex,ppe,all,all,0,32.0,CHF_per_m2,6623,6746.0,7753.0,8598.0
T_05_05_1_4_03,Y,2016,,Lancy,ppe,new,libre,0,23.0,CHF_per_m2,6628,8476.0,9057.0,9567.0
T_05_05_1_4_03,Y,2016,,Lancy,ppe,existing,libre,0,38.0,CHF_per_m2,6628,5410.0,7721.0,8730.0
T_05_05_1_4_03,Y,2016,,Lancy,ppe,all,libre,0,61.0,CHF_per_m2,6628,7368.0,8432.0,9015.0
T_05_05_1_4_03,Y,2016,,Lancy,ppe,all,zd,0,111.0,CHF_per_m2,6628,5177.0,5841.0,6186.0
T_05_05_1_4_03,Y,2016,,Lancy,ppe,all,all,0,172.0,CHF_per_m2,6628,5486.0,6098.0,7586.0
T_05_05_1_4_03,Y,2016,,Meyrin,ppe,new,libre,0,,CHF_per_m2,6630,,,
T_05_05_1_4_03,Y,2016,,Meyrin,ppe,existing,libre,0,28.0,CHF_per_m2,6630,6581.0,6874.0,7162.0
T_05_05_1_4_03,Y,2016,,Meyrin,ppe,all,libre,0,28.0,CHF_per_m2,6630,6581.0,6874.0,7162.0
T_05_05_1_4_03,Y,2016,,Meyrin,ppe,all,zd,0,159.0,CHF_per_m2,6630,5212.0,5926.0,6586.0
T_05_05_1_4_03,Y,2016,,Meyrin,ppe,all,all,0,187.0,CHF_per_m2,6630,5240.0,6035.0,6749.0
T_05_05_1_4_03,Y,2016,,Plan-les-Ouates,ppe,new,libre,0,,CHF_per_m2,6633,,,
T_05_05_1_4_03,Y,2016,,Plan-les-Ouates,ppe,existing,libre,0,15.0,CHF_per_m2,6633,6857.0,7900.0,8205.0
T_05_05_1_4_03,Y,2016,,Plan-les-Ouates,ppe,all,libre,0,15.0,CHF_per_m2,6633,6857.0,7900.0,8205.0
T_05_05_1_4_03,Y,2016,,Plan-les-Ouates,ppe,all,zd,0,,CHF_per_m2,6633,,,
T_05_05_1_4_03,Y,2016,,Plan-les-Ouates,ppe,all,all,0,15.0,CHF_per_m2,6633,6857.0,7900.0,8205.0
T_05_05_1_4_03,Y,2016,,Thônex,ppe,new,libre,0,,CHF_per_m2,6640,,,
T_05_05_1_4_03,Y,2016,,Thônex,ppe,existing,libre,0,23.0,CHF_per_m2,6640,6503.0,7246.0,7667.0
T_05_05_1_4_03,Y,2016,,Thônex,ppe,all,libre,0,23.0,CHF_per_m2,6640,6503.0,7246.0,7667.0
T_05_05_1_4_03,Y,2016,,Thônex,ppe,all,zd,0,,CHF_per_m2,6640,,,
T_05_05_1_4_03,Y,2016,,Thônex,ppe,all,all,0,23.0,CHF_per_m2,6640,6503.0,7246.0,7667.0
T_05_05_1_4_03,Y,2016,,Vernier,ppe,new,libre,0,10.0,CHF_per_m2,6643,8659.0,8984.0,10108.0
T_05_05_1_4_03,Y,2016,,Vernier,ppe,existing,libre,0,15.0,CHF_per_m2,6643,5556.0,6885.0,7281.0
T_05_05_1_4_03,Y,2016,,Vernier,ppe,all,libre,0,25.0,CHF_per_m2,6643,6222.0,7518.0,8938.0
T_05_05_1_4_03,Y,2016,,Vernier,ppe,all,zd,0,24.0,CHF_per_m2,6643,4953.0,5011.0,5548.0
T_05_05_1_4_03,Y,2016,,Vernier,ppe,all,all,0,49.0,CHF_per_m2,6643,4977.0,6087.0,7518.0
T_05_05_1_4_03,Y,2016,,Versoix,ppe,new,libre,0,1.0,CHF_per_m2,6644,,,
T_05_05_1_4_03,Y,2016,,Versoix,ppe,existing,libre,0,17.0,CHF_per_m2,6644,6579.0,7256.0,7789.0
T_05_05_1_4_03,Y,2016,,Versoix,ppe,all,libre,0,18.0,CHF_per_m2,6644,6431.0,7252.0,7789.0
T_05_05_1_4_03,Y,2016,,Versoix,ppe,all,zd,0,,CHF_per_m2,6644,,,
T_05_05_1_4_03,Y,2016,,Versoix,ppe,all,all,0,18.0,CHF_per_m2,6644,6431.0,7252.0,7789.0
T_05_05_1_4_03,Y,2016,,Veyrier,ppe,new,libre,0,4.0,CHF_per_m2,6645,,,
T_05_05_1_4_03,Y,2016,,Veyrier,ppe,existing,libre,0,16.0,CHF_per_m2,6645,7218.0,8198.0,9536.0
T_05_05_1_4_03,Y,2016,,Veyrier,ppe,all,libre,0,20.0,CHF_per_m2,6645,7218.0,8316.0,9481.0
T_05_05_1_4_03,Y,2016,,Veyrier,ppe,all,zd,0,,CHF_per_m2,6645,,,
T_05_05_1_4_03,Y,2016,,Veyrier,ppe,all,all,0,20.0,CHF_per_m2,6645,7218.0,8316.0,9481.0
T_05_05_1_4_03,Y,2016,,Autres communes du Sud du canton (3),ppe,new,libre,0,22.0,CHF_per_m2,,7912.0,8462.0,8869.0
T_05_05_1_4_03,Y,2016,,Autres communes du Sud du canton (3),ppe,existing,libre,0,25.0,CHF_per_m2,,6548.0,7353.0,8378.0
T_05_05_1_4_03,Y,2016,,Autres communes du Sud du canton (3),ppe,all,libre,0,47.0,CHF_per_m2,,6972.0,8182.0,8661.0
T_05_05_1_4_03,Y,2016,,Autres communes du Sud du canton (3),ppe,all,zd,0,17.0,CHF_per_m2,,6564.0,6697.0,6991.0
T_05_05_1_4_03,Y,2016,,Autres communes du Sud du canton (3),ppe,all,all,0,64.0,CHF_per_m2,,6689.0,7565.0,8486.0
T_05_05_1_4_03,Y,2016,,Autres communes du Nord du canton / rive droite du lac (4),ppe,new,libre,0,5.0,CHF_per_m2,,,,
T_05_05_1_4_03,Y,2016,,Autres communes du Nord du canton / rive droite du lac (4),ppe,existing,libre,0,9.0,CHF_per_m2,,,,
T_05_05_1_4_03,Y,2016,,Autres communes du Nord du canton / rive droite du lac (4),ppe,all,libre,0,14.0,CHF_per_m2,,7533.0,8300.0,9423.0
T_05_05_1_4_03,Y,2016,,Autres communes du Nord du canton / rive droite du lac (4),ppe,all,zd,0,23.0,CHF_per_m2,,6282.0,6393.0,7210.0
T_05_05_1_4_03,Y,2016,,Autres communes du Nord du canton / rive droite du lac (4),ppe,all,all,0,37.0,CHF_per_m2,,6327.0,6943.0,8288.0
T_05_05_1_4_03,Y,2016,,Autres communes de la rive gauche du lac (5),ppe,new,libre,0,34.0,CHF_per_m2,,10727.0,12245.0,14659.0
T_05_05_1_4_03,Y,2016,,Autres communes de la rive gauche du lac (5),ppe,existing,libre,0,21.0,CHF_per_m2,,7663.0,8182.0,9950.0
T_05_05_1_4_03,Y,2016,,Autres communes de la rive gauche du lac (5),ppe,all,libre,0,55.0,CHF_per_m2,,8575.0,10727.0,12955.0
T_05_05_1_4_03,Y,2016,,Autres communes de la rive gauche du lac (5),ppe,all,zd,0,,CHF_per_m2,,,,
T_05_05_1_4_03,Y,2016,,Autres communes de la rive gauche du lac (5),ppe,all,all,0,55.0,CHF_per_m2,,8575.0,10727.0,12955.0
T_05_05_1_4_03,Y,2016,,Autres communes de l'Est du canton (6),ppe,new,libre,0,10.0,CHF_per_m2,,8113.0,8632.0,9289.0
T_05_05_1_4_03,Y,2016,,Autres communes de l'Est du canton (6),ppe,existing,libre,0,17.0,CHF_per_m2,,6205.0,7059.0,8423.0
T_05_05_1_4_03,Y,2016,,Autres communes de l'Est du canton (6),ppe,all,libre,0,27.0,CHF_per_m2,,6377.0,7904.0,8821.0
T_05_05_1_4_03,Y,2016,,Autres communes de l'Est du canton (6),ppe,all,zd,0,,CHF_per_m2,,,,
T_05_05_1_4_03,Y,2016,,Autres communes de l'Est du canton (6),ppe,all,all,0,27.0,CHF_per_m2,,6377.0,7904.0,8821.0
T_05_05_1_4_03,Y,2016,,Autres communes de l'Ouest du canton (7),ppe,new,libre,0,8.0,CHF_per_m2,,,,
T_05_05_1_4_03,Y,2016,,Autres communes de l'Ouest du canton (7),ppe,existing,libre,0,22.0,CHF_per_m2,,5200.0,6514.0,6869.0
T_05_05_1_4_03,Y,2016,,Autres communes de l'Ouest du canton (7),ppe,all,libre,0,30.0,CHF_per_m2,,5651.0,6404.0,6791.0
T_05_05_1_4_03,Y,2016,,Autres communes de l'Ouest du canton (7),ppe,all,zd,0,48.0,CHF_per_m2,,5302.0,5654.0,5918.0
T_05_05_1_4_03,Y,2016,,Autres communes de l'Ouest du canton (7),ppe,all,all,0,78.0,CHF_per_m2,,5325.0,5774.0,6291.0
T_05_05_1_4_03,Y,2016,,Canton,ppe,new,libre,0,179.0,CHF_per_m2,0000,8397.0,9375.0,11813.0
T_05_05_1_4_03,Y,2016,,Canton,ppe,existing,libre,0,615.0,CHF_per_m2,0000,7246.0,8655.0,10426.0
T_05_05_1_4_03,Y,2016,,Canton,ppe,all,libre,0,794.0,CHF_per_m2,0000,7414.0,8833.0,10612.0
T_05_05_1_4_03,Y,2016,,Canton,ppe,all,zd,0,556.0,CHF_per_m2,0000,5465.0,5925.0,6406.0
T_05_05_1_4_03,Y,2016,,Canton,ppe,all,all,0,1350.0,CHF_per_m2,0000,5944.0,7035.0,9286.0
T_05_05_1_4_03,Y,2015,,Bernex,ppe,new,libre,0,6.0,CHF_per_m2,6607,,,
T_05_05_1_4_03,Y,2015,,Bernex,ppe,existing,libre,0,26.0,CHF_per_m2,6607,6332.0,7291.0,8152.0
T_05_05_1_4_03,Y,2015,,Bernex,ppe,all,libre,0,32.0,CHF_per_m2,6607,6447.0,7913.0,8861.0
T_05_05_1_4_03,Y,2015,,Bernex,ppe,all,zd,0,,CHF_per_m2,6607,,,
T_05_05_1_4_03,Y,2015,,Bernex,ppe,all,all,0,32.0,CHF_per_m2,6607,6447.0,7913.0,8861.0
T_05_05_1_4_03,Y,2015,,Carouge,ppe,new,libre,0,28.0,CHF_per_m2,6608,8094.0,8593.0,9020.0
T_05_05_1_4_03,Y,2015,,Carouge,ppe,existing,libre,0,15.0,CHF_per_m2,6608,8654.0,8993.0,9854.0
T_05_05_1_4_03,Y,2015,,Carouge,ppe,all,libre,0,43.0,CHF_per_m2,6608,8120.0,8739.0,9243.0
T_05_05_1_4_03,Y,2015,,Carouge,ppe,all,zd,0,92.0,CHF_per_m2,6608,7411.0,7641.0,8079.0
T_05_05_1_4_03,Y,2015,,Carouge,ppe,all,all,0,135.0,CHF_per_m2,6608,7492.0,7943.0,8789.0
T_05_05_1_4_03,Y,2015,,Chêne-Bougeries,ppe,new,libre,0,2.0,CHF_per_m2,6612,,,
T_05_05_1_4_03,Y,2015,,Chêne-Bougeries,ppe,existing,libre,0,14.0,CHF_per_m2,6612,8319.0,9608.0,12333.0
T_05_05_1_4_03,Y,2015,,Chêne-Bougeries,ppe,all,libre,0,16.0,CHF_per_m2,6612,8341.0,10505.0,12520.0
T_05_05_1_4_03,Y,2015,,Chêne-Bougeries,ppe,all,zd,0,,CHF_per_m2,6612,,,
T_05_05_1_4_03,Y,2015,,Chêne-Bougeries,ppe,all,all,0,16.0,CHF_per_m2,6612,8341.0,10505.0,12520.0
T_05_05_1_4_03,Y,2015,,Cologny,ppe,new,libre,0,,CHF_per_m2,6617,,,
T_05_05_1_4_03,Y,2015,,Cologny,ppe,existing,libre,0,17.0,CHF_per_m2,6617,10370.0,11730.0,12330.0
T_05_05_1_4_03,Y,2015,,Cologny,ppe,all,libre,0,17.0,CHF_per_m2,6617,10370.0,11730.0,12330.0
T_05_05_1_4_03,Y,2015,,Cologny,ppe,all,zd,0,34.0,CHF_per_m2,6617,7237.0,7847.0,8307.0
T_05_05_1_4_03,Y,2015,,Cologny,ppe,all,all,0,51.0,CHF_per_m2,6617,7679.0,8307.0,10370.0
T_05_05_1_4_03,Y,2015,,Genève,ppe,new,libre,0,51.0,CHF_per_m2,6621,9762.0,10490.0,12253.0
T_05_05_1_4_03,Y,2015,,Genève,ppe,existing,libre,0,305.0,CHF_per_m2,6621,9111.0,10569.0,11959.0
T_05_05_1_4_03,Y,2015,,Genève,ppe,all,libre,0,356.0,CHF_per_m2,6621,9237.0,10543.0,11961.0
T_05_05_1_4_03,Y,2015,,Genève,ppe,all,zd,0,150.0,CHF_per_m2,6621,5725.0,6114.0,6547.0
T_05_05_1_4_03,Y,2015,,Genève,ppe,all,all,0,506.0,CHF_per_m2,6621,6594.0,9619.0,11259.0
T_05_05_1_4_03,Y,2015,,Grand-Saconnex,ppe,new,libre,0,1.0,CHF_per_m2,6623,,,
T_05_05_1_4_03,Y,2015,,Grand-Saconnex,ppe,existing,libre,0,14.0,CHF_per_m2,6623,8163.0,8813.0,9545.0
T_05_05_1_4_03,Y,2015,,Grand-Saconnex,ppe,all,libre,0,15.0,CHF_per_m2,6623,8163.0,8962.0,10172.0
T_05_05_1_4_03,Y,2015,,Grand-Saconnex,ppe,all,zd,0,,CHF_per_m2,6623,,,
T_05_05_1_4_03,Y,2015,,Grand-Saconnex,ppe,all,all,0,15.0,CHF_per_m2,6623,8163.0,8962.0,10172.0
T_05_05_1_4_03,Y,2015,,Lancy,ppe,new,libre,0,18.0,CHF_per_m2,6628,8027.0,8916.0,9253.0
T_05_05_1_4_03,Y,2015,,Lancy,ppe,existing,libre,0,46.0,CHF_per_m2,6628,6351.0,7350.0,7979.0
T_05_05_1_4_03,Y,2015,,Lancy,ppe,all,libre,0,64.0,CHF_per_m2,6628,6978.0,7720.0,8732.0
T_05_05_1_4_03,Y,2015,,Lancy,ppe,all,zd,0,47.0,CHF_per_m2,6628,5726.0,5939.0,6152.0
T_05_05_1_4_03,Y,2015,,Lancy,ppe,all,all,0,111.0,CHF_per_m2,6628,5910.0,6407.0,7979.0
T_05_05_1_4_03,Y,2015,,Meyrin,ppe,new,libre,0,2.0,CHF_per_m2,6630,,,
T_05_05_1_4_03,Y,2015,,Meyrin,ppe,existing,libre,0,18.0,CHF_per_m2,6630,7522.0,7891.0,8421.0
T_05_05_1_4_03,Y,2015,,Meyrin,ppe,all,libre,0,20.0,CHF_per_m2,6630,7523.0,7891.0,8487.0
T_05_05_1_4_03,Y,2015,,Meyrin,ppe,all,zd,0,1.0,CHF_per_m2,6630,,,
T_05_05_1_4_03,Y,2015,,Meyrin,ppe,all,all,0,21.0,CHF_per_m2,6630,7522.0,7802.0,8421.0
T_05_05_1_4_03,Y,2015,,Plan-les-Ouates,ppe,new,libre,0,6.0,CHF_per_m2,6633,,,
T_05_05_1_4_03,Y,2015,,Plan-les-Ouates,ppe,existing,libre,0,16.0,CHF_per_m2,6633,7517.0,8557.0,9108.0
T_05_05_1_4_03,Y,2015,,Plan-les-Ouates,ppe,all,libre,0,22.0,CHF_per_m2,6633,7391.0,7742.0,8759.0
T_05_05_1_4_03,Y,2015,,Plan-les-Ouates,ppe,all,zd,0,31.0,CHF_per_m2,6633,5801.0,5930.0,6116.0
T_05_05_1_4_03,Y,2015,,Plan-les-Ouates,ppe,all,all,0,53.0,CHF_per_m2,6633,5916.0,6399.0,7524.0
T_05_05_1_4_03,Y,2015,,Thônex,ppe,new,libre,0,,CHF_per_m2,6640,,,
T_05_05_1_4_03,Y,2015,,Thônex,ppe,existing,libre,0,18.0,CHF_per_m2,6640,6990.0,7611.0,8193.0
T_05_05_1_4_03,Y,2015,,Thônex,ppe,all,libre,0,18.0,CHF_per_m2,6640,6990.0,7611.0,8193.0
T_05_05_1_4_03,Y,2015,,Thônex,ppe,all,zd,0,,CHF_per_m2,6640,,,
T_05_05_1_4_03,Y,2015,,Thônex,ppe,all,all,0,18.0,CHF_per_m2,6640,6990.0,7611.0,8193.0
T_05_05_1_4_03,Y,2015,,Vernier,ppe,new,libre,0,4.0,CHF_per_m2,6643,,,
T_05_05_1_4_03,Y,2015,,Vernier,ppe,existing,libre,0,8.0,CHF_per_m2,6643,,,
T_05_05_1_4_03,Y,2015,,Vernier,ppe,all,libre,0,12.0,CHF_per_m2,6643,6950.0,8144.0,9074.0
T_05_05_1_4_03,Y,2015,,Vernier,ppe,all,zd,0,,CHF_per_m2,6643,,,
T_05_05_1_4_03,Y,2015,,Vernier,ppe,all,all,0,12.0,CHF_per_m2,6643,6950.0,8144.0,9074.0
T_05_05_1_4_03,Y,2015,,Versoix,ppe,new,libre,0,,CHF_per_m2,6644,,,
T_05_05_1_4_03,Y,2015,,Versoix,ppe,existing,libre,0,28.0,CHF_per_m2,6644,6988.0,7579.0,7921.0
T_05_05_1_4_03,Y,2015,,Versoix,ppe,all,libre,0,28.0,CHF_per_m2,6644,6988.0,7579.0,7921.0
T_05_05_1_4_03,Y,2015,,Versoix,ppe,all,zd,0,,CHF_per_m2,6644,,,
T_05_05_1_4_03,Y,2015,,Versoix,ppe,all,all,0,28.0,CHF_per_m2,6644,6988.0,7579.0,7921.0
T_05_05_1_4_03,Y,2015,,Veyrier,ppe,new,libre,0,21.0,CHF_per_m2,6645,8510.0,8869.0,9318.0
T_05_05_1_4_03,Y,2015,,Veyrier,ppe,existing,libre,0,10.0,CHF_per_m2,6645,6667.0,8589.0,9619.0
T_05_05_1_4_03,Y,2015,,Veyrier,ppe,all,libre,0,31.0,CHF_per_m2,6645,8455.0,8759.0,9377.0
T_05_05_1_4_03,Y,2015,,Veyrier,ppe,all,zd,0,,CHF_per_m2,6645,,,
T_05_05_1_4_03,Y,2015,,Veyrier,ppe,all,all,0,31.0,CHF_per_m2,6645,8455.0,8759.0,9377.0
T_05_05_1_4_03,Y,2015,,Autres communes du Sud du canton (3),ppe,new,libre,0,24.0,CHF_per_m2,,8307.0,9272.0,10019.0
T_05_05_1_4_03,Y,2015,,Autres communes du Sud du canton (3),ppe,existing,libre,0,29.0,CHF_per_m2,,6370.0,7255.0,8111.0
T_05_05_1_4_03,Y,2015,,Autres communes du Sud du canton (3),ppe,all,libre,0,53.0,CHF_per_m2,,6694.0,8043.0,9263.0
T_05_05_1_4_03,Y,2015,,Autres communes du Sud du canton (3),ppe,all,zd,0,64.0,CHF_per_m2,,7020.0,7371.0,7642.0
T_05_05_1_4_03,Y,2015,,Autres communes du Sud du canton (3),ppe,all,all,0,117.0,CHF_per_m2,,6861.0,7450.0,8043.0
T_05_05_1_4_03,Y,2015,,Autres communes du Nord du canton / rive droite du lac (4),ppe,new,libre,0,3.0,CHF_per_m2,,,,
T_05_05_1_4_03,Y,2015,,Autres communes du Nord du canton / rive droite du lac (4),ppe,existing,libre,0,4.0,CHF_per_m2,,,,
T_05_05_1_4_03,Y,2015,,Autres communes du Nord du canton / rive droite du lac (4),ppe,all,libre,0,7.0,CHF_per_m2,,,,
T_05_05_1_4_03,Y,2015,,Autres communes du Nord du canton / rive droite du lac (4),ppe,all,zd,0,1.0,CHF_per_m2,,,,
T_05_05_1_4_03,Y,2015,,Autres communes du Nord du canton / rive droite du lac (4),ppe,all,all,0,8.0,CHF_per_m2,,,,
T_05_05_1_4_03,Y,2015,,Autres communes de la rive gauche du lac (5),ppe,new,libre,0,9.0,CHF_per_m2,,,,
T_05_05_1_4_03,Y,2015,,Autres communes de la rive gauche du lac (5),ppe,existing,libre,0,10.0,CHF_per_m2,,6750.0,8526.0,9272.0
T_05_05_1_4_03,Y,2015,,Autres communes de la rive gauche du lac (5),ppe,all,libre,0,19.0,CHF_per_m2,,8038.0,10248.0,11074.0
T_05_05_1_4_03,Y,2015,,Autres communes de la rive gauche du lac (5),ppe,all,zd,0,22.0,CHF_per_m2,,6680.0,7378.0,7739.0
T_05_05_1_4_03,Y,2015,,Autres communes de la rive gauche du lac (5),ppe,all,all,0,41.0,CHF_per_m2,,6805.0,7739.0,10085.0
T_05_05_1_4_03,Y,2015,,Autres communes de l'Est du canton (6),ppe,new,libre,0,13.0,CHF_per_m2,,8396.0,8897.0,9924.0
T_05_05_1_4_03,Y,2015,,Autres communes de l'Est du canton (6),ppe,existing,libre,0,20.0,CHF_per_m2,,6530.0,8079.0,8381.0
T_05_05_1_4_03,Y,2015,,Autres communes de l'Est du canton (6),ppe,all,libre,0,33.0,CHF_per_m2,,6814.0,8333.0,8944.0
T_05_05_1_4_03,Y,2015,,Autres communes de l'Est du canton (6),ppe,all,zd,0,79.0,CHF_per_m2,,5662.0,6175.0,7265.0
T_05_05_1_4_03,Y,2015,,Autres communes de l'Est du canton (6),ppe,all,all,0,112.0,CHF_per_m2,,5692.0,6604.0,8088.0
T_05_05_1_4_03,Y,2015,,Autres communes de l'Ouest du canton (7),ppe,new,libre,0,48.0,CHF_per_m2,,6632.0,7450.0,8745.0
T_05_05_1_4_03,Y,2015,,Autres communes de l'Ouest du canton (7),ppe,existing,libre,0,25.0,CHF_per_m2,,6200.0,7600.0,8275.0
T_05_05_1_4_03,Y,2015,,Autres communes de l'Ouest du canton (7),ppe,all,libre,0,73.0,CHF_per_m2,,6514.0,7501.0,8456.0
T_05_05_1_4_03,Y,2015,,Autres communes de l'Ouest du canton (7),ppe,all,zd,0,3.0,CHF_per_m2,,,,
T_05_05_1_4_03,Y,2015,,Autres communes de l'Ouest du canton (7),ppe,all,all,0,76.0,CHF_per_m2,,6460.0,7467.0,8421.0
T_05_05_1_4_03,Y,2015,,Canton,ppe,new,libre,0,236.0,CHF_per_m2,0000,8023.0,9132.0,10275.0
T_05_05_1_4_03,Y,2015,,Canton,ppe,existing,libre,0,623.0,CHF_per_m2,0000,7571.0,8947.0,10893.0
T_05_05_1_4_03,Y,2015,,Canton,ppe,all,libre,0,859.0,CHF_per_m2,0000,7677.0,8993.0,10656.0
T_05_05_1_4_03,Y,2015,,Canton,ppe,all,zd,0,524.0,CHF_per_m2,0000,5929.0,6566.0,7506.0
T_05_05_1_4_03,Y,2015,,Canton,ppe,all,all,0,1383.0,CHF_per_m2,0000,6554.0,7895.0,9672.0
T_05_05_1_4_03,Y,2014,,Bernex,ppe,new,libre,0,9.0,CHF_per_m2,6607,,,
T_05_05_1_4_03,Y,2014,,Bernex,ppe,existing,libre,0,20.0,CHF_per_m2,6607,6756.0,7151.0,7838.0
T_05_05_1_4_03,Y,2014,,Bernex,ppe,all,libre,0,29.0,CHF_per_m2,6607,7000.0,7692.0,9237.0
T_05_05_1_4_03,Y,2014,,Bernex,ppe,all,zd,0,,CHF_per_m2,6607,,,
T_05_05_1_4_03,Y,2014,,Bernex,ppe,all,all,0,29.0,CHF_per_m2,6607,7000.0,7692.0,9237.0
T_05_05_1_4_03,Y,2014,,Carouge,ppe,new,libre,0,,CHF_per_m2,6608,,,
T_05_05_1_4_03,Y,2014,,Carouge,ppe,existing,libre,0,11.0,CHF_per_m2,6608,8056.0,8838.0,11644.0
T_05_05_1_4_03,Y,2014,,Carouge,ppe,all,libre,0,11.0,CHF_per_m2,6608,8056.0,8838.0,11644.0
T_05_05_1_4_03,Y,2014,,Carouge,ppe,all,zd,0,37.0,CHF_per_m2,6608,6449.0,6541.0,6608.0
T_05_05_1_4_03,Y,2014,,Carouge,ppe,all,all,0,48.0,CHF_per_m2,6608,6451.0,6551.0,6743.0
T_05_05_1_4_03,Y,2014,,Chêne-Bougeries,ppe,new,libre,0,1.0,CHF_per_m2,6612,,,
T_05_05_1_4_03,Y,2014,,Chêne-Bougeries,ppe,existing,libre,0,12.0,CHF_per_m2,6612,7790.0,9560.0,11026.0
T_05_05_1_4_03,Y,2014,,Chêne-Bougeries,ppe,all,libre,0,13.0,CHF_per_m2,6612,7830.0,9235.0,11000.0
T_05_05_1_4_03,Y,2014,,Chêne-Bougeries,ppe,all,zd,0,4.0,CHF_per_m2,6612,,,
T_05_05_1_4_03,Y,2014,,Chêne-Bougeries,ppe,all,all,0,17.0,CHF_per_m2,6612,7830.0,8661.0,9908.0
T_05_05_1_4_03,Y,2014,,Cologny,ppe,new,libre,0,,CHF_per_m2,6617,,,
T_05_05_1_4_03,Y,2014,,Cologny,ppe,existing,libre,0,18.0,CHF_per_m2,6617,10484.0,10959.0,16562.0
T_05_05_1_4_03,Y,2014,,Cologny,ppe,all,libre,0,18.0,CHF_per_m2,6617,10484.0,10959.0,16562.0
T_05_05_1_4_03,Y,2014,,Cologny,ppe,all,zd,0,124.0,CHF_per_m2,6617,6781.0,7160.0,7579.0
T_05_05_1_4_03,Y,2014,,Cologny,ppe,all,all,0,142.0,CHF_per_m2,6617,6836.0,7225.0,7793.0
T_05_05_1_4_03,Y,2014,,Genève,ppe,new,libre,0,127.0,CHF_per_m2,6621,9449.0,10452.0,11986.0
T_05_05_1_4_03,Y,2014,,Genève,ppe,existing,libre,0,230.0,CHF_per_m2,6621,9673.0,11038.0,12727.0
T_05_05_1_4_03,Y,2014,,Genève,ppe,all,libre,0,357.0,CHF_per_m2,6621,9630.0,10833.0,12500.0
T_05_05_1_4_03,Y,2014,,Genève,ppe,all,zd,0,21.0,CHF_per_m2,6621,6245.0,6602.0,9354.0
T_05_05_1_4_03,Y,2014,,Genève,ppe,all,all,0,378.0,CHF_per_m2,6621,9444.0,10724.0,12459.0
T_05_05_1_4_03,Y,2014,,Grand-Saconnex,ppe,new,libre,0,5.0,CHF_per_m2,6623,,,
T_05_05_1_4_03,Y,2014,,Grand-Saconnex,ppe,existing,libre,0,12.0,CHF_per_m2,6623,9121.0,9894.0,10631.0
T_05_05_1_4_03,Y,2014,,Grand-Saconnex,ppe,all,libre,0,17.0,CHF_per_m2,6623,9612.0,10208.0,10643.0
T_05_05_1_4_03,Y,2014,,Grand-Saconnex,ppe,all,zd,0,,CHF_per_m2,6623,,,
T_05_05_1_4_03,Y,2014,,Grand-Saconnex,ppe,all,all,0,17.0,CHF_per_m2,6623,9612.0,10208.0,10643.0
T_05_05_1_4_03,Y,2014,,Lancy,ppe,new,libre,0,,CHF_per_m2,6628,,,
T_05_05_1_4_03,Y,2014,,Lancy,ppe,existing,libre,0,33.0,CHF_per_m2,6628,5926.0,7455.0,8138.0
T_05_05_1_4_03,Y,2014,,Lancy,ppe,all,libre,0,33.0,CHF_per_m2,6628,5926.0,7455.0,8138.0
T_05_05_1_4_03,Y,2014,,Lancy,ppe,all,zd,0,49.0,CHF_per_m2,6628,6397.0,6647.0,6866.0
T_05_05_1_4_03,Y,2014,,Lancy,ppe,all,all,0,82.0,CHF_per_m2,6628,6279.0,6675.0,7222.0
T_05_05_1_4_03,Y,2014,,Meyrin,ppe,new,libre,0,4.0,CHF_per_m2,6630,,,
T_05_05_1_4_03,Y,2014,,Meyrin,ppe,existing,libre,0,19.0,CHF_per_m2,6630,6667.0,7290.0,8372.0
T_05_05_1_4_03,Y,2014,,Meyrin,ppe,all,libre,0,23.0,CHF_per_m2,6630,7022.0,7609.0,8443.0
T_05_05_1_4_03,Y,2014,,Meyrin,ppe,all,zd,0,5.0,CHF_per_m2,6630,,,
T_05_05_1_4_03,Y,2014,,Meyrin,ppe,all,all,0,28.0,CHF_per_m2,6630,6436.0,7369.0,8388.0
T_05_05_1_4_03,Y,2014,,Plan-les-Ouates,ppe,new,libre,0,,CHF_per_m2,6633,,,
T_05_05_1_4_03,Y,2014,,Plan-les-Ouates,ppe,existing,libre,0,18.0,CHF_per_m2,6633,7895.0,8139.0,9494.0
T_05_05_1_4_03,Y,2014,,Plan-les-Ouates,ppe,all,libre,0,18.0,CHF_per_m2,6633,7895.0,8139.0,9494.0
T_05_05_1_4_03,Y,2014,,Plan-les-Ouates,ppe,all,zd,0,,CHF_per_m2,6633,,,
T_05_05_1_4_03,Y,2014,,Plan-les-Ouates,ppe,all,all,0,18.0,CHF_per_m2,6633,7895.0,8139.0,9494.0
T_05_05_1_4_03,Y,2014,,Thônex,ppe,new,libre,0,2.0,CHF_per_m2,6640,,,
T_05_05_1_4_03,Y,2014,,Thônex,ppe,existing,libre,0,26.0,CHF_per_m2,6640,7343.0,7656.0,8119.0
T_05_05_1_4_03,Y,2014,,Thônex,ppe,all,libre,0,28.0,CHF_per_m2,6640,7344.0,7715.0,8188.0
T_05_05_1_4_03,Y,2014,,Thônex,ppe,all,zd,0,,CHF_per_m2,6640,,,
T_05_05_1_4_03,Y,2014,,Thônex,ppe,all,all,0,28.0,CHF_per_m2,6640,7344.0,7715.0,8188.0
T_05_05_1_4_03,Y,2014,,Vernier,ppe,new,libre,0,,CHF_per_m2,6643,,,
T_05_05_1_4_03,Y,2014,,Vernier,ppe,existing,libre,0,14.0,CHF_per_m2,6643,4683.0,5684.0,6282.0
T_05_05_1_4_03,Y,2014,,Vernier,ppe,all,libre,0,14.0,CHF_per_m2,6643,4683.0,5684.0,6282.0
T_05_05_1_4_03,Y,2014,,Vernier,ppe,all,zd,0,,CHF_per_m2,6643,,,
T_05_05_1_4_03,Y,2014,,Vernier,ppe,all,all,0,14.0,CHF_per_m2,6643,4683.0,5684.0,6282.0
T_05_05_1_4_03,Y,2014,,Versoix,ppe,new,libre,0,,CHF_per_m2,6644,,,
T_05_05_1_4_03,Y,2014,,Versoix,ppe,existing,libre,0,20.0,CHF_per_m2,6644,6929.0,7576.0,8699.0
T_05_05_1_4_03,Y,2014,,Versoix,ppe,all,libre,0,20.0,CHF_per_m2,6644,6929.0,7576.0,8699.0
T_05_05_1_4_03,Y,2014,,Versoix,ppe,all,zd,0,,CHF_per_m2,6644,,,
T_05_05_1_4_03,Y,2014,,Versoix,ppe,all,all,0,20.0,CHF_per_m2,6644,6929.0,7576.0,8699.0
T_05_05_1_4_03,Y,2014,,Veyrier,ppe,new,libre,0,34.0,CHF_per_m2,6645,8217.0,8630.0,9427.0
T_05_05_1_4_03,Y,2014,,Veyrier,ppe,existing,libre,0,16.0,CHF_per_m2,6645,6546.0,8212.0,9764.0
T_05_05_1_4_03,Y,2014,,Veyrier,ppe,all,libre,0,50.0,CHF_per_m2,6645,7920.0,8587.0,9494.0
T_05_05_1_4_03,Y,2014,,Veyrier,ppe,all,zd,0,,CHF_per_m2,6645,,,
T_05_05_1_4_03,Y,2014,,Veyrier,ppe,all,all,0,50.0,CHF_per_m2,6645,7920.0,8587.0,9494.0
T_05_05_1_4_03,Y,2014,,Autres communes du Sud du canton (3),ppe,new,libre,0,17.0,CHF_per_m2,,8827.0,9477.0,9684.0
T_05_05_1_4_03,Y,2014,,Autres communes du Sud du canton (3),ppe,existing,libre,0,41.0,CHF_per_m2,,7038.0,7500.0,8333.0
T_05_05_1_4_03,Y,2014,,Autres communes du Sud du canton (3),ppe,all,libre,0,58.0,CHF_per_m2,,7303.0,7857.0,9074.0
T_05_05_1_4_03,Y,2014,,Autres communes du Sud du canton (3),ppe,all,zd,0,,CHF_per_m2,,,,
T_05_05_1_4_03,Y,2014,,Autres communes du Sud du canton (3),ppe,all,all,0,58.0,CHF_per_m2,,7303.0,7857.0,9074.0
T_05_05_1_4_03,Y,2014,,Autres communes du Nord du canton / rive droite du lac (4),ppe,new,libre,0,1.0,CHF_per_m2,,,,
T_05_05_1_4_03,Y,2014,,Autres communes du Nord du canton / rive droite du lac (4),ppe,existing,libre,0,11.0,CHF_per_m2,,6105.0,6967.0,7634.0
T_05_05_1_4_03,Y,2014,,Autres communes du Nord du canton / rive droite du lac (4),ppe,all,libre,0,12.0,CHF_per_m2,,6329.0,7215.0,7645.0
T_05_05_1_4_03,Y,2014,,Autres communes du Nord du canton / rive droite du lac (4),ppe,all,zd,0,,CHF_per_m2,,,,
T_05_05_1_4_03,Y,2014,,Autres communes du Nord du canton / rive droite du lac (4),ppe,all,all,0,12.0,CHF_per_m2,,6329.0,7215.0,7645.0
T_05_05_1_4_03,Y,2014,,Autres communes de la rive gauche du lac (5),ppe,new,libre,0,32.0,CHF_per_m2,,9736.0,11225.0,12125.0
T_05_05_1_4_03,Y,2014,,Autres communes de la rive gauche du lac (5),ppe,existing,libre,0,10.0,CHF_per_m2,,6296.0,7781.0,11154.0
T_05_05_1_4_03,Y,2014,,Autres communes de la rive gauche du lac (5),ppe,all,libre,0,42.0,CHF_per_m2,,9504.0,11105.0,12056.0
T_05_05_1_4_03,Y,2014,,Autres communes de la rive gauche du lac (5),ppe,all,zd,0,4.0,CHF_per_m2,,,,
T_05_05_1_4_03,Y,2014,,Autres communes de la rive gauche du lac (5),ppe,all,all,0,46.0,CHF_per_m2,,9302.0,10831.0,11555.0
T_05_05_1_4_03,Y,2014,,Autres communes de l'Est du canton (6),ppe,new,libre,0,16.0,CHF_per_m2,,7191.0,7323.0,7942.0
T_05_05_1_4_03,Y,2014,,Autres communes de l'Est du canton (6),ppe,existing,libre,0,20.0,CHF_per_m2,,7346.0,8524.0,9230.0
T_05_05_1_4_03,Y,2014,,Autres communes de l'Est du canton (6),ppe,all,libre,0,36.0,CHF_per_m2,,7219.0,7858.0,8884.0
T_05_05_1_4_03,Y,2014,,Autres communes de l'Est du canton (6),ppe,all,zd,0,39.0,CHF_per_m2,,6274.0,6573.0,6894.0
T_05_05_1_4_03,Y,2014,,Autres communes de l'Est du canton (6),ppe,all,all,0,75.0,CHF_per_m2,,6517.0,6941.0,7863.0
T_05_05_1_4_03,Y,2014,,Autres communes de l'Ouest du canton (7),ppe,new,libre,0,43.0,CHF_per_m2,,6105.0,7709.0,8155.0
T_05_05_1_4_03,Y,2014,,Autres communes de l'Ouest du canton (7),ppe,existing,libre,0,24.0,CHF_per_m2,,5090.0,6651.0,8139.0
T_05_05_1_4_03,Y,2014,,Autres communes de l'Ouest du canton (7),ppe,all,libre,0,67.0,CHF_per_m2,,6000.0,7289.0,8155.0
T_05_05_1_4_03,Y,2014,,Autres communes de l'Ouest du canton (7),ppe,all,zd,0,14.0,CHF_per_m2,,4031.0,5818.0,6623.0
T_05_05_1_4_03,Y,2014,,Autres communes de l'Ouest du canton (7),ppe,all,all,0,81.0,CHF_per_m2,,5862.0,6790.0,8125.0
T_05_05_1_4_03,Y,2014,,Canton,ppe,new,libre,0,291.0,CHF_per_m2,0000,8318.0,9632.0,11067.0
T_05_05_1_4_03,Y,2014,,Canton,ppe,existing,libre,0,555.0,CHF_per_m2,0000,7424.0,8958.0,11010.0
T_05_05_1_4_03,Y,2014,,Canton,ppe,all,libre,0,846.0,CHF_per_m2,0000,7629.0,9309.0,11025.0
T_05_05_1_4_03,Y,2014,,Canton,ppe,all,zd,0,297.0,CHF_per_m2,0000,6481.0,6766.0,7225.0
T_05_05_1_4_03,Y,2014,,Canton,ppe,all,all,0,1143.0,CHF_per_m2,0000,6797.0,8222.0,10396.0
T_05_05_1_4_03,Y,2013,,Bernex,ppe,new,libre,0,4.0,CHF_per_m2,6607,,,
T_05_05_1_4_03,Y,2013,,Bernex,ppe,existing,libre,0,15.0,CHF_per_m2,6607,6655.0,7639.0,9239.0
T_05_05_1_4_03,Y,2013,,Bernex,ppe,all,libre,0,19.0,CHF_per_m2,6607,7006.0,8250.0,9396.0
T_05_05_1_4_03,Y,2013,,Bernex,ppe,all,zd,0,,CHF_per_m2,6607,,,
T_05_05_1_4_03,Y,2013,,Bernex,ppe,all,all,0,19.0,CHF_per_m2,6607,7006.0,8250.0,9396.0
T_05_05_1_4_03,Y,2013,,Carouge,ppe,new,libre,0,,CHF_per_m2,6608,,,
T_05_05_1_4_03,Y,2013,,Carouge,ppe,existing,libre,0,10.0,CHF_per_m2,6608,7462.0,9669.0,10296.0
T_05_05_1_4_03,Y,2013,,Carouge,ppe,all,libre,0,10.0,CHF_per_m2,6608,7462.0,9669.0,10296.0
T_05_05_1_4_03,Y,2013,,Carouge,ppe,all,zd,0,,CHF_per_m2,6608,,,
T_05_05_1_4_03,Y,2013,,Carouge,ppe,all,all,0,10.0,CHF_per_m2,6608,7462.0,9669.0,10296.0
T_05_05_1_4_03,Y,2013,,Chêne-Bougeries,ppe,new,libre,0,3.0,CHF_per_m2,6612,,,
T_05_05_1_4_03,Y,2013,,Chêne-Bougeries,ppe,existing,libre,0,11.0,CHF_per_m2,6612,10089.0,11180.0,11951.0
T_05_05_1_4_03,Y,2013,,Chêne-Bougeries,ppe,all,libre,0,14.0,CHF_per_m2,6612,9322.0,10593.0,11936.0
T_05_05_1_4_03,Y,2013,,Chêne-Bougeries,ppe,all,zd,0,9.0,CHF_per_m2,6612,,,
T_05_05_1_4_03,Y,2013,,Chêne-Bougeries,ppe,all,all,0,23.0,CHF_per_m2,6612,7391.0,9322.0,11180.0
T_05_05_1_4_03,Y,2013,,Cologny,ppe,new,libre,0,,CHF_per_m2,6617,,,
T_05_05_1_4_03,Y,2013,,Cologny,ppe,existing,libre,0,21.0,CHF_per_m2,6617,10649.0,12393.0,14545.0
T_05_05_1_4_03,Y,2013,,Cologny,ppe,all,libre,0,21.0,CHF_per_m2,6617,10649.0,12393.0,14545.0
T_05_05_1_4_03,Y,2013,,Cologny,ppe,all,zd,0,,CHF_per_m2,6617,,,
T_05_05_1_4_03,Y,2013,,Cologny,ppe,all,all,0,21.0,CHF_per_m2,6617,10649.0,12393.0,14545.0
T_05_05_1_4_03,Y,2013,,Genève,ppe,new,libre,0,77.0,CHF_per_m2,6621,9368.0,11754.0,13179.0
T_05_05_1_4_03,Y,2013,,Genève,ppe,existing,libre,0,230.0,CHF_per_m2,6621,9730.0,11204.0,12885.0
T_05_05_1_4_03,Y,2013,,Genève,ppe,all,libre,0,307.0,CHF_per_m2,6621,9688.0,11288.0,12931.0
T_05_05_1_4_03,Y,2013,,Genève,ppe,all,zd,0,33.0,CHF_per_m2,6621,6658.0,7293.0,8508.0
T_05_05_1_4_03,Y,2013,,Genève,ppe,all,all,0,340.0,CHF_per_m2,6621,9053.0,10911.0,12717.0
T_05_05_1_4_03,Y,2013,,Grand-Saconnex,ppe,new,libre,0,,CHF_per_m2,6623,,,
T_05_05_1_4_03,Y,2013,,Grand-Saconnex,ppe,existing,libre,0,15.0,CHF_per_m2,6623,8081.0,9028.0,9971.0
T_05_05_1_4_03,Y,2013,,Grand-Saconnex,ppe,all,libre,0,15.0,CHF_per_m2,6623,8081.0,9028.0,9971.0
T_05_05_1_4_03,Y,2013,,Grand-Saconnex,ppe,all,zd,0,,CHF_per_m2,6623,,,
T_05_05_1_4_03,Y,2013,,Grand-Saconnex,ppe,all,all,0,15.0,CHF_per_m2,6623,8081.0,9028.0,9971.0
T_05_05_1_4_03,Y,2013,,Lancy,ppe,new,libre,0,2.0,CHF_per_m2,6628,,,
T_05_05_1_4_03,Y,2013,,Lancy,ppe,existing,libre,0,16.0,CHF_per_m2,6628,7264.0,8432.0,9192.0
T_05_05_1_4_03,Y,2013,,Lancy,ppe,all,libre,0,18.0,CHF_per_m2,6628,5556.0,8123.0,9009.0
T_05_05_1_4_03,Y,2013,,Lancy,ppe,all,zd,0,23.0,CHF_per_m2,6628,5629.0,5895.0,6544.0
T_05_05_1_4_03,Y,2013,,Lancy,ppe,all,all,0,41.0,CHF_per_m2,6628,5629.0,6455.0,7778.0
T_05_05_1_4_03,Y,2013,,Meyrin,ppe,new,libre,0,2.0,CHF_per_m2,6630,,,
T_05_05_1_4_03,Y,2013,,Meyrin,ppe,existing,libre,0,14.0,CHF_per_m2,6630,6835.0,7338.0,7813.0
T_05_05_1_4_03,Y,2013,,Meyrin,ppe,all,libre,0,16.0,CHF_per_m2,6630,6543.0,7338.0,7962.0
T_05_05_1_4_03,Y,2013,,Meyrin,ppe,all,zd,0,11.0,CHF_per_m2,6630,5633.0,5887.0,6228.0
T_05_05_1_4_03,Y,2013,,Meyrin,ppe,all,all,0,27.0,CHF_per_m2,6630,5761.0,6250.0,7436.0
T_05_05_1_4_03,Y,2013,,Plan-les-Ouates,ppe,new,libre,0,,CHF_per_m2,6633,,,
T_05_05_1_4_03,Y,2013,,Plan-les-Ouates,ppe,existing,libre,0,19.0,CHF_per_m2,6633,6061.0,8286.0,9104.0
T_05_05_1_4_03,Y,2013,,Plan-les-Ouates,ppe,all,libre,0,19.0,CHF_per_m2,6633,6061.0,8286.0,9104.0
T_05_05_1_4_03,Y,2013,,Plan-les-Ouates,ppe,all,zd,0,2.0,CHF_per_m2,6633,,,
T_05_05_1_4_03,Y,2013,,Plan-les-Ouates,ppe,all,all,0,21.0,CHF_per_m2,6633,6061.0,8264.0,9103.0
T_05_05_1_4_03,Y,2013,,Thônex,ppe,new,libre,0,1.0,CHF_per_m2,6640,,,
T_05_05_1_4_03,Y,2013,,Thônex,ppe,existing,libre,0,27.0,CHF_per_m2,6640,7009.0,7727.0,8451.0
T_05_05_1_4_03,Y,2013,,Thônex,ppe,all,libre,0,28.0,CHF_per_m2,6640,7020.0,7758.0,8392.0
T_05_05_1_4_03,Y,2013,,Thônex,ppe,all,zd,0,12.0,CHF_per_m2,6640,8214.0,8446.0,8749.0
T_05_05_1_4_03,Y,2013,,Thônex,ppe,all,all,0,40.0,CHF_per_m2,6640,7168.0,8091.0,8536.0
T_05_05_1_4_03,Y,2013,,Vernier,ppe,new,libre,0,,CHF_per_m2,6643,,,
T_05_05_1_4_03,Y,2013,,Vernier,ppe,existing,libre,0,12.0,CHF_per_m2,6643,5622.0,6639.0,7392.0
T_05_05_1_4_03,Y,2013,,Vernier,ppe,all,libre,0,12.0,CHF_per_m2,6643,5622.0,6639.0,7392.0
T_05_05_1_4_03,Y,2013,,Vernier,ppe,all,zd,0,1.0,CHF_per_m2,6643,,,
T_05_05_1_4_03,Y,2013,,Vernier,ppe,all,all,0,13.0,CHF_per_m2,6643,5484.0,6531.0,7250.0
T_05_05_1_4_03,Y,2013,,Versoix,ppe,new,libre,0,,CHF_per_m2,6644,,,
T_05_05_1_4_03,Y,2013,,Versoix,ppe,existing,libre,0,30.0,CHF_per_m2,6644,6458.0,7116.0,8125.0
T_05_05_1_4_03,Y,2013,,Versoix,ppe,all,libre,0,30.0,CHF_per_m2,6644,6458.0,7116.0,8125.0
T_05_05_1_4_03,Y,2013,,Versoix,ppe,all,zd,0,,CHF_per_m2,6644,,,
T_05_05_1_4_03,Y,2013,,Versoix,ppe,all,all,0,30.0,CHF_per_m2,6644,6458.0,7116.0,8125.0
T_05_05_1_4_03,Y,2013,,Veyrier,ppe,new,libre,0,16.0,CHF_per_m2,6645,8216.0,9269.0,10394.0
T_05_05_1_4_03,Y,2013,,Veyrier,ppe,existing,libre,0,13.0,CHF_per_m2,6645,8333.0,8721.0,11167.0
T_05_05_1_4_03,Y,2013,,Veyrier,ppe,all,libre,0,29.0,CHF_per_m2,6645,8333.0,9235.0,10833.0
T_05_05_1_4_03,Y,2013,,Veyrier,ppe,all,zd,0,,CHF_per_m2,6645,,,
T_05_05_1_4_03,Y,2013,,Veyrier,ppe,all,all,0,29.0,CHF_per_m2,6645,8333.0,9235.0,10833.0
T_05_05_1_4_03,Y,2013,,Autres communes du Sud du canton (3),ppe,new,libre,0,24.0,CHF_per_m2,,8531.0,9110.0,9687.0
T_05_05_1_4_03,Y,2013,,Autres communes du Sud du canton (3),ppe,existing,libre,0,27.0,CHF_per_m2,,7500.0,7927.0,8667.0
T_05_05_1_4_03,Y,2013,,Autres communes du Sud du canton (3),ppe,all,libre,0,51.0,CHF_per_m2,,7895.0,8548.0,9556.0
T_05_05_1_4_03,Y,2013,,Autres communes du Sud du canton (3),ppe,all,zd,0,,CHF_per_m2,,,,
T_05_05_1_4_03,Y,2013,,Autres communes du Sud du canton (3),ppe,all,all,0,51.0,CHF_per_m2,,7895.0,8548.0,9556.0
T_05_05_1_4_03,Y,2013,,Autres communes du Nord du canton / rive droite du lac (4),ppe,new,libre,0,7.0,CHF_per_m2,,,,
T_05_05_1_4_03,Y,2013,,Autres communes du Nord du canton / rive droite du lac (4),ppe,existing,libre,0,15.0,CHF_per_m2,,7292.0,8407.0,9559.0
T_05_05_1_4_03,Y,2013,,Autres communes du Nord du canton / rive droite du lac (4),ppe,all,libre,0,22.0,CHF_per_m2,,7292.0,8314.0,9837.0
T_05_05_1_4_03,Y,2013,,Autres communes du Nord du canton / rive droite du lac (4),ppe,all,zd,0,,CHF_per_m2,,,,
T_05_05_1_4_03,Y,2013,,Autres communes du Nord du canton / rive droite du lac (4),ppe,all,all,0,22.0,CHF_per_m2,,7292.0,8314.0,9837.0
T_05_05_1_4_03,Y,2013,,Autres communes de la rive gauche du lac (5),ppe,new,libre,0,8.0,CHF_per_m2,,,,
T_05_05_1_4_03,Y,2013,,Autres communes de la rive gauche du lac (5),ppe,existing,libre,0,15.0,CHF_per_m2,,7660.0,9032.0,12532.0
T_05_05_1_4_03,Y,2013,,Autres communes de la rive gauche du lac (5),ppe,all,libre,0,23.0,CHF_per_m2,,7899.0,10185.0,12282.0
T_05_05_1_4_03,Y,2013,,Autres communes de la rive gauche du lac (5),ppe,all,zd,0,11.0,CHF_per_m2,,8928.0,9878.0,11538.0
T_05_05_1_4_03,Y,2013,,Autres communes de la rive gauche du lac (5),ppe,all,all,0,34.0,CHF_per_m2,,8696.0,9906.0,11538.0
T_05_05_1_4_03,Y,2013,,Autres communes de l'Est du canton (6),ppe,new,libre,0,12.0,CHF_per_m2,,6100.0,8090.0,9000.0
T_05_05_1_4_03,Y,2013,,Autres communes de l'Est du canton (6),ppe,existing,libre,0,17.0,CHF_per_m2,,7051.0,8449.0,10000.0
T_05_05_1_4_03,Y,2013,,Autres communes de l'Est du canton (6),ppe,all,libre,0,29.0,CHF_per_m2,,6481.0,8318.0,9168.0
T_05_05_1_4_03,Y,2013,,Autres communes de l'Est du canton (6),ppe,all,zd,0,10.0,CHF_per_m2,,6670.0,6972.0,7092.0
T_05_05_1_4_03,Y,2013,,Autres communes de l'Est du canton (6),ppe,all,all,0,39.0,CHF_per_m2,,6524.0,7257.0,8978.0
T_05_05_1_4_03,Y,2013,,Autres communes de l'Ouest du canton (7),ppe,new,libre,0,19.0,CHF_per_m2,,6223.0,6608.0,7693.0
T_05_05_1_4_03,Y,2013,,Autres communes de l'Ouest du canton (7),ppe,existing,libre,0,22.0,CHF_per_m2,,6150.0,7048.0,8169.0
T_05_05_1_4_03,Y,2013,,Autres communes de l'Ouest du canton (7),ppe,all,libre,0,41.0,CHF_per_m2,,6164.0,6835.0,8008.0
T_05_05_1_4_03,Y,2013,,Autres communes de l'Ouest du canton (7),ppe,all,zd,0,,CHF_per_m2,,,,
T_05_05_1_4_03,Y,2013,,Autres communes de l'Ouest du canton (7),ppe,all,all,0,41.0,CHF_per_m2,,6164.0,6835.0,8008.0
T_05_05_1_4_03,Y,2013,,Canton,ppe,new,libre,0,175.0,CHF_per_m2,0000,7878.0,9368.0,11665.0
T_05_05_1_4_03,Y,2013,,Canton,ppe,existing,libre,0,529.0,CHF_per_m2,0000,7813.0,9430.0,11574.0
T_05_05_1_4_03,Y,2013,,Canton,ppe,all,libre,0,704.0,CHF_per_m2,0000,7830.0,9409.0,11589.0
T_05_05_1_4_03,Y,2013,,Canton,ppe,all,zd,0,112.0,CHF_per_m2,0000,6213.0,6864.0,8401.0
T_05_05_1_4_03,Y,2013,,Canton,ppe,all,all,0,816.0,CHF_per_m2,0000,7389.0,9015.0,11218.0
T_05_05_1_4_03,Y,2012,,Bernex,ppe,new,libre,0,,CHF_per_m2,6607,,,
T_05_05_1_4_03,Y,2012,,Bernex,ppe,existing,libre,0,25.0,CHF_per_m2,6607,6946.0,7827.0,8535.0
T_05_05_1_4_03,Y,2012,,Bernex,ppe,all,libre,0,25.0,CHF_per_m2,6607,6946.0,7827.0,8535.0
T_05_05_1_4_03,Y,2012,,Bernex,ppe,all,zd,0,,CHF_per_m2,6607,,,
T_05_05_1_4_03,Y,2012,,Bernex,ppe,all,all,0,25.0,CHF_per_m2,6607,6946.0,7827.0,8535.0
T_05_05_1_4_03,Y,2012,,Carouge,ppe,new,libre,0,1.0,CHF_per_m2,6608,,,
T_05_05_1_4_03,Y,2012,,Carouge,ppe,existing,libre,0,11.0,CHF_per_m2,6608,10220.0,11467.0,13063.0
T_05_05_1_4_03,Y,2012,,Carouge,ppe,all,libre,0,12.0,CHF_per_m2,6608,9977.0,10935.0,13002.0
T_05_05_1_4_03,Y,2012,,Carouge,ppe,all,zd,0,,CHF_per_m2,6608,,,
T_05_05_1_4_03,Y,2012,,Carouge,ppe,all,all,0,12.0,CHF_per_m2,6608,9977.0,10935.0,13002.0
T_05_05_1_4_03,Y,2012,,Chêne-Bougeries,ppe,new,libre,0,8.0,CHF_per_m2,6612,,,
T_05_05_1_4_03,Y,2012,,Chêne-Bougeries,ppe,existing,libre,0,12.0,CHF_per_m2,6612,9515.0,11317.0,12263.0
T_05_05_1_4_03,Y,2012,,Chêne-Bougeries,ppe,all,libre,0,20.0,CHF_per_m2,6612,8864.0,11393.0,15510.0
T_05_05_1_4_03,Y,2012,,Chêne-Bougeries,ppe,all,zd,0,36.0,CHF_per_m2,6612,6990.0,7237.0,7461.0
T_05_05_1_4_03,Y,2012,,Chêne-Bougeries,ppe,all,all,0,56.0,CHF_per_m2,6612,7059.0,7428.0,9515.0
T_05_05_1_4_03,Y,2012,,Cologny,ppe,new,libre,0,,CHF_per_m2,6617,,,
T_05_05_1_4_03,Y,2012,,Cologny,ppe,existing,libre,0,22.0,CHF_per_m2,6617,10649.0,12847.0,14633.0
T_05_05_1_4_03,Y,2012,,Cologny,ppe,all,libre,0,22.0,CHF_per_m2,6617,10649.0,12847.0,14633.0
T_05_05_1_4_03,Y,2012,,Cologny,ppe,all,zd,0,,CHF_per_m2,6617,,,
T_05_05_1_4_03,Y,2012,,Cologny,ppe,all,all,0,22.0,CHF_per_m2,6617,10649.0,12847.0,14633.0
T_05_05_1_4_03,Y,2012,,Genève,ppe,new,libre,0,44.0,CHF_per_m2,6621,10300.0,12509.0,13854.0
T_05_05_1_4_03,Y,2012,,Genève,ppe,existing,libre,0,295.0,CHF_per_m2,6621,9571.0,11494.0,13704.0
T_05_05_1_4_03,Y,2012,,Genève,ppe,all,libre,0,339.0,CHF_per_m2,6621,9767.0,11607.0,13755.0
T_05_05_1_4_03,Y,2012,,Genève,ppe,all,zd,0,106.0,CHF_per_m2,6621,5966.0,6428.0,6832.0
T_05_05_1_4_03,Y,2012,,Genève,ppe,all,all,0,445.0,CHF_per_m2,6621,6761.0,10538.0,13000.0
T_05_05_1_4_03,Y,2012,,Grand-Saconnex,ppe,new,libre,0,1.0,CHF_per_m2,6623,,,
T_05_05_1_4_03,Y,2012,,Grand-Saconnex,ppe,existing,libre,0,20.0,CHF_per_m2,6623,8318.0,9349.0,10460.0
T_05_05_1_4_03,Y,2012,,Grand-Saconnex,ppe,all,libre,0,21.0,CHF_per_m2,6623,8915.0,9381.0,10600.0
T_05_05_1_4_03,Y,2012,,Grand-Saconnex,ppe,all,zd,0,,CHF_per_m2,6623,,,
T_05_05_1_4_03,Y,2012,,Grand-Saconnex,ppe,all,all,0,21.0,CHF_per_m2,6623,8915.0,9381.0,10600.0
T_05_05_1_4_03,Y,2012,,Lancy,ppe,new,libre,0,1.0,CHF_per_m2,6628,,,
T_05_05_1_4_03,Y,2012,,Lancy,ppe,existing,libre,0,20.0,CHF_per_m2,6628,6639.0,8480.0,9249.0
T_05_05_1_4_03,Y,2012,,Lancy,ppe,all,libre,0,21.0,CHF_per_m2,6628,7250.0,8529.0,9444.0
T_05_05_1_4_03,Y,2012,,Lancy,ppe,all,zd,0,93.0,CHF_per_m2,6628,4743.0,6074.0,6500.0
T_05_05_1_4_03,Y,2012,,Lancy,ppe,all,all,0,114.0,CHF_per_m2,6628,4803.0,6176.0,6674.0
T_05_05_1_4_03,Y,2012,,Meyrin,ppe,new,libre,0,1.0,CHF_per_m2,6630,,,
T_05_05_1_4_03,Y,2012,,Meyrin,ppe,existing,libre,0,22.0,CHF_per_m2,6630,6881.0,7417.0,8056.0
T_05_05_1_4_03,Y,2012,,Meyrin,ppe,all,libre,0,23.0,CHF_per_m2,6630,6587.0,7407.0,8056.0
T_05_05_1_4_03,Y,2012,,Meyrin,ppe,all,zd,0,,CHF_per_m2,6630,,,
T_05_05_1_4_03,Y,2012,,Meyrin,ppe,all,all,0,23.0,CHF_per_m2,6630,6587.0,7407.0,8056.0
T_05_05_1_4_03,Y,2012,,Plan-les-Ouates,ppe,new,libre,0,1.0,CHF_per_m2,6633,,,
T_05_05_1_4_03,Y,2012,,Plan-les-Ouates,ppe,existing,libre,0,11.0,CHF_per_m2,6633,8239.0,9416.0,9732.0
T_05_05_1_4_03,Y,2012,,Plan-les-Ouates,ppe,all,libre,0,12.0,CHF_per_m2,6633,8531.0,9503.0,9918.0
T_05_05_1_4_03,Y,2012,,Plan-les-Ouates,ppe,all,zd,0,,CHF_per_m2,6633,,,
T_05_05_1_4_03,Y,2012,,Plan-les-Ouates,ppe,all,all,0,12.0,CHF_per_m2,6633,8531.0,9503.0,9918.0
T_05_05_1_4_03,Y,2012,,Thônex,ppe,new,libre,0,3.0,CHF_per_m2,6640,,,
T_05_05_1_4_03,Y,2012,,Thônex,ppe,existing,libre,0,24.0,CHF_per_m2,6640,7300.0,8202.0,8956.0
T_05_05_1_4_03,Y,2012,,Thônex,ppe,all,libre,0,27.0,CHF_per_m2,6640,6875.0,8081.0,8990.0
T_05_05_1_4_03,Y,2012,,Thônex,ppe,all,zd,0,72.0,CHF_per_m2,6640,6229.0,6319.0,6445.0
T_05_05_1_4_03,Y,2012,,Thônex,ppe,all,all,0,99.0,CHF_per_m2,6640,6252.0,6378.0,7189.0
T_05_05_1_4_03,Y,2012,,Vernier,ppe,new,libre,0,9.0,CHF_per_m2,6643,,,
T_05_05_1_4_03,Y,2012,,Vernier,ppe,existing,libre,0,10.0,CHF_per_m2,6643,6238.0,6547.0,10313.0
T_05_05_1_4_03,Y,2012,,Vernier,ppe,all,libre,0,19.0,CHF_per_m2,6643,6238.0,6725.0,7252.0
T_05_05_1_4_03,Y,2012,,Vernier,ppe,all,zd,0,5.0,CHF_per_m2,6643,,,
T_05_05_1_4_03,Y,2012,,Vernier,ppe,all,all,0,24.0,CHF_per_m2,6643,6042.0,6379.0,6896.0
T_05_05_1_4_03,Y,2012,,Versoix,ppe,new,libre,0,,CHF_per_m2,6644,,,
T_05_05_1_4_03,Y,2012,,Versoix,ppe,existing,libre,0,15.0,CHF_per_m2,6644,6538.0,7457.0,8115.0
T_05_05_1_4_03,Y,2012,,Versoix,ppe,all,libre,0,15.0,CHF_per_m2,6644,6538.0,7457.0,8115.0
T_05_05_1_4_03,Y,2012,,Versoix,ppe,all,zd,0,,CHF_per_m2,6644,,,
T_05_05_1_4_03,Y,2012,,Versoix,ppe,all,all,0,15.0,CHF_per_m2,6644,6538.0,7457.0,8115.0
T_05_05_1_4_03,Y,2012,,Veyrier,ppe,new,libre,0,,CHF_per_m2,6645,,,
T_05_05_1_4_03,Y,2012,,Veyrier,ppe,existing,libre,0,14.0,CHF_per_m2,6645,9014.0,10177.0,12075.0
T_05_05_1_4_03,Y,2012,,Veyrier,ppe,all,libre,0,14.0,CHF_per_m2,6645,9014.0,10177.0,12075.0
T_05_05_1_4_03,Y,2012,,Veyrier,ppe,all,zd,0,,CHF_per_m2,6645,,,
T_05_05_1_4_03,Y,2012,,Veyrier,ppe,all,all,0,14.0,CHF_per_m2,6645,9014.0,10177.0,12075.0
T_05_05_1_4_03,Y,2012,,Autres communes du Sud du canton (3),ppe,new,libre,0,2.0,CHF_per_m2,,,,
T_05_05_1_4_03,Y,2012,,Autres communes du Sud du canton (3),ppe,existing,libre,0,33.0,CHF_per_m2,,7052.0,8170.0,9016.0
T_05_05_1_4_03,Y,2012,,Autres communes du Sud du canton (3),ppe,all,libre,0,35.0,CHF_per_m2,,7036.0,8170.0,9267.0
T_05_05_1_4_03,Y,2012,,Autres communes du Sud du canton (3),ppe,all,zd,0,48.0,CHF_per_m2,,6178.0,6459.0,6981.0
T_05_05_1_4_03,Y,2012,,Autres communes du Sud du canton (3),ppe,all,all,0,83.0,CHF_per_m2,,6327.0,6976.0,7955.0
T_05_05_1_4_03,Y,2012,,Autres communes du Nord du canton / rive droite du lac (4),ppe,new,libre,0,,CHF_per_m2,,,,
T_05_05_1_4_03,Y,2012,,Autres communes du Nord du canton / rive droite du lac (4),ppe,existing,libre,0,7.0,CHF_per_m2,,,,
T_05_05_1_4_03,Y,2012,,Autres communes du Nord du canton / rive droite du lac (4),ppe,all,libre,0,7.0,CHF_per_m2,,,,
T_05_05_1_4_03,Y,2012,,Autres communes du Nord du canton / rive droite du lac (4),ppe,all,zd,0,1.0,CHF_per_m2,,,,
T_05_05_1_4_03,Y,2012,,Autres communes du Nord du canton / rive droite du lac (4),ppe,all,all,0,8.0,CHF_per_m2,,,,
T_05_05_1_4_03,Y,2012,,Autres communes de la rive gauche du lac (5),ppe,new,libre,0,,CHF_per_m2,,,,
T_05_05_1_4_03,Y,2012,,Autres communes de la rive gauche du lac (5),ppe,existing,libre,0,13.0,CHF_per_m2,,8750.0,9932.0,11061.0
T_05_05_1_4_03,Y,2012,,Autres communes de la rive gauche du lac (5),ppe,all,libre,0,13.0,CHF_per_m2,,8750.0,9932.0,11061.0
T_05_05_1_4_03,Y,2012,,Autres communes de la rive gauche du lac (5),ppe,all,zd,0,,CHF_per_m2,,,,
T_05_05_1_4_03,Y,2012,,Autres communes de la rive gauche du lac (5),ppe,all,all,0,13.0,CHF_per_m2,,8750.0,9932.0,11061.0
T_05_05_1_4_03,Y,2012,,Autres communes de l'Est du canton (6),ppe,new,libre,0,14.0,CHF_per_m2,,10311.0,12088.0,14345.0
T_05_05_1_4_03,Y,2012,,Autres communes de l'Est du canton (6),ppe,existing,libre,0,29.0,CHF_per_m2,,7143.0,8041.0,10130.0
T_05_05_1_4_03,Y,2012,,Autres communes de l'Est du canton (6),ppe,all,libre,0,43.0,CHF_per_m2,,7163.0,9830.0,10947.0
T_05_05_1_4_03,Y,2012,,Autres communes de l'Est du canton (6),ppe,all,zd,0,,CHF_per_m2,,,,
T_05_05_1_4_03,Y,2012,,Autres communes de l'Est du canton (6),ppe,all,all,0,43.0,CHF_per_m2,,7163.0,9830.0,10947.0
T_05_05_1_4_03,Y,2012,,Autres communes de l'Ouest du canton (7),ppe,new,libre,0,6.0,CHF_per_m2,,,,
T_05_05_1_4_03,Y,2012,,Autres communes de l'Ouest du canton (7),ppe,existing,libre,0,24.0,CHF_per_m2,,6007.0,6485.0,7695.0
T_05_05_1_4_03,Y,2012,,Autres communes de l'Ouest du canton (7),ppe,all,libre,0,30.0,CHF_per_m2,,5814.0,6649.0,7699.0
T_05_05_1_4_03,Y,2012,,Autres communes de l'Ouest du canton (7),ppe,all,zd,0,3.0,CHF_per_m2,,,,
T_05_05_1_4_03,Y,2012,,Autres communes de l'Ouest du canton (7),ppe,all,all,0,33.0,CHF_per_m2,,5814.0,6774.0,7911.0
T_05_05_1_4_03,Y,2012,,Canton,ppe,new,libre,0,91.0,CHF_per_m2,0000,7267.0,10831.0,13627.0
T_05_05_1_4_03,Y,2012,,Canton,ppe,existing,libre,0,607.0,CHF_per_m2,0000,7639.0,9815.0,12088.0
T_05_05_1_4_03,Y,2012,,Canton,ppe,all,libre,0,698.0,CHF_per_m2,0000,7615.0,10000.0,12292.0
T_05_05_1_4_03,Y,2012,,Canton,ppe,all,zd,0,364.0,CHF_per_m2,0000,6041.0,6353.0,6804.0
T_05_05_1_4_03,Y,2012,,Canton,ppe,all,all,0,1062.0,CHF_per_m2,0000,6349.0,7687.0,10948.0
T_05_05_1_4_03,Y,2011,,Bernex,ppe,new,libre,0,18.0,CHF_per_m2,6607,7737.0,7842.0,8000.0
T_05_05_1_4_03,Y,2011,,Bernex,ppe,existing,libre,0,18.0,CHF_per_m2,6607,5575.0,7020.0,7821.0
T_05_05_1_4_03,Y,2011,,Bernex,ppe,all,libre,0,36.0,CHF_per_m2,6607,6604.0,7761.0,8000.0
T_05_05_1_4_03,Y,2011,,Bernex,ppe,all,zd,0,,CHF_per_m2,6607,,,
T_05_05_1_4_03,Y,2011,,Bernex,ppe,all,all,0,36.0,CHF_per_m2,6607,6604.0,7761.0,8000.0
T_05_05_1_4_03,Y,2011,,Carouge,ppe,new,libre,0,3.0,CHF_per_m2,6608,,,
T_05_05_1_4_03,Y,2011,,Carouge,ppe,existing,libre,0,12.0,CHF_per_m2,6608,8509.0,8917.0,10794.0
T_05_05_1_4_03,Y,2011,,Carouge,ppe,all,libre,0,15.0,CHF_per_m2,6608,8583.0,8926.0,10698.0
T_05_05_1_4_03,Y,2011,,Carouge,ppe,all,zd,0,24.0,CHF_per_m2,6608,5705.0,5919.0,6599.0
T_05_05_1_4_03,Y,2011,,Carouge,ppe,all,all,0,39.0,CHF_per_m2,6608,5846.0,6601.0,8725.0
T_05_05_1_4_03,Y,2011,,Chêne-Bougeries,ppe,new,libre,0,1.0,CHF_per_m2,6612,,,
T_05_05_1_4_03,Y,2011,,Chêne-Bougeries,ppe,existing,libre,0,15.0,CHF_per_m2,6612,8099.0,9889.0,13015.0
T_05_05_1_4_03,Y,2011,,Chêne-Bougeries,ppe,all,libre,0,16.0,CHF_per_m2,6612,8266.0,10117.0,13705.0
T_05_05_1_4_03,Y,2011,,Chêne-Bougeries,ppe,all,zd,0,,CHF_per_m2,6612,,,
T_05_05_1_4_03,Y,2011,,Chêne-Bougeries,ppe,all,all,0,16.0,CHF_per_m2,6612,8266.0,10117.0,13705.0
T_05_05_1_4_03,Y,2011,,Cologny,ppe,new,libre,0,,CHF_per_m2,6617,,,
T_05_05_1_4_03,Y,2011,,Cologny,ppe,existing,libre,0,27.0,CHF_per_m2,6617,10702.0,11628.0,14379.0
T_05_05_1_4_03,Y,2011,,Cologny,ppe,all,libre,0,27.0,CHF_per_m2,6617,10702.0,11628.0,14379.0
T_05_05_1_4_03,Y,2011,,Cologny,ppe,all,zd,0,,CHF_per_m2,6617,,,
T_05_05_1_4_03,Y,2011,,Cologny,ppe,all,all,0,27.0,CHF_per_m2,6617,10702.0,11628.0,14379.0
T_05_05_1_4_03,Y,2011,,Genève,ppe,new,libre,0,34.0,CHF_per_m2,6621,9750.0,10996.0,13487.0
T_05_05_1_4_03,Y,2011,,Genève,ppe,existing,libre,0,292.0,CHF_per_m2,6621,9102.0,10976.0,13123.0
T_05_05_1_4_03,Y,2011,,Genève,ppe,all,libre,0,326.0,CHF_per_m2,6621,9160.0,10984.0,13147.0
T_05_05_1_4_03,Y,2011,,Genève,ppe,all,zd,0,56.0,CHF_per_m2,6621,6994.0,7587.0,8191.0
T_05_05_1_4_03,Y,2011,,Genève,ppe,all,all,0,382.0,CHF_per_m2,6621,8264.0,10414.0,12759.0
T_05_05_1_4_03,Y,2011,,Grand-Saconnex,ppe,new,libre,0,,CHF_per_m2,6623,,,
T_05_05_1_4_03,Y,2011,,Grand-Saconnex,ppe,existing,libre,0,18.0,CHF_per_m2,6623,7600.0,8649.0,10135.0
T_05_05_1_4_03,Y,2011,,Grand-Saconnex,ppe,all,libre,0,18.0,CHF_per_m2,6623,7600.0,8649.0,10135.0
T_05_05_1_4_03,Y,2011,,Grand-Saconnex,ppe,all,zd,0,,CHF_per_m2,6623,,,
T_05_05_1_4_03,Y,2011,,Grand-Saconnex,ppe,all,all,0,18.0,CHF_per_m2,6623,7600.0,8649.0,10135.0
T_05_05_1_4_03,Y,2011,,Lancy,ppe,new,libre,0,13.0,CHF_per_m2,6628,7433.0,10000.0,10479.0
T_05_05_1_4_03,Y,2011,,Lancy,ppe,existing,libre,0,25.0,CHF_per_m2,6628,5676.0,7253.0,9065.0
T_05_05_1_4_03,Y,2011,,Lancy,ppe,all,libre,0,38.0,CHF_per_m2,6628,6236.0,7986.0,9852.0
T_05_05_1_4_03,Y,2011,,Lancy,ppe,all,zd,0,,CHF_per_m2,6628,,,
T_05_05_1_4_03,Y,2011,,Lancy,ppe,all,all,0,38.0,CHF_per_m2,6628,6236.0,7986.0,9852.0
T_05_05_1_4_03,Y,2011,,Meyrin,ppe,new,libre,0,,CHF_per_m2,6630,,,
T_05_05_1_4_03,Y,2011,,Meyrin,ppe,existing,libre,0,14.0,CHF_per_m2,6630,4737.0,6945.0,7917.0
T_05_05_1_4_03,Y,2011,,Meyrin,ppe,all,libre,0,14.0,CHF_per_m2,6630,4737.0,6945.0,7917.0
T_05_05_1_4_03,Y,2011,,Meyrin,ppe,all,zd,0,,CHF_per_m2,6630,,,
T_05_05_1_4_03,Y,2011,,Meyrin,ppe,all,all,0,14.0,CHF_per_m2,6630,4737.0,6945.0,7917.0
T_05_05_1_4_03,Y,2011,,Plan-les-Ouates,ppe,new,libre,0,3.0,CHF_per_m2,6633,,,
T_05_05_1_4_03,Y,2011,,Plan-les-Ouates,ppe,existing,libre,0,23.0,CHF_per_m2,6633,7937.0,8457.0,9434.0
T_05_05_1_4_03,Y,2011,,Plan-les-Ouates,ppe,all,libre,0,26.0,CHF_per_m2,6633,7917.0,8450.0,9398.0
T_05_05_1_4_03,Y,2011,,Plan-les-Ouates,ppe,all,zd,0,23.0,CHF_per_m2,6633,5936.0,6052.0,6488.0
T_05_05_1_4_03,Y,2011,,Plan-les-Ouates,ppe,all,all,0,49.0,CHF_per_m2,6633,6052.0,6852.0,8457.0
T_05_05_1_4_03,Y,2011,,Thônex,ppe,new,libre,0,,CHF_per_m2,6640,,,
T_05_05_1_4_03,Y,2011,,Thônex,ppe,existing,libre,0,25.0,CHF_per_m2,6640,6623.0,7344.0,8512.0
T_05_05_1_4_03,Y,2011,,Thônex,ppe,all,libre,0,25.0,CHF_per_m2,6640,6623.0,7344.0,8512.0
T_05_05_1_4_03,Y,2011,,Thônex,ppe,all,zd,0,,CHF_per_m2,6640,,,
T_05_05_1_4_03,Y,2011,,Thônex,ppe,all,all,0,25.0,CHF_per_m2,6640,6623.0,7344.0,8512.0
T_05_05_1_4_03,Y,2011,,Vernier,ppe,new,libre,0,,CHF_per_m2,6643,,,
T_05_05_1_4_03,Y,2011,,Vernier,ppe,existing,libre,0,16.0,CHF_per_m2,6643,4311.0,5758.0,6249.0
T_05_05_1_4_03,Y,2011,,Vernier,ppe,all,libre,0,16.0,CHF_per_m2,6643,4311.0,5758.0,6249.0
T_05_05_1_4_03,Y,2011,,Vernier,ppe,all,zd,0,33.0,CHF_per_m2,6643,5765.0,6116.0,6284.0
T_05_05_1_4_03,Y,2011,,Vernier,ppe,all,all,0,49.0,CHF_per_m2,6643,5592.0,6116.0,6284.0
T_05_05_1_4_03,Y,2011,,Versoix,ppe,new,libre,0,,CHF_per_m2,6644,,,
T_05_05_1_4_03,Y,2011,,Versoix,ppe,existing,libre,0,29.0,CHF_per_m2,6644,6400.0,7154.0,8282.0
T_05_05_1_4_03,Y,2011,,Versoix,ppe,all,libre,0,29.0,CHF_per_m2,6644,6400.0,7154.0,8282.0
T_05_05_1_4_03,Y,2011,,Versoix,ppe,all,zd,0,,CHF_per_m2,6644,,,
T_05_05_1_4_03,Y,2011,,Versoix,ppe,all,all,0,29.0,CHF_per_m2,6644,6400.0,7154.0,8282.0
T_05_05_1_4_03,Y,2011,,Veyrier,ppe,new,libre,0,14.0,CHF_per_m2,6645,6938.0,7532.0,8232.0
T_05_05_1_4_03,Y,2011,,Veyrier,ppe,existing,libre,0,11.0,CHF_per_m2,6645,7700.0,8650.0,9838.0
T_05_05_1_4_03,Y,2011,,Veyrier,ppe,all,libre,0,25.0,CHF_per_m2,6645,7348.0,7831.0,8607.0
T_05_05_1_4_03,Y,2011,,Veyrier,ppe,all,zd,0,,CHF_per_m2,6645,,,
T_05_05_1_4_03,Y,2011,,Veyrier,ppe,all,all,0,25.0,CHF_per_m2,6645,7348.0,7831.0,8607.0
T_05_05_1_4_03,Y,2011,,Autres communes du Sud du canton (3),ppe,new,libre,0,15.0,CHF_per_m2,,7763.0,8020.0,8585.0
T_05_05_1_4_03,Y,2011,,Autres communes du Sud du canton (3),ppe,existing,libre,0,29.0,CHF_per_m2,,6493.0,7522.0,8449.0
T_05_05_1_4_03,Y,2011,,Autres communes du Sud du canton (3),ppe,all,libre,0,44.0,CHF_per_m2,,7011.0,7895.0,8517.0
T_05_05_1_4_03,Y,2011,,Autres communes du Sud du canton (3),ppe,all,zd,0,8.0,CHF_per_m2,,,,
T_05_05_1_4_03,Y,2011,,Autres communes du Sud du canton (3),ppe,all,all,0,52.0,CHF_per_m2,,6947.0,7779.0,8517.0
T_05_05_1_4_03,Y,2011,,Autres communes du Nord du canton / rive droite du lac (4),ppe,new,libre,0,,CHF_per_m2,,,,
T_05_05_1_4_03,Y,2011,,Autres communes du Nord du canton / rive droite du lac (4),ppe,existing,libre,0,14.0,CHF_per_m2,,6888.0,8077.0,8608.0
T_05_05_1_4_03,Y,2011,,Autres communes du Nord du canton / rive droite du lac (4),ppe,all,libre,0,14.0,CHF_per_m2,,6888.0,8077.0,8608.0
T_05_05_1_4_03,Y,2011,,Autres communes du Nord du canton / rive droite du lac (4),ppe,all,zd,0,1.0,CHF_per_m2,,,,
T_05_05_1_4_03,Y,2011,,Autres communes du Nord du canton / rive droite du lac (4),ppe,all,all,0,15.0,CHF_per_m2,,6217.0,7876.0,8608.0
T_05_05_1_4_03,Y,2011,,Autres communes de la rive gauche du lac (5),ppe,new,libre,0,1.0,CHF_per_m2,,,,
T_05_05_1_4_03,Y,2011,,Autres communes de la rive gauche du lac (5),ppe,existing,libre,0,13.0,CHF_per_m2,,7899.0,9231.0,10652.0
T_05_05_1_4_03,Y,2011,,Autres communes de la rive gauche du lac (5),ppe,all,libre,0,14.0,CHF_per_m2,,7899.0,9437.0,12356.0
T_05_05_1_4_03,Y,2011,,Autres communes de la rive gauche du lac (5),ppe,all,zd,0,,CHF_per_m2,,,,
T_05_05_1_4_03,Y,2011,,Autres communes de la rive gauche du lac (5),ppe,all,all,0,14.0,CHF_per_m2,,7899.0,9437.0,12356.0
T_05_05_1_4_03,Y,2011,,Autres communes de l'Est du canton (6),ppe,new,libre,0,2.0,CHF_per_m2,,,,
T_05_05_1_4_03,Y,2011,,Autres communes de l'Est du canton (6),ppe,existing,libre,0,27.0,CHF_per_m2,,7451.0,8850.0,9938.0
T_05_05_1_4_03,Y,2011,,Autres communes de l'Est du canton (6),ppe,all,libre,0,29.0,CHF_per_m2,,7595.0,9123.0,10344.0
T_05_05_1_4_03,Y,2011,,Autres communes de l'Est du canton (6),ppe,all,zd,0,10.0,CHF_per_m2,,6587.0,6680.0,6865.0
T_05_05_1_4_03,Y,2011,,Autres communes de l'Est du canton (6),ppe,all,all,0,39.0,CHF_per_m2,,6712.0,7791.0,9933.0
T_05_05_1_4_03,Y,2011,,Autres communes de l'Ouest du canton (7),ppe,new,libre,0,48.0,CHF_per_m2,,6040.0,6776.0,7772.0
T_05_05_1_4_03,Y,2011,,Autres communes de l'Ouest du canton (7),ppe,existing,libre,0,24.0,CHF_per_m2,,5081.0,6824.0,7519.0
T_05_05_1_4_03,Y,2011,,Autres communes de l'Ouest du canton (7),ppe,all,libre,0,72.0,CHF_per_m2,,5878.0,6776.0,7754.0
T_05_05_1_4_03,Y,2011,,Autres communes de l'Ouest du canton (7),ppe,all,zd,0,1.0,CHF_per_m2,,,,
T_05_05_1_4_03,Y,2011,,Autres communes de l'Ouest du canton (7),ppe,all,all,0,73.0,CHF_per_m2,,5965.0,6780.0,7762.0
T_05_05_1_4_03,Y,2011,,Canton,ppe,new,libre,0,152.0,CHF_per_m2,0000,7082.0,7979.0,9786.0
T_05_05_1_4_03,Y,2011,,Canton,ppe,existing,libre,0,632.0,CHF_per_m2,0000,7339.0,9160.0,11460.0
T_05_05_1_4_03,Y,2011,,Canton,ppe,all,libre,0,784.0,CHF_per_m2,0000,7290.0,8838.0,11151.0
T_05_05_1_4_03,Y,2011,,Canton,ppe,all,zd,0,156.0,CHF_per_m2,0000,5901.0,6416.0,7461.0
T_05_05_1_4_03,Y,2011,,Canton,ppe,all,all,0,940.0,CHF_per_m2,0000,6734.0,8308.0,10658.0
T_05_05_1_4_03,Y,2010,,Bernex,ppe,new,libre,0,2.0,CHF_per_m2,6607,,,
T_05_05_1_4_03,Y,2010,,Bernex,ppe,existing,libre,0,10.0,CHF_per_m2,6607,6250.0,6905.0,8208.0
T_05_05_1_4_03,Y,2010,,Bernex,ppe,all,libre,0,12.0,CHF_per_m2,6607,6433.0,6905.0,8105.0
T_05_05_1_4_03,Y,2010,,Bernex,ppe,all,zd,0,,CHF_per_m2,6607,,,
T_05_05_1_4_03,Y,2010,,Bernex,ppe,all,all,0,12.0,CHF_per_m2,6607,6433.0,6905.0,8105.0
T_05_05_1_4_03,Y,2010,,Carouge,ppe,new,libre,0,12.0,CHF_per_m2,6608,8231.0,9640.0,10340.0
T_05_05_1_4_03,Y,2010,,Carouge,ppe,existing,libre,0,14.0,CHF_per_m2,6608,8293.0,9650.0,10500.0
T_05_05_1_4_03,Y,2010,,Carouge,ppe,all,libre,0,26.0,CHF_per_m2,6608,8293.0,9640.0,10441.0
T_05_05_1_4_03,Y,2010,,Carouge,ppe,all,zd,0,,CHF_per_m2,6608,,,
T_05_05_1_4_03,Y,2010,,Carouge,ppe,all,all,0,26.0,CHF_per_m2,6608,8293.0,9640.0,10441.0
T_05_05_1_4_03,Y,2010,,Chêne-Bougeries,ppe,new,libre,0,10.0,CHF_per_m2,6612,7293.0,7464.0,8083.0
T_05_05_1_4_03,Y,2010,,Chêne-Bougeries,ppe,existing,libre,0,17.0,CHF_per_m2,6612,7527.0,9571.0,11404.0
T_05_05_1_4_03,Y,2010,,Chêne-Bougeries,ppe,all,libre,0,27.0,CHF_per_m2,6612,7293.0,8083.0,11071.0
T_05_05_1_4_03,Y,2010,,Chêne-Bougeries,ppe,all,zd,0,,CHF_per_m2,6612,,,
T_05_05_1_4_03,Y,2010,,Chêne-Bougeries,ppe,all,all,0,27.0,CHF_per_m2,6612,7293.0,8083.0,11071.0
T_05_05_1_4_03,Y,2010,,Cologny,ppe,new,libre,0,1.0,CHF_per_m2,6617,,,
T_05_05_1_4_03,Y,2010,,Cologny,ppe,existing,libre,0,21.0,CHF_per_m2,6617,9043.0,10298.0,12500.0
T_05_05_1_4_03,Y,2010,,Cologny,ppe,all,libre,0,22.0,CHF_per_m2,6617,7759.0,10263.0,12500.0
T_05_05_1_4_03,Y,2010,,Cologny,ppe,all,zd,0,,CHF_per_m2,6617,,,
T_05_05_1_4_03,Y,2010,,Cologny,ppe,all,all,0,22.0,CHF_per_m2,6617,7759.0,10263.0,12500.0
T_05_05_1_4_03,Y,2010,,Genève,ppe,new,libre,0,37.0,CHF_per_m2,6621,7710.0,8080.0,9333.0
T_05_05_1_4_03,Y,2010,,Genève,ppe,existing,libre,0,337.0,CHF_per_m2,6621,7937.0,9835.0,11600.0
T_05_05_1_4_03,Y,2010,,Genève,ppe,all,libre,0,374.0,CHF_per_m2,6621,7857.0,9665.0,11429.0
T_05_05_1_4_03,Y,2010,,Genève,ppe,all,zd,0,63.0,CHF_per_m2,6621,5189.0,5761.0,6914.0
T_05_05_1_4_03,Y,2010,,Genève,ppe,all,all,0,437.0,CHF_per_m2,6621,7009.0,9143.0,11103.0
T_05_05_1_4_03,Y,2010,,Grand-Saconnex,ppe,new,libre,0,14.0,CHF_per_m2,6623,8204.0,9069.0,9475.0
T_05_05_1_4_03,Y,2010,,Grand-Saconnex,ppe,existing,libre,0,9.0,CHF_per_m2,6623,,,
T_05_05_1_4_03,Y,2010,,Grand-Saconnex,ppe,all,libre,0,23.0,CHF_per_m2,6623,7952.0,8438.0,9107.0
T_05_05_1_4_03,Y,2010,,Grand-Saconnex,ppe,all,zd,0,45.0,CHF_per_m2,6623,5170.0,5345.0,5524.0
T_05_05_1_4_03,Y,2010,,Grand-Saconnex,ppe,all,all,0,68.0,CHF_per_m2,6623,5215.0,5523.0,8033.0
T_05_05_1_4_03,Y,2010,,Lancy,ppe,new,libre,0,19.0,CHF_per_m2,6628,6442.0,7289.0,7825.0
T_05_05_1_4_03,Y,2010,,Lancy,ppe,existing,libre,0,24.0,CHF_per_m2,6628,4708.0,6584.0,8003.0
T_05_05_1_4_03,Y,2010,,Lancy,ppe,all,libre,0,43.0,CHF_per_m2,6628,5790.0,7111.0,7975.0
T_05_05_1_4_03,Y,2010,,Lancy,ppe,all,zd,0,20.0,CHF_per_m2,6628,6363.0,6739.0,6935.0
T_05_05_1_4_03,Y,2010,,Lancy,ppe,all,all,0,63.0,CHF_per_m2,6628,6286.0,6773.0,7694.0
T_05_05_1_4_03,Y,2010,,Meyrin,ppe,new,libre,0,,CHF_per_m2,6630,,,
T_05_05_1_4_03,Y,2010,,Meyrin,ppe,existing,libre,0,26.0,CHF_per_m2,6630,4592.0,5466.0,6953.0
T_05_05_1_4_03,Y,2010,,Meyrin,ppe,all,libre,0,26.0,CHF_per_m2,6630,4592.0,5466.0,6953.0
T_05_05_1_4_03,Y,2010,,Meyrin,ppe,all,zd,0,,CHF_per_m2,6630,,,
T_05_05_1_4_03,Y,2010,,Meyrin,ppe,all,all,0,26.0,CHF_per_m2,6630,4592.0,5466.0,6953.0
T_05_05_1_4_03,Y,2010,,Plan-les-Ouates,ppe,new,libre,0,28.0,CHF_per_m2,6633,7271.0,7749.0,8249.0
T_05_05_1_4_03,Y,2010,,Plan-les-Ouates,ppe,existing,libre,0,22.0,CHF_per_m2,6633,6441.0,7878.0,8333.0
T_05_05_1_4_03,Y,2010,,Plan-les-Ouates,ppe,all,libre,0,50.0,CHF_per_m2,6633,7120.0,7761.0,8288.0
T_05_05_1_4_03,Y,2010,,Plan-les-Ouates,ppe,all,zd,0,33.0,CHF_per_m2,6633,5883.0,6153.0,6425.0
T_05_05_1_4_03,Y,2010,,Plan-les-Ouates,ppe,all,all,0,83.0,CHF_per_m2,6633,5986.0,6614.0,7999.0
T_05_05_1_4_03,Y,2010,,Thônex,ppe,new,libre,0,,CHF_per_m2,6640,,,
T_05_05_1_4_03,Y,2010,,Thônex,ppe,existing,libre,0,38.0,CHF_per_m2,6640,6000.0,6819.0,7500.0
T_05_05_1_4_03,Y,2010,,Thônex,ppe,all,libre,0,38.0,CHF_per_m2,6640,6000.0,6819.0,7500.0
T_05_05_1_4_03,Y,2010,,Thônex,ppe,all,zd,0,,CHF_per_m2,6640,,,
T_05_05_1_4_03,Y,2010,,Thônex,ppe,all,all,0,38.0,CHF_per_m2,6640,6000.0,6819.0,7500.0
T_05_05_1_4_03,Y,2010,,Vernier,ppe,new,libre,0,3.0,CHF_per_m2,6643,,,
T_05_05_1_4_03,Y,2010,,Vernier,ppe,existing,libre,0,14.0,CHF_per_m2,6643,4054.0,5878.0,6344.0
T_05_05_1_4_03,Y,2010,,Vernier,ppe,all,libre,0,17.0,CHF_per_m2,6643,4140.0,5809.0,6286.0
T_05_05_1_4_03,Y,2010,,Vernier,ppe,all,zd,0,102.0,CHF_per_m2,6643,5234.0,5582.0,5771.0
T_05_05_1_4_03,Y,2010,,Vernier,ppe,all,all,0,119.0,CHF_per_m2,6643,5183.0,5583.0,5809.0
T_05_05_1_4_03,Y,2010,,Versoix,ppe,new,libre,0,2.0,CHF_per_m2,6644,,,
T_05_05_1_4_03,Y,2010,,Versoix,ppe,existing,libre,0,22.0,CHF_per_m2,6644,6184.0,6366.0,6747.0
T_05_05_1_4_03,Y,2010,,Versoix,ppe,all,libre,0,24.0,CHF_per_m2,6644,6009.0,6366.0,6809.0
T_05_05_1_4_03,Y,2010,,Versoix,ppe,all,zd,0,2.0,CHF_per_m2,6644,,,
T_05_05_1_4_03,Y,2010,,Versoix,ppe,all,all,0,26.0,CHF_per_m2,6644,6049.0,6305.0,6747.0
T_05_05_1_4_03,Y,2010,,Veyrier,ppe,new,libre,0,17.0,CHF_per_m2,6645,7688.0,10735.0,11818.0
T_05_05_1_4_03,Y,2010,,Veyrier,ppe,existing,libre,0,10.0,CHF_per_m2,6645,6250.0,7028.0,9723.0
T_05_05_1_4_03,Y,2010,,Veyrier,ppe,all,libre,0,27.0,CHF_per_m2,6645,7200.0,9723.0,11818.0
T_05_05_1_4_03,Y,2010,,Veyrier,ppe,all,zd,0,,CHF_per_m2,6645,,,
T_05_05_1_4_03,Y,2010,,Veyrier,ppe,all,all,0,27.0,CHF_per_m2,6645,7200.0,9723.0,11818.0
T_05_05_1_4_03,Y,2010,,Autres communes du Sud du canton (3),ppe,new,libre,0,8.0,CHF_per_m2,,,,
T_05_05_1_4_03,Y,2010,,Autres communes du Sud du canton (3),ppe,existing,libre,0,32.0,CHF_per_m2,,5621.0,6678.0,7868.0
T_05_05_1_4_03,Y,2010,,Autres communes du Sud du canton (3),ppe,all,libre,0,40.0,CHF_per_m2,,5686.0,6794.0,8014.0
T_05_05_1_4_03,Y,2010,,Autres communes du Sud du canton (3),ppe,all,zd,0,6.0,CHF_per_m2,,,,
T_05_05_1_4_03,Y,2010,,Autres communes du Sud du canton (3),ppe,all,all,0,46.0,CHF_per_m2,,5630.0,6618.0,8000.0
T_05_05_1_4_03,Y,2010,,Autres communes du Nord du canton / rive droite du lac (4),ppe,new,libre,0,1.0,CHF_per_m2,,,,
T_05_05_1_4_03,Y,2010,,Autres communes du Nord du canton / rive droite du lac (4),ppe,existing,libre,0,8.0,CHF_per_m2,,,,
T_05_05_1_4_03,Y,2010,,Autres communes du Nord du canton / rive droite du lac (4),ppe,all,libre,0,9.0,CHF_per_m2,,,,
T_05_05_1_4_03,Y,2010,,Autres communes du Nord du canton / rive droite du lac (4),ppe,all,zd,0,13.0,CHF_per_m2,,5839.0,5994.0,6288.0
T_05_05_1_4_03,Y,2010,,Autres communes du Nord du canton / rive droite du lac (4),ppe,all,all,0,22.0,CHF_per_m2,,5880.0,6260.0,6530.0
T_05_05_1_4_03,Y,2010,,Autres communes de la rive gauche du lac (5),ppe,new,libre,0,6.0,CHF_per_m2,,,,
T_05_05_1_4_03,Y,2010,,Autres communes de la rive gauche du lac (5),ppe,existing,libre,0,11.0,CHF_per_m2,,6792.0,8120.0,8529.0
T_05_05_1_4_03,Y,2010,,Autres communes de la rive gauche du lac (5),ppe,all,libre,0,17.0,CHF_per_m2,,8120.0,8297.0,8529.0
T_05_05_1_4_03,Y,2010,,Autres communes de la rive gauche du lac (5),ppe,all,zd,0,15.0,CHF_per_m2,,5000.0,5199.0,5609.0
T_05_05_1_4_03,Y,2010,,Autres communes de la rive gauche du lac (5),ppe,all,all,0,32.0,CHF_per_m2,,5148.0,7118.0,8425.0
T_05_05_1_4_03,Y,2010,,Autres communes de l'Est du canton (6),ppe,new,libre,0,32.0,CHF_per_m2,,6853.0,7647.0,8565.0
T_05_05_1_4_03,Y,2010,,Autres communes de l'Est du canton (6),ppe,existing,libre,0,22.0,CHF_per_m2,,6382.0,7894.0,8864.0
T_05_05_1_4_03,Y,2010,,Autres communes de l'Est du canton (6),ppe,all,libre,0,54.0,CHF_per_m2,,6725.0,7787.0,8571.0
T_05_05_1_4_03,Y,2010,,Autres communes de l'Est du canton (6),ppe,all,zd,0,,CHF_per_m2,,,,
T_05_05_1_4_03,Y,2010,,Autres communes de l'Est du canton (6),ppe,all,all,0,54.0,CHF_per_m2,,6725.0,7787.0,8571.0
T_05_05_1_4_03,Y,2010,,Autres communes de l'Ouest du canton (7),ppe,new,libre,0,43.0,CHF_per_m2,,6566.0,6871.0,7336.0
T_05_05_1_4_03,Y,2010,,Autres communes de l'Ouest du canton (7),ppe,existing,libre,0,15.0,CHF_per_m2,,5075.0,6447.0,7750.0
T_05_05_1_4_03,Y,2010,,Autres communes de l'Ouest du canton (7),ppe,all,libre,0,58.0,CHF_per_m2,,6346.0,6859.0,7367.0
T_05_05_1_4_03,Y,2010,,Autres communes de l'Ouest du canton (7),ppe,all,zd,0,34.0,CHF_per_m2,,5741.0,6417.0,6625.0
T_05_05_1_4_03,Y,2010,,Autres communes de l'Ouest du canton (7),ppe,all,all,0,92.0,CHF_per_m2,,6214.0,6626.0,7141.0
T_05_05_1_4_03,Y,2010,,Canton,ppe,new,libre,0,235.0,CHF_per_m2,0000,6894.0,7688.0,8850.0
T_05_05_1_4_03,Y,2010,,Canton,ppe,existing,libre,0,652.0,CHF_per_m2,0000,6433.0,8254.0,10515.0
T_05_05_1_4_03,Y,2010,,Canton,ppe,all,libre,0,887.0,CHF_per_m2,0000,6637.0,8034.0,10000.0
T_05_05_1_4_03,Y,2010,,Canton,ppe,all,zd,0,333.0,CHF_per_m2,0000,5315.0,5721.0,6288.0
T_05_05_1_4_03,Y,2010,,Canton,ppe,all,all,0,1220.0,CHF_per_m2,0000,5826.0,7173.0,9145.0
T_05_05_1_4_03,Y,2009,,Bernex,ppe,new,libre,0,2.0,CHF_per_m2,6607,,,
T_05_05_1_4_03,Y,2009,,Bernex,ppe,existing,libre,0,14.0,CHF_per_m2,6607,5355.0,5811.0,6410.0
T_05_05_1_4_03,Y,2009,,Bernex,ppe,all,libre,0,16.0,CHF_per_m2,6607,5438.0,5868.0,6415.0
T_05_05_1_4_03,Y,2009,,Bernex,ppe,all,zd,0,,CHF_per_m2,6607,,,
T_05_05_1_4_03,Y,2009,,Bernex,ppe,all,all,0,16.0,CHF_per_m2,6607,5438.0,5868.0,6415.0
T_05_05_1_4_03,Y,2009,,Carouge,ppe,new,libre,0,14.0,CHF_per_m2,6608,5667.0,6327.0,7006.0
T_05_05_1_4_03,Y,2009,,Carouge,ppe,existing,libre,0,25.0,CHF_per_m2,6608,7482.0,8557.0,9815.0
T_05_05_1_4_03,Y,2009,,Carouge,ppe,all,libre,0,39.0,CHF_per_m2,6608,6443.0,7705.0,9529.0
T_05_05_1_4_03,Y,2009,,Carouge,ppe,all,zd,0,,CHF_per_m2,6608,,,
T_05_05_1_4_03,Y,2009,,Carouge,ppe,all,all,0,39.0,CHF_per_m2,6608,6443.0,7705.0,9529.0
T_05_05_1_4_03,Y,2009,,Chêne-Bougeries,ppe,new,libre,0,2.0,CHF_per_m2,6612,,,
T_05_05_1_4_03,Y,2009,,Chêne-Bougeries,ppe,existing,libre,0,10.0,CHF_per_m2,6612,7391.0,7855.0,8527.0
T_05_05_1_4_03,Y,2009,,Chêne-Bougeries,ppe,all,libre,0,12.0,CHF_per_m2,6612,7446.0,7951.0,9998.0
T_05_05_1_4_03,Y,2009,,Chêne-Bougeries,ppe,all,zd,0,,CHF_per_m2,6612,,,
T_05_05_1_4_03,Y,2009,,Chêne-Bougeries,ppe,all,all,0,12.0,CHF_per_m2,6612,7446.0,7951.0,9998.0
T_05_05_1_4_03,Y,2009,,Cologny,ppe,new,libre,0,,CHF_per_m2,6617,,,
T_05_05_1_4_03,Y,2009,,Cologny,ppe,existing,libre,0,18.0,CHF_per_m2,6617,7612.0,8847.0,10455.0
T_05_05_1_4_03,Y,2009,,Cologny,ppe,all,libre,0,18.0,CHF_per_m2,6617,7612.0,8847.0,10455.0
T_05_05_1_4_03,Y,2009,,Cologny,ppe,all,zd,0,,CHF_per_m2,6617,,,
T_05_05_1_4_03,Y,2009,,Cologny,ppe,all,all,0,18.0,CHF_per_m2,6617,7612.0,8847.0,10455.0
T_05_05_1_4_03,Y,2009,,Genève,ppe,new,libre,0,20.0,CHF_per_m2,6621,7222.0,8033.0,10237.0
T_05_05_1_4_03,Y,2009,,Genève,ppe,existing,libre,0,329.0,CHF_per_m2,6621,6383.0,8482.0,10303.0
T_05_05_1_4_03,Y,2009,,Genève,ppe,all,libre,0,349.0,CHF_per_m2,6621,6522.0,8462.0,10270.0
T_05_05_1_4_03,Y,2009,,Genève,ppe,all,zd,0,14.0,CHF_per_m2,6621,5135.0,5433.0,6480.0
T_05_05_1_4_03,Y,2009,,Genève,ppe,all,all,0,363.0,CHF_per_m2,6621,6383.0,8232.0,10250.0
T_05_05_1_4_03,Y,2009,,Grand-Saconnex,ppe,new,libre,0,1.0,CHF_per_m2,6623,,,
T_05_05_1_4_03,Y,2009,,Grand-Saconnex,ppe,existing,libre,0,17.0,CHF_per_m2,6623,6651.0,7285.0,7622.0
T_05_05_1_4_03,Y,2009,,Grand-Saconnex,ppe,all,libre,0,18.0,CHF_per_m2,6623,6651.0,7294.0,7718.0
T_05_05_1_4_03,Y,2009,,Grand-Saconnex,ppe,all,zd,0,,CHF_per_m2,6623,,,
T_05_05_1_4_03,Y,2009,,Grand-Saconnex,ppe,all,all,0,18.0,CHF_per_m2,6623,6651.0,7294.0,7718.0
T_05_05_1_4_03,Y,2009,,Lancy,ppe,new,libre,0,6.0,CHF_per_m2,6628,,,
T_05_05_1_4_03,Y,2009,,Lancy,ppe,existing,libre,0,31.0,CHF_per_m2,6628,4455.0,5397.0,7155.0
T_05_05_1_4_03,Y,2009,,Lancy,ppe,all,libre,0,37.0,CHF_per_m2,6628,4533.0,5488.0,7155.0
T_05_05_1_4_03,Y,2009,,Lancy,ppe,all,zd,0,48.0,CHF_per_m2,6628,4370.0,4517.0,6113.0
T_05_05_1_4_03,Y,2009,,Lancy,ppe,all,all,0,85.0,CHF_per_m2,6628,4381.0,4642.0,6929.0
T_05_05_1_4_03,Y,2009,,Meyrin,ppe,new,libre,0,,CHF_per_m2,6630,,,
T_05_05_1_4_03,Y,2009,,Meyrin,ppe,existing,libre,0,22.0,CHF_per_m2,6630,4096.0,4857.0,6494.0
T_05_05_1_4_03,Y,2009,,Meyrin,ppe,all,libre,0,22.0,CHF_per_m2,6630,4096.0,4857.0,6494.0
T_05_05_1_4_03,Y,2009,,Meyrin,ppe,all,zd,0,18.0,CHF_per_m2,6630,4547.0,4673.0,4834.0
T_05_05_1_4_03,Y,2009,,Meyrin,ppe,all,all,0,40.0,CHF_per_m2,6630,4372.0,4686.0,5303.0
T_05_05_1_4_03,Y,2009,,Plan-les-Ouates,ppe,new,libre,0,,CHF_per_m2,6633,,,
T_05_05_1_4_03,Y,2009,,Plan-les-Ouates,ppe,existing,libre,0,18.0,CHF_per_m2,6633,4875.0,5337.0,5766.0
T_05_05_1_4_03,Y,2009,,Plan-les-Ouates,ppe,all,libre,0,18.0,CHF_per_m2,6633,4875.0,5337.0,5766.0
T_05_05_1_4_03,Y,2009,,Plan-les-Ouates,ppe,all,zd,0,,CHF_per_m2,6633,,,
T_05_05_1_4_03,Y,2009,,Plan-les-Ouates,ppe,all,all,0,18.0,CHF_per_m2,6633,4875.0,5337.0,5766.0
T_05_05_1_4_03,Y,2009,,Thônex,ppe,new,libre,0,,CHF_per_m2,6640,,,
T_05_05_1_4_03,Y,2009,,Thônex,ppe,existing,libre,0,34.0,CHF_per_m2,6640,5469.0,6187.0,6765.0
T_05_05_1_4_03,Y,2009,,Thônex,ppe,all,libre,0,34.0,CHF_per_m2,6640,5469.0,6187.0,6765.0
T_05_05_1_4_03,Y,2009,,Thônex,ppe,all,zd,0,,CHF_per_m2,6640,,,
T_05_05_1_4_03,Y,2009,,Thônex,ppe,all,all,0,34.0,CHF_per_m2,6640,5469.0,6187.0,6765.0
T_05_05_1_4_03,Y,2009,,Vernier,ppe,new,libre,0,2.0,CHF_per_m2,6643,,,
T_05_05_1_4_03,Y,2009,,Vernier,ppe,existing,libre,0,19.0,CHF_per_m2,6643,4010.0,4913.0,5637.0
T_05_05_1_4_03,Y,2009,,Vernier,ppe,all,libre,0,21.0,CHF_per_m2,6643,4250.0,5000.0,6133.0
T_05_05_1_4_03,Y,2009,,Vernier,ppe,all,zd,0,31.0,CHF_per_m2,6643,4421.0,5084.0,6066.0
T_05_05_1_4_03,Y,2009,,Vernier,ppe,all,all,0,52.0,CHF_per_m2,6643,4392.0,5079.0,6099.0
T_05_05_1_4_03,Y,2009,,Versoix,ppe,new,libre,0,15.0,CHF_per_m2,6644,5038.0,5227.0,5395.0
T_05_05_1_4_03,Y,2009,,Versoix,ppe,existing,libre,0,26.0,CHF_per_m2,6644,4380.0,5387.0,6600.0
T_05_05_1_4_03,Y,2009,,Versoix,ppe,all,libre,0,41.0,CHF_per_m2,6644,4651.0,5229.0,6385.0
T_05_05_1_4_03,Y,2009,,Versoix,ppe,all,zd,0,2.0,CHF_per_m2,6644,,,
T_05_05_1_4_03,Y,2009,,Versoix,ppe,all,all,0,43.0,CHF_per_m2,6644,4651.0,5252.0,6385.0
T_05_05_1_4_03,Y,2009,,Veyrier,ppe,new,libre,0,24.0,CHF_per_m2,6645,7005.0,7974.0,9150.0
T_05_05_1_4_03,Y,2009,,Veyrier,ppe,existing,libre,0,13.0,CHF_per_m2,6645,6188.0,7143.0,8146.0
T_05_05_1_4_03,Y,2009,,Veyrier,ppe,all,libre,0,37.0,CHF_per_m2,6645,6691.0,7709.0,8830.0
T_05_05_1_4_03,Y,2009,,Veyrier,ppe,all,zd,0,,CHF_per_m2,6645,,,
T_05_05_1_4_03,Y,2009,,Veyrier,ppe,all,all,0,37.0,CHF_per_m2,6645,6691.0,7709.0,8830.0
T_05_05_1_4_03,Y,2009,,Autres communes du Sud du canton (3),ppe,new,libre,0,1.0,CHF_per_m2,,,,
T_05_05_1_4_03,Y,2009,,Autres communes du Sud du canton (3),ppe,existing,libre,0,30.0,CHF_per_m2,,4924.0,5729.0,7500.0
T_05_05_1_4_03,Y,2009,,Autres communes du Sud du canton (3),ppe,all,libre,0,31.0,CHF_per_m2,,4924.0,5625.0,7500.0
T_05_05_1_4_03,Y,2009,,Autres communes du Sud du canton (3),ppe,all,zd,0,1.0,CHF_per_m2,,,,
T_05_05_1_4_03,Y,2009,,Autres communes du Sud du canton (3),ppe,all,all,0,32.0,CHF_per_m2,,4935.0,5625.0,7453.0
T_05_05_1_4_03,Y,2009,,Autres communes du Nord du canton / rive droite du lac (4),ppe,new,libre,0,,CHF_per_m2,,,,
T_05_05_1_4_03,Y,2009,,Autres communes du Nord du canton / rive droite du lac (4),ppe,existing,libre,0,9.0,CHF_per_m2,,,,
T_05_05_1_4_03,Y,2009,,Autres communes du Nord du canton / rive droite du lac (4),ppe,all,libre,0,9.0,CHF_per_m2,,,,
T_05_05_1_4_03,Y,2009,,Autres communes du Nord du canton / rive droite du lac (4),ppe,all,zd,0,,CHF_per_m2,,,,
T_05_05_1_4_03,Y,2009,,Autres communes du Nord du canton / rive droite du lac (4),ppe,all,all,0,9.0,CHF_per_m2,,,,
T_05_05_1_4_03,Y,2009,,Autres communes de la rive gauche du lac (5),ppe,new,libre,0,15.0,CHF_per_m2,,6955.0,8078.0,8476.0
T_05_05_1_4_03,Y,2009,,Autres communes de la rive gauche du lac (5),ppe,existing,libre,0,15.0,CHF_per_m2,,5810.0,6953.0,10827.0
T_05_05_1_4_03,Y,2009,,Autres communes de la rive gauche du lac (5),ppe,all,libre,0,30.0,CHF_per_m2,,6541.0,7938.0,8571.0
T_05_05_1_4_03,Y,2009,,Autres communes de la rive gauche du lac (5),ppe,all,zd,0,16.0,CHF_per_m2,,6467.0,7236.0,7966.0
T_05_05_1_4_03,Y,2009,,Autres communes de la rive gauche du lac (5),ppe,all,all,0,46.0,CHF_per_m2,,6525.0,7727.0,8471.0
T_05_05_1_4_03,Y,2009,,Autres communes de l'Est du canton (6),ppe,new,libre,0,16.0,CHF_per_m2,,5370.0,6102.0,7648.0
T_05_05_1_4_03,Y,2009,,Autres communes de l'Est du canton (6),ppe,existing,libre,0,22.0,CHF_per_m2,,6977.0,7659.0,8155.0
T_05_05_1_4_03,Y,2009,,Autres communes de l'Est du canton (6),ppe,all,libre,0,38.0,CHF_per_m2,,5701.0,7456.0,8039.0
T_05_05_1_4_03,Y,2009,,Autres communes de l'Est du canton (6),ppe,all,zd,0,23.0,CHF_per_m2,,5473.0,5604.0,5801.0
T_05_05_1_4_03,Y,2009,,Autres communes de l'Est du canton (6),ppe,all,all,0,61.0,CHF_per_m2,,5539.0,5921.0,7645.0
T_05_05_1_4_03,Y,2009,,Autres communes de l'Ouest du canton (7),ppe,new,libre,0,41.0,CHF_per_m2,,5299.0,5606.0,6181.0
T_05_05_1_4_03,Y,2009,,Autres communes de l'Ouest du canton (7),ppe,existing,libre,0,27.0,CHF_per_m2,,5050.0,5397.0,5970.0
T_05_05_1_4_03,Y,2009,,Autres communes de l'Ouest du canton (7),ppe,all,libre,0,68.0,CHF_per_m2,,5218.0,5600.0,6100.0
T_05_05_1_4_03,Y,2009,,Autres communes de l'Ouest du canton (7),ppe,all,zd,0,18.0,CHF_per_m2,,5370.0,5939.0,6634.0
T_05_05_1_4_03,Y,2009,,Autres communes de l'Ouest du canton (7),ppe,all,all,0,86.0,CHF_per_m2,,5250.0,5620.0,6292.0
T_05_05_1_4_03,Y,2009,,Canton,ppe,new,libre,0,159.0,CHF_per_m2,0000,5487.0,6667.0,7977.0
T_05_05_1_4_03,Y,2009,,Canton,ppe,existing,libre,0,679.0,CHF_per_m2,0000,5545.0,7207.0,9048.0
T_05_05_1_4_03,Y,2009,,Canton,ppe,all,libre,0,838.0,CHF_per_m2,0000,5528.0,7087.0,8723.0
T_05_05_1_4_03,Y,2009,,Canton,ppe,all,zd,0,171.0,CHF_per_m2,0000,4580.0,5252.0,6218.0
T_05_05_1_4_03,Y,2009,,Canton,ppe,all,all,0,1009.0,CHF_per_m2,0000,5323.0,6667.0,8395.0
T_05_05_1_4_03,Y,2008,,Bernex,ppe,new,libre,0,6.0,CHF_per_m2,6607,,,
T_05_05_1_4_03,Y,2008,,Bernex,ppe,existing,libre,0,9.0,CHF_per_m2,6607,,,
T_05_05_1_4_03,Y,2008,,Bernex,ppe,all,libre,0,15.0,CHF_per_m2,6607,5133.0,6135.0,6800.0
T_05_05_1_4_03,Y,2008,,Bernex,ppe,all,zd,0,1.0,CHF_per_m2,6607,,,
T_05_05_1_4_03,Y,2008,,Bernex,ppe,all,all,0,16.0,CHF_per_m2,6607,5096.0,6094.0,6626.0
T_05_05_1_4_03,Y,2008,,Carouge,ppe,new,libre,0,17.0,CHF_per_m2,6608,5592.0,5879.0,6489.0
T_05_05_1_4_03,Y,2008,,Carouge,ppe,existing,libre,0,15.0,CHF_per_m2,6608,5033.0,8283.0,9685.0
T_05_05_1_4_03,Y,2008,,Carouge,ppe,all,libre,0,32.0,CHF_per_m2,6608,5443.0,6100.0,8360.0
T_05_05_1_4_03,Y,2008,,Carouge,ppe,all,zd,0,,CHF_per_m2,6608,,,
T_05_05_1_4_03,Y,2008,,Carouge,ppe,all,all,0,32.0,CHF_per_m2,6608,5443.0,6100.0,8360.0
T_05_05_1_4_03,Y,2008,,Chêne-Bougeries,ppe,new,libre,0,10.0,CHF_per_m2,6612,9898.0,10499.0,11090.0
T_05_05_1_4_03,Y,2008,,Chêne-Bougeries,ppe,existing,libre,0,21.0,CHF_per_m2,6612,7622.0,8774.0,10042.0
T_05_05_1_4_03,Y,2008,,Chêne-Bougeries,ppe,all,libre,0,31.0,CHF_per_m2,6612,8400.0,9453.0,10417.0
T_05_05_1_4_03,Y,2008,,Chêne-Bougeries,ppe,all,zd,0,,CHF_per_m2,6612,,,
T_05_05_1_4_03,Y,2008,,Chêne-Bougeries,ppe,all,all,0,31.0,CHF_per_m2,6612,8400.0,9453.0,10417.0
T_05_05_1_4_03,Y,2008,,Cologny,ppe,new,libre,0,,CHF_per_m2,6617,,,
T_05_05_1_4_03,Y,2008,,Cologny,ppe,existing,libre,0,20.0,CHF_per_m2,6617,7240.0,9262.0,11772.0
T_05_05_1_4_03,Y,2008,,Cologny,ppe,all,libre,0,20.0,CHF_per_m2,6617,7240.0,9262.0,11772.0
T_05_05_1_4_03,Y,2008,,Cologny,ppe,all,zd,0,,CHF_per_m2,6617,,,
T_05_05_1_4_03,Y,2008,,Cologny,ppe,all,all,0,20.0,CHF_per_m2,6617,7240.0,9262.0,11772.0
T_05_05_1_4_03,Y,2008,,Genève,ppe,new,libre,0,17.0,CHF_per_m2,6621,6435.0,7389.0,8366.0
T_05_05_1_4_03,Y,2008,,Genève,ppe,existing,libre,0,316.0,CHF_per_m2,6621,6553.0,8158.0,10027.0
T_05_05_1_4_03,Y,2008,,Genève,ppe,all,libre,0,333.0,CHF_per_m2,6621,6516.0,8130.0,9944.0
T_05_05_1_4_03,Y,2008,,Genève,ppe,all,zd,0,44.0,CHF_per_m2,6621,4022.0,4535.0,5280.0
T_05_05_1_4_03,Y,2008,,Genève,ppe,all,all,0,377.0,CHF_per_m2,6621,6042.0,7805.0,9606.0
T_05_05_1_4_03,Y,2008,,Grand-Saconnex,ppe,new,libre,0,,CHF_per_m2,6623,,,
T_05_05_1_4_03,Y,2008,,Grand-Saconnex,ppe,existing,libre,0,14.0,CHF_per_m2,6623,4657.0,5598.0,7235.0
T_05_05_1_4_03,Y,2008,,Grand-Saconnex,ppe,all,libre,0,14.0,CHF_per_m2,6623,4657.0,5598.0,7235.0
T_05_05_1_4_03,Y,2008,,Grand-Saconnex,ppe,all,zd,0,,CHF_per_m2,6623,,,
T_05_05_1_4_03,Y,2008,,Grand-Saconnex,ppe,all,all,0,14.0,CHF_per_m2,6623,4657.0,5598.0,7235.0
T_05_05_1_4_03,Y,2008,,Lancy,ppe,new,libre,0,,CHF_per_m2,6628,,,
T_05_05_1_4_03,Y,2008,,Lancy,ppe,existing,libre,0,23.0,CHF_per_m2,6628,4267.0,5621.0,7049.0
T_05_05_1_4_03,Y,2008,,Lancy,ppe,all,libre,0,23.0,CHF_per_m2,6628,4267.0,5621.0,7049.0
T_05_05_1_4_03,Y,2008,,Lancy,ppe,all,zd,0,,CHF_per_m2,6628,,,
T_05_05_1_4_03,Y,2008,,Lancy,ppe,all,all,0,23.0,CHF_per_m2,6628,4267.0,5621.0,7049.0
T_05_05_1_4_03,Y,2008,,Meyrin,ppe,new,libre,0,3.0,CHF_per_m2,6630,,,
T_05_05_1_4_03,Y,2008,,Meyrin,ppe,existing,libre,0,36.0,CHF_per_m2,6630,3170.0,5063.0,6169.0
T_05_05_1_4_03,Y,2008,,Meyrin,ppe,all,libre,0,39.0,CHF_per_m2,6630,3253.0,5126.0,6216.0
T_05_05_1_4_03,Y,2008,,Meyrin,ppe,all,zd,0,,CHF_per_m2,6630,,,
T_05_05_1_4_03,Y,2008,,Meyrin,ppe,all,all,0,39.0,CHF_per_m2,6630,3253.0,5126.0,6216.0
T_05_05_1_4_03,Y,2008,,Plan-les-Ouates,ppe,new,libre,0,,CHF_per_m2,6633,,,
T_05_05_1_4_03,Y,2008,,Plan-les-Ouates,ppe,existing,libre,0,14.0,CHF_per_m2,6633,4590.0,7506.0,8800.0
T_05_05_1_4_03,Y,2008,,Plan-les-Ouates,ppe,all,libre,0,14.0,CHF_per_m2,6633,4590.0,7506.0,8800.0
T_05_05_1_4_03,Y,2008,,Plan-les-Ouates,ppe,all,zd,0,12.0,CHF_per_m2,6633,4116.0,4309.0,4500.0
T_05_05_1_4_03,Y,2008,,Plan-les-Ouates,ppe,all,all,0,26.0,CHF_per_m2,6633,4183.0,4548.0,7647.0
T_05_05_1_4_03,Y,2008,,Thônex,ppe,new,libre,0,,CHF_per_m2,6640,,,
T_05_05_1_4_03,Y,2008,,Thônex,ppe,existing,libre,0,23.0,CHF_per_m2,6640,5645.0,6649.0,7317.0
T_05_05_1_4_03,Y,2008,,Thônex,ppe,all,libre,0,23.0,CHF_per_m2,6640,5645.0,6649.0,7317.0
T_05_05_1_4_03,Y,2008,,Thônex,ppe,all,zd,0,,CHF_per_m2,6640,,,
T_05_05_1_4_03,Y,2008,,Thônex,ppe,all,all,0,23.0,CHF_per_m2,6640,5645.0,6649.0,7317.0
T_05_05_1_4_03,Y,2008,,Vernier,ppe,new,libre,0,1.0,CHF_per_m2,6643,,,
T_05_05_1_4_03,Y,2008,,Vernier,ppe,existing,libre,0,32.0,CHF_per_m2,6643,3561.0,4369.0,5129.0
T_05_05_1_4_03,Y,2008,,Vernier,ppe,all,libre,0,33.0,CHF_per_m2,6643,3571.0,4346.0,5120.0
T_05_05_1_4_03,Y,2008,,Vernier,ppe,all,zd,0,40.0,CHF_per_m2,6643,4189.0,4591.0,5024.0
T_05_05_1_4_03,Y,2008,,Vernier,ppe,all,all,0,73.0,CHF_per_m2,6643,3853.0,4483.0,5070.0
T_05_05_1_4_03,Y,2008,,Versoix,ppe,new,libre,0,2.0,CHF_per_m2,6644,,,
T_05_05_1_4_03,Y,2008,,Versoix,ppe,existing,libre,0,26.0,CHF_per_m2,6644,4375.0,4855.0,5647.0
T_05_05_1_4_03,Y,2008,,Versoix,ppe,all,libre,0,28.0,CHF_per_m2,6644,4323.0,4855.0,5616.0
T_05_05_1_4_03,Y,2008,,Versoix,ppe,all,zd,0,3.0,CHF_per_m2,6644,,,
T_05_05_1_4_03,Y,2008,,Versoix,ppe,all,all,0,31.0,CHF_per_m2,6644,4270.0,4787.0,5584.0
T_05_05_1_4_03,Y,2008,,Veyrier,ppe,new,libre,0,3.0,CHF_per_m2,6645,,,
T_05_05_1_4_03,Y,2008,,Veyrier,ppe,existing,libre,0,21.0,CHF_per_m2,6645,6167.0,6541.0,8241.0
T_05_05_1_4_03,Y,2008,,Veyrier,ppe,all,libre,0,24.0,CHF_per_m2,6645,5608.0,6500.0,8098.0
T_05_05_1_4_03,Y,2008,,Veyrier,ppe,all,zd,0,,CHF_per_m2,6645,,,
T_05_05_1_4_03,Y,2008,,Veyrier,ppe,all,all,0,24.0,CHF_per_m2,6645,5608.0,6500.0,8098.0
T_05_05_1_4_03,Y,2008,,Autres communes du Sud du canton (3),ppe,new,libre,0,12.0,CHF_per_m2,,5753.0,5948.0,6297.0
T_05_05_1_4_03,Y,2008,,Autres communes du Sud du canton (3),ppe,existing,libre,0,27.0,CHF_per_m2,,4293.0,5827.0,6688.0
T_05_05_1_4_03,Y,2008,,Autres communes du Sud du canton (3),ppe,all,libre,0,39.0,CHF_per_m2,,4630.0,5870.0,6528.0
T_05_05_1_4_03,Y,2008,,Autres communes du Sud du canton (3),ppe,all,zd,0,,CHF_per_m2,,,,
T_05_05_1_4_03,Y,2008,,Autres communes du Sud du canton (3),ppe,all,all,0,39.0,CHF_per_m2,,4630.0,5870.0,6528.0
T_05_05_1_4_03,Y,2008,,Autres communes du Nord du canton / rive droite du lac (4),ppe,new,libre,0,,CHF_per_m2,,,,
T_05_05_1_4_03,Y,2008,,Autres communes du Nord du canton / rive droite du lac (4),ppe,existing,libre,0,9.0,CHF_per_m2,,,,
T_05_05_1_4_03,Y,2008,,Autres communes du Nord du canton / rive droite du lac (4),ppe,all,libre,0,9.0,CHF_per_m2,,,,
T_05_05_1_4_03,Y,2008,,Autres communes du Nord du canton / rive droite du lac (4),ppe,all,zd,0,30.0,CHF_per_m2,,4472.0,4783.0,5008.0
T_05_05_1_4_03,Y,2008,,Autres communes du Nord du canton / rive droite du lac (4),ppe,all,all,0,39.0,CHF_per_m2,,4570.0,4845.0,5476.0
T_05_05_1_4_03,Y,2008,,Autres communes de la rive gauche du lac (5),ppe,new,libre,0,5.0,CHF_per_m2,,,,
T_05_05_1_4_03,Y,2008,,Autres communes de la rive gauche du lac (5),ppe,existing,libre,0,21.0,CHF_per_m2,,4938.0,6623.0,7581.0
T_05_05_1_4_03,Y,2008,,Autres communes de la rive gauche du lac (5),ppe,all,libre,0,26.0,CHF_per_m2,,5320.0,6957.0,8136.0
T_05_05_1_4_03,Y,2008,,Autres communes de la rive gauche du lac (5),ppe,all,zd,0,,CHF_per_m2,,,,
T_05_05_1_4_03,Y,2008,,Autres communes de la rive gauche du lac (5),ppe,all,all,0,26.0,CHF_per_m2,,5320.0,6957.0,8136.0
T_05_05_1_4_03,Y,2008,,Autres communes de l'Est du canton (6),ppe,new,libre,0,2.0,CHF_per_m2,,,,
T_05_05_1_4_03,Y,2008,,Autres communes de l'Est du canton (6),ppe,existing,libre,0,27.0,CHF_per_m2,,5298.0,5968.0,6923.0
T_05_05_1_4_03,Y,2008,,Autres communes de l'Est du canton (6),ppe,all,libre,0,29.0,CHF_per_m2,,5298.0,5968.0,6923.0
T_05_05_1_4_03,Y,2008,,Autres communes de l'Est du canton (6),ppe,all,zd,0,1.0,CHF_per_m2,,,,
T_05_05_1_4_03,Y,2008,,Autres communes de l'Est du canton (6),ppe,all,all,0,30.0,CHF_per_m2,,5126.0,5883.0,6923.0
T_05_05_1_4_03,Y,2008,,Autres communes de l'Ouest du canton (7),ppe,new,libre,0,27.0,CHF_per_m2,,3909.0,4236.0,5827.0
T_05_05_1_4_03,Y,2008,,Autres communes de l'Ouest du canton (7),ppe,existing,libre,0,18.0,CHF_per_m2,,4641.0,5468.0,6481.0
T_05_05_1_4_03,Y,2008,,Autres communes de l'Ouest du canton (7),ppe,all,libre,0,45.0,CHF_per_m2,,4078.0,4643.0,6356.0
T_05_05_1_4_03,Y,2008,,Autres communes de l'Ouest du canton (7),ppe,all,zd,0,54.0,CHF_per_m2,,5227.0,5839.0,6437.0
T_05_05_1_4_03,Y,2008,,Autres communes de l'Ouest du canton (7),ppe,all,all,0,99.0,CHF_per_m2,,4819.0,5554.0,6437.0
T_05_05_1_4_03,Y,2008,,Canton,ppe,new,libre,0,105.0,CHF_per_m2,0000,5133.0,5983.0,7500.0
T_05_05_1_4_03,Y,2008,,Canton,ppe,existing,libre,0,672.0,CHF_per_m2,0000,5380.0,6883.0,8788.0
T_05_05_1_4_03,Y,2008,,Canton,ppe,all,libre,0,777.0,CHF_per_m2,0000,5339.0,6707.0,8621.0
T_05_05_1_4_03,Y,2008,,Canton,ppe,all,zd,0,185.0,CHF_per_m2,0000,4399.0,4845.0,5597.0
T_05_05_1_4_03,Y,2008,,Canton,ppe,all,all,0,962.0,CHF_per_m2,0000,4866.0,6310.0,8173.0
T_05_05_1_4_03,Y,2007,,Bernex,ppe,new,libre,0,9.0,CHF_per_m2,6607,,,
T_05_05_1_4_03,Y,2007,,Bernex,ppe,existing,libre,0,14.0,CHF_per_m2,6607,5215.0,5905.0,6620.0
T_05_05_1_4_03,Y,2007,,Bernex,ppe,all,libre,0,23.0,CHF_per_m2,6607,4878.0,5456.0,6538.0
T_05_05_1_4_03,Y,2007,,Bernex,ppe,all,zd,0,,CHF_per_m2,6607,,,
T_05_05_1_4_03,Y,2007,,Bernex,ppe,all,all,0,23.0,CHF_per_m2,6607,4878.0,5456.0,6538.0
T_05_05_1_4_03,Y,2007,,Carouge,ppe,new,libre,0,5.0,CHF_per_m2,6608,,,
T_05_05_1_4_03,Y,2007,,Carouge,ppe,existing,libre,0,22.0,CHF_per_m2,6608,5556.0,6798.0,7642.0
T_05_05_1_4_03,Y,2007,,Carouge,ppe,all,libre,0,27.0,CHF_per_m2,6608,5556.0,6769.0,8115.0
T_05_05_1_4_03,Y,2007,,Carouge,ppe,all,zd,0,,CHF_per_m2,6608,,,
T_05_05_1_4_03,Y,2007,,Carouge,ppe,all,all,0,27.0,CHF_per_m2,6608,5556.0,6769.0,8115.0
T_05_05_1_4_03,Y,2007,,Chêne-Bougeries,ppe,new,libre,0,2.0,CHF_per_m2,6612,,,
T_05_05_1_4_03,Y,2007,,Chêne-Bougeries,ppe,existing,libre,0,17.0,CHF_per_m2,6612,5893.0,7446.0,9348.0
T_05_05_1_4_03,Y,2007,,Chêne-Bougeries,ppe,all,libre,0,19.0,CHF_per_m2,6612,5893.0,7768.0,9589.0
T_05_05_1_4_03,Y,2007,,Chêne-Bougeries,ppe,all,zd,0,,CHF_per_m2,6612,,,
T_05_05_1_4_03,Y,2007,,Chêne-Bougeries,ppe,all,all,0,19.0,CHF_per_m2,6612,5893.0,7768.0,9589.0
T_05_05_1_4_03,Y,2007,,Cologny,ppe,new,libre,0,,CHF_per_m2,6617,,,
T_05_05_1_4_03,Y,2007,,Cologny,ppe,existing,libre,0,22.0,CHF_per_m2,6617,7857.0,8606.0,9589.0
T_05_05_1_4_03,Y,2007,,Cologny,ppe,all,libre,0,22.0,CHF_per_m2,6617,7857.0,8606.0,9589.0
T_05_05_1_4_03,Y,2007,,Cologny,ppe,all,zd,0,,CHF_per_m2,6617,,,
T_05_05_1_4_03,Y,2007,,Cologny,ppe,all,all,0,22.0,CHF_per_m2,6617,7857.0,8606.0,9589.0
T_05_05_1_4_03,Y,2007,,Genève,ppe,new,libre,0,27.0,CHF_per_m2,6621,6518.0,7234.0,7777.0
T_05_05_1_4_03,Y,2007,,Genève,ppe,existing,libre,0,360.0,CHF_per_m2,6621,5569.0,7132.0,9199.0
T_05_05_1_4_03,Y,2007,,Genève,ppe,all,libre,0,387.0,CHF_per_m2,6621,5714.0,7143.0,9048.0
T_05_05_1_4_03,Y,2007,,Genève,ppe,all,zd,0,,CHF_per_m2,6621,,,
T_05_05_1_4_03,Y,2007,,Genève,ppe,all,all,0,387.0,CHF_per_m2,6621,5714.0,7143.0,9048.0
T_05_05_1_4_03,Y,2007,,Grand-Saconnex,ppe,new,libre,0,1.0,CHF_per_m2,6623,,,
T_05_05_1_4_03,Y,2007,,Grand-Saconnex,ppe,existing,libre,0,20.0,CHF_per_m2,6623,5983.0,6438.0,7999.0
T_05_05_1_4_03,Y,2007,,Grand-Saconnex,ppe,all,libre,0,21.0,CHF_per_m2,6623,6004.0,6531.0,7903.0
T_05_05_1_4_03,Y,2007,,Grand-Saconnex,ppe,all,zd,0,,CHF_per_m2,6623,,,
T_05_05_1_4_03,Y,2007,,Grand-Saconnex,ppe,all,all,0,21.0,CHF_per_m2,6623,6004.0,6531.0,7903.0
T_05_05_1_4_03,Y,2007,,Lancy,ppe,new,libre,0,23.0,CHF_per_m2,6628,4489.0,4839.0,5856.0
T_05_05_1_4_03,Y,2007,,Lancy,ppe,existing,libre,0,36.0,CHF_per_m2,6628,3100.0,4078.0,5385.0
T_05_05_1_4_03,Y,2007,,Lancy,ppe,all,libre,0,59.0,CHF_per_m2,6628,3732.0,4536.0,5680.0
T_05_05_1_4_03,Y,2007,,Lancy,ppe,all,zd,0,1.0,CHF_per_m2,6628,,,
T_05_05_1_4_03,Y,2007,,Lancy,ppe,all,all,0,60.0,CHF_per_m2,6628,3743.0,4536.0,5660.0
T_05_05_1_4_03,Y,2007,,Meyrin,ppe,new,libre,0,19.0,CHF_per_m2,6630,4479.0,4625.0,5182.0
T_05_05_1_4_03,Y,2007,,Meyrin,ppe,existing,libre,0,72.0,CHF_per_m2,6630,2403.0,2614.0,4217.0
T_05_05_1_4_03,Y,2007,,Meyrin,ppe,all,libre,0,91.0,CHF_per_m2,6630,2451.0,3000.0,4622.0
T_05_05_1_4_03,Y,2007,,Meyrin,ppe,all,zd,0,,CHF_per_m2,6630,,,
T_05_05_1_4_03,Y,2007,,Meyrin,ppe,all,all,0,91.0,CHF_per_m2,6630,2451.0,3000.0,4622.0
T_05_05_1_4_03,Y,2007,,Plan-les-Ouates,ppe,new,libre,0,11.0,CHF_per_m2,6633,5937.0,6312.0,6899.0
T_05_05_1_4_03,Y,2007,,Plan-les-Ouates,ppe,existing,libre,0,6.0,CHF_per_m2,6633,,,
T_05_05_1_4_03,Y,2007,,Plan-les-Ouates,ppe,all,libre,0,17.0,CHF_per_m2,6633,4939.0,5937.0,6504.0
T_05_05_1_4_03,Y,2007,,Plan-les-Ouates,ppe,all,zd,0,54.0,CHF_per_m2,6633,3833.0,3976.0,4047.0
T_05_05_1_4_03,Y,2007,,Plan-les-Ouates,ppe,all,all,0,71.0,CHF_per_m2,6633,3849.0,4027.0,4222.0
T_05_05_1_4_03,Y,2007,,Thônex,ppe,new,libre,0,,CHF_per_m2,6640,,,
T_05_05_1_4_03,Y,2007,,Thônex,ppe,existing,libre,0,28.0,CHF_per_m2,6640,5068.0,5566.0,6627.0
T_05_05_1_4_03,Y,2007,,Thônex,ppe,all,libre,0,28.0,CHF_per_m2,6640,5068.0,5566.0,6627.0
T_05_05_1_4_03,Y,2007,,Thônex,ppe,all,zd,0,,CHF_per_m2,6640,,,
T_05_05_1_4_03,Y,2007,,Thônex,ppe,all,all,0,28.0,CHF_per_m2,6640,5068.0,5566.0,6627.0
T_05_05_1_4_03,Y,2007,,Vernier,ppe,new,libre,0,1.0,CHF_per_m2,6643,,,
T_05_05_1_4_03,Y,2007,,Vernier,ppe,existing,libre,0,26.0,CHF_per_m2,6643,3378.0,4101.0,4629.0
T_05_05_1_4_03,Y,2007,,Vernier,ppe,all,libre,0,27.0,CHF_per_m2,6643,3378.0,4101.0,4629.0
T_05_05_1_4_03,Y,2007,,Vernier,ppe,all,zd,0,10.0,CHF_per_m2,6643,4187.0,4270.0,4387.0
T_05_05_1_4_03,Y,2007,,Vernier,ppe,all,all,0,37.0,CHF_per_m2,6643,3449.0,4173.0,4486.0
T_05_05_1_4_03,Y,2007,,Versoix,ppe,new,libre,0,2.0,CHF_per_m2,6644,,,
T_05_05_1_4_03,Y,2007,,Versoix,ppe,existing,libre,0,30.0,CHF_per_m2,6644,5000.0,5861.0,6364.0
T_05_05_1_4_03,Y,2007,,Versoix,ppe,all,libre,0,32.0,CHF_per_m2,6644,4688.0,5747.0,6338.0
T_05_05_1_4_03,Y,2007,,Versoix,ppe,all,zd,0,68.0,CHF_per_m2,6644,3733.0,4016.0,4798.0
T_05_05_1_4_03,Y,2007,,Versoix,ppe,all,all,0,100.0,CHF_per_m2,6644,3805.0,4384.0,5480.0
T_05_05_1_4_03,Y,2007,,Veyrier,ppe,new,libre,0,,CHF_per_m2,6645,,,
T_05_05_1_4_03,Y,2007,,Veyrier,ppe,existing,libre,0,12.0,CHF_per_m2,6645,6344.0,6984.0,9239.0
T_05_05_1_4_03,Y,2007,,Veyrier,ppe,all,libre,0,12.0,CHF_per_m2,6645,6344.0,6984.0,9239.0
T_05_05_1_4_03,Y,2007,,Veyrier,ppe,all,zd,0,,CHF_per_m2,6645,,,
T_05_05_1_4_03,Y,2007,,Veyrier,ppe,all,all,0,12.0,CHF_per_m2,6645,6344.0,6984.0,9239.0
T_05_05_1_4_03,Y,2007,,Autres communes du Sud du canton (3),ppe,new,libre,0,1.0,CHF_per_m2,,,,
T_05_05_1_4_03,Y,2007,,Autres communes du Sud du canton (3),ppe,existing,libre,0,21.0,CHF_per_m2,,5127.0,6078.0,6316.0
T_05_05_1_4_03,Y,2007,,Autres communes du Sud du canton (3),ppe,all,libre,0,22.0,CHF_per_m2,,5105.0,6016.0,6316.0
T_05_05_1_4_03,Y,2007,,Autres communes du Sud du canton (3),ppe,all,zd,0,,CHF_per_m2,,,,
T_05_05_1_4_03,Y,2007,,Autres communes du Sud du canton (3),ppe,all,all,0,22.0,CHF_per_m2,,5105.0,6016.0,6316.0
T_05_05_1_4_03,Y,2007,,Autres communes du Nord du canton / rive droite du lac (4),ppe,new,libre,0,3.0,CHF_per_m2,,,,
T_05_05_1_4_03,Y,2007,,Autres communes du Nord du canton / rive droite du lac (4),ppe,existing,libre,0,9.0,CHF_per_m2,,,,
T_05_05_1_4_03,Y,2007,,Autres communes du Nord du canton / rive droite du lac (4),ppe,all,libre,0,12.0,CHF_per_m2,,4437.0,4749.0,5912.0
T_05_05_1_4_03,Y,2007,,Autres communes du Nord du canton / rive droite du lac (4),ppe,all,zd,0,,CHF_per_m2,,,,
T_05_05_1_4_03,Y,2007,,Autres communes du Nord du canton / rive droite du lac (4),ppe,all,all,0,12.0,CHF_per_m2,,4437.0,4749.0,5912.0
T_05_05_1_4_03,Y,2007,,Autres communes de la rive gauche du lac (5),ppe,new,libre,0,6.0,CHF_per_m2,,,,
T_05_05_1_4_03,Y,2007,,Autres communes de la rive gauche du lac (5),ppe,existing,libre,0,19.0,CHF_per_m2,,5332.0,6500.0,7759.0
T_05_05_1_4_03,Y,2007,,Autres communes de la rive gauche du lac (5),ppe,all,libre,0,25.0,CHF_per_m2,,5332.0,6044.0,7263.0
T_05_05_1_4_03,Y,2007,,Autres communes de la rive gauche du lac (5),ppe,all,zd,0,,CHF_per_m2,,,,
T_05_05_1_4_03,Y,2007,,Autres communes de la rive gauche du lac (5),ppe,all,all,0,25.0,CHF_per_m2,,5332.0,6044.0,7263.0
T_05_05_1_4_03,Y,2007,,Autres communes de l'Est du canton (6),ppe,new,libre,0,7.0,CHF_per_m2,,,,
T_05_05_1_4_03,Y,2007,,Autres communes de l'Est du canton (6),ppe,existing,libre,0,29.0,CHF_per_m2,,4206.0,5122.0,6345.0
T_05_05_1_4_03,Y,2007,,Autres communes de l'Est du canton (6),ppe,all,libre,0,36.0,CHF_per_m2,,4404.0,5284.0,6633.0
T_05_05_1_4_03,Y,2007,,Autres communes de l'Est du canton (6),ppe,all,zd,0,,CHF_per_m2,,,,
T_05_05_1_4_03,Y,2007,,Autres communes de l'Est du canton (6),ppe,all,all,0,36.0,CHF_per_m2,,4404.0,5284.0,6633.0
T_05_05_1_4_03,Y,2007,,Autres communes de l'Ouest du canton (7),ppe,new,libre,0,1.0,CHF_per_m2,,,,
T_05_05_1_4_03,Y,2007,,Autres communes de l'Ouest du canton (7),ppe,existing,libre,0,29.0,CHF_per_m2,,4202.0,5040.0,5770.0
T_05_05_1_4_03,Y,2007,,Autres communes de l'Ouest du canton (7),ppe,all,libre,0,30.0,CHF_per_m2,,4202.0,5051.0,5770.0
T_05_05_1_4_03,Y,2007,,Autres communes de l'Ouest du canton (7),ppe,all,zd,0,,CHF_per_m2,,,,
T_05_05_1_4_03,Y,2007,,Autres communes de l'Ouest du canton (7),ppe,all,all,0,30.0,CHF_per_m2,,4202.0,5051.0,5770.0
T_05_05_1_4_03,Y,2007,,Canton,ppe,new,libre,0,118.0,CHF_per_m2,0000,4630.0,5856.0,6899.0
T_05_05_1_4_03,Y,2007,,Canton,ppe,existing,libre,0,772.0,CHF_per_m2,0000,4685.0,6088.0,7906.0
T_05_05_1_4_03,Y,2007,,Canton,ppe,all,libre,0,890.0,CHF_per_m2,0000,4664.0,6042.0,7721.0
T_05_05_1_4_03,Y,2007,,Canton,ppe,all,zd,0,133.0,CHF_per_m2,0000,3820.0,3996.0,4254.0
T_05_05_1_4_03,Y,2007,,Canton,ppe,all,all,0,1023.0,CHF_per_m2,0000,4204.0,5670.0,7382.0
T_05_05_1_4_03,Y,2006,,Bernex,ppe,new,libre,0,7.0,CHF_per_m2,6607,,,
T_05_05_1_4_03,Y,2006,,Bernex,ppe,existing,libre,0,15.0,CHF_per_m2,6607,4271.0,4967.0,6022.0
T_05_05_1_4_03,Y,2006,,Bernex,ppe,all,libre,0,22.0,CHF_per_m2,6607,4493.0,5013.0,6022.0
T_05_05_1_4_03,Y,2006,,Bernex,ppe,all,zd,0,9.0,CHF_per_m2,6607,,,
T_05_05_1_4_03,Y,2006,,Bernex,ppe,all,all,0,31.0,CHF_per_m2,6607,3832.0,4895.0,5368.0
T_05_05_1_4_03,Y,2006,,Carouge,ppe,new,libre,0,1.0,CHF_per_m2,6608,,,
T_05_05_1_4_03,Y,2006,,Carouge,ppe,existing,libre,0,16.0,CHF_per_m2,6608,4135.0,5375.0,7176.0
T_05_05_1_4_03,Y,2006,,Carouge,ppe,all,libre,0,17.0,CHF_per_m2,6608,4135.0,5546.0,6944.0
T_05_05_1_4_03,Y,2006,,Carouge,ppe,all,zd,0,,CHF_per_m2,6608,,,
T_05_05_1_4_03,Y,2006,,Carouge,ppe,all,all,0,17.0,CHF_per_m2,6608,4135.0,5546.0,6944.0
T_05_05_1_4_03,Y,2006,,Chêne-Bougeries,ppe,new,libre,0,,CHF_per_m2,6612,,,
T_05_05_1_4_03,Y,2006,,Chêne-Bougeries,ppe,existing,libre,0,12.0,CHF_per_m2,6612,4904.0,5556.0,7124.0
T_05_05_1_4_03,Y,2006,,Chêne-Bougeries,ppe,all,libre,0,12.0,CHF_per_m2,6612,4904.0,5556.0,7124.0
T_05_05_1_4_03,Y,2006,,Chêne-Bougeries,ppe,all,zd,0,,CHF_per_m2,6612,,,
T_05_05_1_4_03,Y,2006,,Chêne-Bougeries,ppe,all,all,0,12.0,CHF_per_m2,6612,4904.0,5556.0,7124.0
T_05_05_1_4_03,Y,2006,,Cologny,ppe,new,libre,0,1.0,CHF_per_m2,6617,,,
T_05_05_1_4_03,Y,2006,,Cologny,ppe,existing,libre,0,23.0,CHF_per_m2,6617,5548.0,8388.0,10221.0
T_05_05_1_4_03,Y,2006,,Cologny,ppe,all,libre,0,24.0,CHF_per_m2,6617,6236.0,8226.0,9886.0
T_05_05_1_4_03,Y,2006,,Cologny,ppe,all,zd,0,,CHF_per_m2,6617,,,
T_05_05_1_4_03,Y,2006,,Cologny,ppe,all,all,0,24.0,CHF_per_m2,6617,6236.0,8226.0,9886.0
T_05_05_1_4_03,Y,2006,,Genève,ppe,new,libre,0,49.0,CHF_per_m2,6621,5716.0,6142.0,6446.0
T_05_05_1_4_03,Y,2006,,Genève,ppe,existing,libre,0,355.0,CHF_per_m2,6621,4932.0,6304.0,8404.0
T_05_05_1_4_03,Y,2006,,Genève,ppe,all,libre,0,404.0,CHF_per_m2,6621,5023.0,6255.0,8218.0
T_05_05_1_4_03,Y,2006,,Genève,ppe,all,zd,0,1.0,CHF_per_m2,6621,,,
T_05_05_1_4_03,Y,2006,,Genève,ppe,all,all,0,405.0,CHF_per_m2,6621,5016.0,6250.0,8213.0
T_05_05_1_4_03,Y,2006,,Grand-Saconnex,ppe,new,libre,0,17.0,CHF_per_m2,6623,4164.0,4243.0,4730.0
T_05_05_1_4_03,Y,2006,,Grand-Saconnex,ppe,existing,libre,0,12.0,CHF_per_m2,6623,4794.0,5127.0,5448.0
T_05_05_1_4_03,Y,2006,,Grand-Saconnex,ppe,all,libre,0,29.0,CHF_per_m2,6623,4174.0,4689.0,5296.0
T_05_05_1_4_03,Y,2006,,Grand-Saconnex,ppe,all,zd,0,3.0,CHF_per_m2,6623,,,
T_05_05_1_4_03,Y,2006,,Grand-Saconnex,ppe,all,all,0,32.0,CHF_per_m2,6623,4188.0,4807.0,5303.0
T_05_05_1_4_03,Y,2006,,Lancy,ppe,new,libre,0,12.0,CHF_per_m2,6628,4174.0,4387.0,4748.0
T_05_05_1_4_03,Y,2006,,Lancy,ppe,existing,libre,0,36.0,CHF_per_m2,6628,3487.0,4237.0,5564.0
T_05_05_1_4_03,Y,2006,,Lancy,ppe,all,libre,0,48.0,CHF_per_m2,6628,3659.0,4278.0,5147.0
T_05_05_1_4_03,Y,2006,,Lancy,ppe,all,zd,0,1.0,CHF_per_m2,6628,,,
T_05_05_1_4_03,Y,2006,,Lancy,ppe,all,all,0,49.0,CHF_per_m2,6628,3681.0,4278.0,5167.0
T_05_05_1_4_03,Y,2006,,Meyrin,ppe,new,libre,0,4.0,CHF_per_m2,6630,,,
T_05_05_1_4_03,Y,2006,,Meyrin,ppe,existing,libre,0,40.0,CHF_per_m2,6630,4349.0,4703.0,5055.0
T_05_05_1_4_03,Y,2006,,Meyrin,ppe,all,libre,0,44.0,CHF_per_m2,6630,4349.0,4754.0,5067.0
T_05_05_1_4_03,Y,2006,,Meyrin,ppe,all,zd,0,33.0,CHF_per_m2,6630,4049.0,4796.0,5067.0
T_05_05_1_4_03,Y,2006,,Meyrin,ppe,all,all,0,77.0,CHF_per_m2,6630,4286.0,4785.0,5067.0
T_05_05_1_4_03,Y,2006,,Plan-les-Ouates,ppe,new,libre,0,,CHF_per_m2,6633,,,
T_05_05_1_4_03,Y,2006,,Plan-les-Ouates,ppe,existing,libre,0,12.0,CHF_per_m2,6633,4970.0,5412.0,5753.0
T_05_05_1_4_03,Y,2006,,Plan-les-Ouates,ppe,all,libre,0,12.0,CHF_per_m2,6633,4970.0,5412.0,5753.0
T_05_05_1_4_03,Y,2006,,Plan-les-Ouates,ppe,all,zd,0,,CHF_per_m2,6633,,,
T_05_05_1_4_03,Y,2006,,Plan-les-Ouates,ppe,all,all,0,12.0,CHF_per_m2,6633,4970.0,5412.0,5753.0
T_05_05_1_4_03,Y,2006,,Thônex,ppe,new,libre,0,9.0,CHF_per_m2,6640,,,
T_05_05_1_4_03,Y,2006,,Thônex,ppe,existing,libre,0,35.0,CHF_per_m2,6640,4886.0,5492.0,6140.0
T_05_05_1_4_03,Y,2006,,Thônex,ppe,all,libre,0,44.0,CHF_per_m2,6640,4907.0,5521.0,6371.0
T_05_05_1_4_03,Y,2006,,Thônex,ppe,all,zd,0,,CHF_per_m2,6640,,,
T_05_05_1_4_03,Y,2006,,Thônex,ppe,all,all,0,44.0,CHF_per_m2,6640,4907.0,5521.0,6371.0
T_05_05_1_4_03,Y,2006,,Vernier,ppe,new,libre,0,,CHF_per_m2,6643,,,
T_05_05_1_4_03,Y,2006,,Vernier,ppe,existing,libre,0,9.0,CHF_per_m2,6643,,,
T_05_05_1_4_03,Y,2006,,Vernier,ppe,all,libre,0,9.0,CHF_per_m2,6643,,,
T_05_05_1_4_03,Y,2006,,Vernier,ppe,all,zd,0,,CHF_per_m2,6643,,,
T_05_05_1_4_03,Y,2006,,Vernier,ppe,all,all,0,9.0,CHF_per_m2,6643,,,
T_05_05_1_4_03,Y,2006,,Versoix,ppe,new,libre,0,1.0,CHF_per_m2,6644,,,
T_05_05_1_4_03,Y,2006,,Versoix,ppe,existing,libre,0,39.0,CHF_per_m2,6644,4337.0,5000.0,6087.0
T_05_05_1_4_03,Y,2006,,Versoix,ppe,all,libre,0,40.0,CHF_per_m2,6644,4460.0,5061.0,6139.0
T_05_05_1_4_03,Y,2006,,Versoix,ppe,all,zd,0,,CHF_per_m2,6644,,,
T_05_05_1_4_03,Y,2006,,Versoix,ppe,all,all,0,40.0,CHF_per_m2,6644,4460.0,5061.0,6139.0
T_05_05_1_4_03,Y,2006,,Veyrier,ppe,new,libre,0,11.0,CHF_per_m2,6645,4276.0,5409.0,5729.0
T_05_05_1_4_03,Y,2006,,Veyrier,ppe,existing,libre,0,14.0,CHF_per_m2,6645,4646.0,5223.0,5871.0
T_05_05_1_4_03,Y,2006,,Veyrier,ppe,all,libre,0,25.0,CHF_per_m2,6645,4590.0,5408.0,5818.0
T_05_05_1_4_03,Y,2006,,Veyrier,ppe,all,zd,0,,CHF_per_m2,6645,,,
T_05_05_1_4_03,Y,2006,,Veyrier,ppe,all,all,0,25.0,CHF_per_m2,6645,4590.0,5408.0,5818.0
T_05_05_1_4_03,Y,2006,,Autres communes du Sud du canton (3),ppe,new,libre,0,,CHF_per_m2,,,,
T_05_05_1_4_03,Y,2006,,Autres communes du Sud du canton (3),ppe,existing,libre,0,33.0,CHF_per_m2,,3829.0,4483.0,5205.0
T_05_05_1_4_03,Y,2006,,Autres communes du Sud du canton (3),ppe,all,libre,0,33.0,CHF_per_m2,,3829.0,4483.0,5205.0
T_05_05_1_4_03,Y,2006,,Autres communes du Sud du canton (3),ppe,all,zd,0,9.0,CHF_per_m2,,,,
T_05_05_1_4_03,Y,2006,,Autres communes du Sud du canton (3),ppe,all,all,0,42.0,CHF_per_m2,,4130.0,4467.0,5074.0
T_05_05_1_4_03,Y,2006,,Autres communes du Nord du canton / rive droite du lac (4),ppe,new,libre,0,20.0,CHF_per_m2,,4346.0,4794.0,5016.0
T_05_05_1_4_03,Y,2006,,Autres communes du Nord du canton / rive droite du lac (4),ppe,existing,libre,0,15.0,CHF_per_m2,,4378.0,4687.0,6410.0
T_05_05_1_4_03,Y,2006,,Autres communes du Nord du canton / rive droite du lac (4),ppe,all,libre,0,35.0,CHF_per_m2,,4356.0,4785.0,5442.0
T_05_05_1_4_03,Y,2006,,Autres communes du Nord du canton / rive droite du lac (4),ppe,all,zd,0,,CHF_per_m2,,,,
T_05_05_1_4_03,Y,2006,,Autres communes du Nord du canton / rive droite du lac (4),ppe,all,all,0,35.0,CHF_per_m2,,4356.0,4785.0,5442.0
T_05_05_1_4_03,Y,2006,,Autres communes de la rive gauche du lac (5),ppe,new,libre,0,28.0,CHF_per_m2,,4379.0,5253.0,6642.0
T_05_05_1_4_03,Y,2006,,Autres communes de la rive gauche du lac (5),ppe,existing,libre,0,19.0,CHF_per_m2,,5026.0,5459.0,6765.0
T_05_05_1_4_03,Y,2006,,Autres communes de la rive gauche du lac (5),ppe,all,libre,0,47.0,CHF_per_m2,,4482.0,5346.0,6765.0
T_05_05_1_4_03,Y,2006,,Autres communes de la rive gauche du lac (5),ppe,all,zd,0,,CHF_per_m2,,,,
T_05_05_1_4_03,Y,2006,,Autres communes de la rive gauche du lac (5),ppe,all,all,0,47.0,CHF_per_m2,,4482.0,5346.0,6765.0
T_05_05_1_4_03,Y,2006,,Autres communes de l'Est du canton (6),ppe,new,libre,0,1.0,CHF_per_m2,,,,
T_05_05_1_4_03,Y,2006,,Autres communes de l'Est du canton (6),ppe,existing,libre,0,39.0,CHF_per_m2,,4231.0,5050.0,6120.0
T_05_05_1_4_03,Y,2006,,Autres communes de l'Est du canton (6),ppe,all,libre,0,40.0,CHF_per_m2,,4231.0,5071.0,6245.0
T_05_05_1_4_03,Y,2006,,Autres communes de l'Est du canton (6),ppe,all,zd,0,,CHF_per_m2,,,,
T_05_05_1_4_03,Y,2006,,Autres communes de l'Est du canton (6),ppe,all,all,0,40.0,CHF_per_m2,,4231.0,5071.0,6245.0
T_05_05_1_4_03,Y,2006,,Autres communes de l'Ouest du canton (7),ppe,new,libre,0,13.0,CHF_per_m2,,4329.0,5109.0,5332.0
T_05_05_1_4_03,Y,2006,,Autres communes de l'Ouest du canton (7),ppe,existing,libre,0,27.0,CHF_per_m2,,4368.0,4737.0,5938.0
T_05_05_1_4_03,Y,2006,,Autres communes de l'Ouest du canton (7),ppe,all,libre,0,40.0,CHF_per_m2,,4348.0,4926.0,5381.0
T_05_05_1_4_03,Y,2006,,Autres communes de l'Ouest du canton (7),ppe,all,zd,0,,CHF_per_m2,,,,
T_05_05_1_4_03,Y,2006,,Autres communes de l'Ouest du canton (7),ppe,all,all,0,40.0,CHF_per_m2,,4348.0,4926.0,5381.0
T_05_05_1_4_03,Y,2006,,Canton,ppe,new,libre,0,174.0,CHF_per_m2,0000,4463.0,5336.0,6175.0
T_05_05_1_4_03,Y,2006,,Canton,ppe,existing,libre,0,751.0,CHF_per_m2,0000,4532.0,5442.0,7078.0
T_05_05_1_4_03,Y,2006,,Canton,ppe,all,libre,0,925.0,CHF_per_m2,0000,4531.0,5417.0,6813.0
T_05_05_1_4_03,Y,2006,,Canton,ppe,all,zd,0,56.0,CHF_per_m2,0000,4028.0,4777.0,5067.0
T_05_05_1_4_03,Y,2006,,Canton,ppe,all,all,0,981.0,CHF_per_m2,0000,4476.0,5341.0,6667.0
T_05_05_1_4_03,Y,2005,,Cologny,ppe,new,libre,0,26.0,CHF_per_m2,6617,5069.0,6999.0,8443.0
T_05_05_1_4_03,Y,2005,,Genève,ppe,new,libre,0,396.0,CHF_per_m2,6621,4404.0,5405.0,7007.0
T_05_05_1_4_03,Y,2005,,Grand-Saconnex,ppe,new,libre,0,54.0,CHF_per_m2,6623,4087.0,4398.0,5176.0
T_05_05_1_4_03,Y,2005,,Lancy,ppe,new,libre,0,118.0,CHF_per_m2,6628,4120.0,4615.0,5035.0
T_05_05_1_4_03,Y,2005,,Meyrin,ppe,new,libre,0,46.0,CHF_per_m2,6630,3080.0,4018.0,4634.0
T_05_05_1_4_03,Y,2005,,Plan-les-Ouates,ppe,new,libre,0,19.0,CHF_per_m2,6633,4178.0,4533.0,5127.0
T_05_05_1_4_03,Y,2005,,Thônex,ppe,new,libre,0,26.0,CHF_per_m2,6640,4593.0,5140.0,5370.0
T_05_05_1_4_03,Y,2005,,Vernier,ppe,new,libre,0,29.0,CHF_per_m2,6643,3750.0,4381.0,4651.0
T_05_05_1_4_03,Y,2005,,Versoix,ppe,new,libre,0,85.0,CHF_per_m2,6644,3550.0,4184.0,4803.0
T_05_05_1_4_03,Y,2005,,Veyrier,ppe,new,libre,0,39.0,CHF_per_m2,6645,3856.0,4554.0,5496.0
T_05_05_1_4_03,Y,2005,,Autres communes du Sud du canton (3),ppe,new,libre,0,53.0,CHF_per_m2,,3467.0,4096.0,4853.0
T_05_05_1_4_03,Y,2005,,Autres communes du Nord du canton / rive droite du lac (4),ppe,new,libre,0,27.0,CHF_per_m2,,4174.0,4605.0,4732.0
T_05_05_1_4_03,Y,2005,,Autres communes de la rive gauche du lac (5),ppe,new,libre,0,19.0,CHF_per_m2,,3938.0,4630.0,5650.0
T_05_05_1_4_03,Y,2005,,Autres communes de l'Est du canton (6),ppe,new,libre,0,22.0,CHF_per_m2,,3788.0,5024.0,5787.0
T_05_05_1_4_03,Y,2005,,Autres communes de l'Ouest du canton (7),ppe,new,libre,0,106.0,CHF_per_m2,,4019.0,4564.0,5285.0
T_05_05_1_4_03,Y,2005,,Canton,ppe,new,libre,0,1310.0,CHF_per_m2,0000,3886.0,4569.0,5569.0
T_05_05_1_4_03,Y,2004,,Cologny,ppe,new,libre,0,26.0,CHF_per_m2,6617,5330.0,6575.0,8176.0
T_05_05_1_4_03,Y,2004,,Genève,ppe,new,libre,0,433.0,CHF_per_m2,6621,3971.0,4808.0,5954.0
T_05_05_1_4_03,Y,2004,,Grand-Saconnex,ppe,new,libre,0,17.0,CHF_per_m2,6623,4477.0,5000.0,5370.0
T_05_05_1_4_03,Y,2004,,Lancy,ppe,new,libre,0,52.0,CHF_per_m2,6628,3458.0,3743.0,4338.0
T_05_05_1_4_03,Y,2004,,Meyrin,ppe,new,libre,0,38.0,CHF_per_m2,6630,3532.0,4066.0,4889.0
T_05_05_1_4_03,Y,2004,,Plan-les-Ouates,ppe,new,libre,0,40.0,CHF_per_m2,6633,4145.0,4300.0,4490.0
T_05_05_1_4_03,Y,2004,,Thônex,ppe,new,libre,0,30.0,CHF_per_m2,6640,3803.0,4150.0,4821.0
T_05_05_1_4_03,Y,2004,,Vernier,ppe,new,libre,0,23.0,CHF_per_m2,6643,3038.0,3550.0,3942.0
T_05_05_1_4_03,Y,2004,,Versoix,ppe,new,libre,0,118.0,CHF_per_m2,6644,3587.0,4000.0,4472.0
T_05_05_1_4_03,Y,2004,,Veyrier,ppe,new,libre,0,34.0,CHF_per_m2,6645,4178.0,4658.0,5330.0
T_05_05_1_4_03,Y,2004,,Autres communes du Sud du canton (3),ppe,new,libre,0,67.0,CHF_per_m2,,3743.0,4369.0,4930.0
T_05_05_1_4_03,Y,2004,,Autres communes du Nord du canton / rive droite du lac (4),ppe,new,libre,0,27.0,CHF_per_m2,,3285.0,4072.0,4561.0
T_05_05_1_4_03,Y,2004,,Autres communes de la rive gauche du lac (5),ppe,new,libre,0,33.0,CHF_per_m2,,4130.0,4642.0,5200.0
T_05_05_1_4_03,Y,2004,,Autres communes de l'Est du canton (6),ppe,new,libre,0,35.0,CHF_per_m2,,3607.0,4481.0,5170.0
T_05_05_1_4_03,Y,2004,,Autres communes de l'Ouest du canton (7),ppe,new,libre,0,54.0,CHF_per_m2,,3611.0,4028.0,4631.0
T_05_05_1_4_03,Y,2004,,Canton,ppe,new,libre,0,1127.0,CHF_per_m2,0000,3759.0,4397.0,5148.0
T_05_05_1_4_03,Y,2003,,Cologny,ppe,new,libre,0,36.0,CHF_per_m2,6617,4731.0,5444.0,6052.0
T_05_05_1_4_03,Y,2003,,Genève,ppe,new,libre,0,365.0,CHF_per_m2,6621,3839.0,4746.0,5640.0
T_05_05_1_4_03,Y,2003,,Grand-Saconnex,ppe,new,libre,0,20.0,CHF_per_m2,6623,4082.0,4763.0,5233.0
T_05_05_1_4_03,Y,2003,,Lancy,ppe,new,libre,0,77.0,CHF_per_m2,6628,3978.0,4401.0,4624.0
T_05_05_1_4_03,Y,2003,,Meyrin,ppe,new,libre,0,68.0,CHF_per_m2,6630,3276.0,3809.0,4034.0
T_05_05_1_4_03,Y,2003,,Plan-les-Ouates,ppe,new,libre,0,23.0,CHF_per_m2,6633,3852.0,4177.0,4489.0
T_05_05_1_4_03,Y,2003,,Thônex,ppe,new,libre,0,30.0,CHF_per_m2,6640,3832.0,4000.0,4744.0
T_05_05_1_4_03,Y,2003,,Vernier,ppe,new,libre,0,36.0,CHF_per_m2,6643,2899.0,3261.0,3604.0
T_05_05_1_4_03,Y,2003,,Versoix,ppe,new,libre,0,29.0,CHF_per_m2,6644,3171.0,3576.0,3967.0
T_05_05_1_4_03,Y,2003,,Veyrier,ppe,new,libre,0,43.0,CHF_per_m2,6645,4949.0,5235.0,6033.0
T_05_05_1_4_03,Y,2003,,Autres communes du Sud du canton (3),ppe,new,libre,0,65.0,CHF_per_m2,,3387.0,3793.0,4456.0
T_05_05_1_4_03,Y,2003,,Autres communes du Nord du canton / rive droite du lac (4),ppe,new,libre,0,14.0,CHF_per_m2,,3949.0,4255.0,4412.0
T_05_05_1_4_03,Y,2003,,Autres communes de la rive gauche du lac (5),ppe,new,libre,0,33.0,CHF_per_m2,,3128.0,4022.0,4617.0
T_05_05_1_4_03,Y,2003,,Autres communes de l'Est du canton (6),ppe,new,libre,0,36.0,CHF_per_m2,,3467.0,3879.0,4211.0
T_05_05_1_4_03,Y,2003,,Autres communes de l'Ouest du canton (7),ppe,new,libre,0,25.0,CHF_per_m2,,3534.0,3932.0,4598.0
T_05_05_1_4_03,Y,2003,,Canton,ppe,new,libre,0,996.0,CHF_per_m2,0000,3621.0,4279.0,5090.0
T_05_05_1_4_03,Y,2002,,Cologny,ppe,new,libre,0,24.0,CHF_per_m2,6617,4349.0,4894.0,6075.0
T_05_05_1_4_03,Y,2002,,Genève,ppe,new,libre,0,383.0,CHF_per_m2,6621,3501.0,4146.0,5136.0
T_05_05_1_4_03,Y,2002,,Grand-Saconnex,ppe,new,libre,0,18.0,CHF_per_m2,6623,2712.0,4100.0,4719.0
T_05_05_1_4_03,Y,2002,,Lancy,ppe,new,libre,0,40.0,CHF_per_m2,6628,3686.0,3950.0,4157.0
T_05_05_1_4_03,Y,2002,,Meyrin,ppe,new,libre,0,33.0,CHF_per_m2,6630,2803.0,3358.0,3879.0
T_05_05_1_4_03,Y,2002,,Plan-les-Ouates,ppe,new,libre,0,42.0,CHF_per_m2,6633,3646.0,4061.0,4305.0
T_05_05_1_4_03,Y,2002,,Thônex,ppe,new,libre,0,34.0,CHF_per_m2,6640,3248.0,3603.0,3982.0
T_05_05_1_4_03,Y,2002,,Vernier,ppe,new,libre,0,20.0,CHF_per_m2,6643,2576.0,2984.0,3399.0
T_05_05_1_4_03,Y,2002,,Versoix,ppe,new,libre,0,26.0,CHF_per_m2,6644,2395.0,3413.0,3684.0
T_05_05_1_4_03,Y,2002,,Veyrier,ppe,new,libre,0,46.0,CHF_per_m2,6645,4398.0,4803.0,5186.0
T_05_05_1_4_03,Y,2002,,Autres communes du Sud du canton (3),ppe,new,libre,0,94.0,CHF_per_m2,,3464.0,3808.0,4382.0
T_05_05_1_4_03,Y,2002,,Autres communes du Nord du canton / rive droite du lac (4),ppe,new,libre,0,55.0,CHF_per_m2,,3714.0,4115.0,4221.0
T_05_05_1_4_03,Y,2002,,Autres communes de la rive gauche du lac (5),ppe,new,libre,0,27.0,CHF_per_m2,,3600.0,4116.0,4777.0
T_05_05_1_4_03,Y,2002,,Autres communes de l'Est du canton (6),ppe,new,libre,0,75.0,CHF_per_m2,,2911.0,3650.0,4221.0
T_05_05_1_4_03,Y,2002,,Autres communes de l'Ouest du canton (7),ppe,new,libre,0,26.0,CHF_per_m2,,3505.0,3762.0,4061.0
T_05_05_1_4_03,Y,2002,,Canton,ppe,new,libre,0,1060.0,CHF_per_m2,0000,3430.0,3982.0,4630.0
T_05_05_1_4_03,Y,2001,,Cologny,ppe,new,libre,0,46.0,CHF_per_m2,6617,4565.0,5154.0,6042.0
T_05_05_1_4_03,Y,2001,,Genève,ppe,new,libre,0,337.0,CHF_per_m2,6621,3471.0,4220.0,4872.0
T_05_05_1_4_03,Y,2001,,Grand-Saconnex,ppe,new,libre,0,24.0,CHF_per_m2,6623,3537.0,3783.0,4130.0
T_05_05_1_4_03,Y,2001,,Lancy,ppe,new,libre,0,37.0,CHF_per_m2,6628,3667.0,3962.0,4182.0
T_05_05_1_4_03,Y,2001,,Meyrin,ppe,new,libre,0,31.0,CHF_per_m2,6630,2432.0,3017.0,3643.0
T_05_05_1_4_03,Y,2001,,Plan-les-Ouates,ppe,new,libre,0,87.0,CHF_per_m2,6633,3929.0,4184.0,4502.0
T_05_05_1_4_03,Y,2001,,Thônex,ppe,new,libre,0,55.0,CHF_per_m2,6640,3252.0,3719.0,4000.0
T_05_05_1_4_03,Y,2001,,Vernier,ppe,new,libre,0,8.0,CHF_per_m2,6643,,,
T_05_05_1_4_03,Y,2001,,Versoix,ppe,new,libre,0,27.0,CHF_per_m2,6644,2308.0,3000.0,3600.0
T_05_05_1_4_03,Y,2001,,Veyrier,ppe,new,libre,0,19.0,CHF_per_m2,6645,4045.0,4996.0,5312.0
T_05_05_1_4_03,Y,2001,,Autres communes du Sud du canton (3),ppe,new,libre,0,71.0,CHF_per_m2,,3548.0,3780.0,4103.0
T_05_05_1_4_03,Y,2001,,Autres communes du Nord du canton / rive droite du lac (4),ppe,new,libre,0,25.0,CHF_per_m2,,3431.0,3786.0,3900.0
T_05_05_1_4_03,Y,2001,,Autres communes de la rive gauche du lac (5),ppe,new,libre,0,55.0,CHF_per_m2,,3852.0,4260.0,4586.0
T_05_05_1_4_03,Y,2001,,Autres communes de l'Est du canton (6),ppe,new,libre,0,88.0,CHF_per_m2,,3529.0,3969.0,4461.0
T_05_05_1_4_03,Y,2001,,Autres communes de l'Ouest du canton (7),ppe,new,libre,0,23.0,CHF_per_m2,,3226.0,3652.0,3988.0
T_05_05_1_4_03,Y,2001,,Canton,ppe,new,libre,0,988.0,CHF_per_m2,0000,3469.0,4000.0,4565.0
T_05_05_1_4_03,Y,2000,,Cologny,ppe,new,libre,0,29.0,CHF_per_m2,6617,3860.0,4648.0,6944.0
T_05_05_1_4_03,Y,2000,,Genève,ppe,new,libre,0,329.0,CHF_per_m2,6621,3191.0,3924.0,4503.0
T_05_05_1_4_03,Y,2000,,Grand-Saconnex,ppe,new,libre,0,22.0,CHF_per_m2,6623,3415.0,3806.0,4175.0
T_05_05_1_4_03,Y,2000,,Lancy,ppe,new,libre,0,14.0,CHF_per_m2,6628,3413.0,3681.0,4777.0
T_05_05_1_4_03,Y,2000,,Meyrin,ppe,new,libre,0,17.0,CHF_per_m2,6630,2500.0,3115.0,3276.0
T_05_05_1_4_03,Y,2000,,Plan-les-Ouates,ppe,new,libre,0,50.0,CHF_per_m2,6633,3438.0,3643.0,3937.0
T_05_05_1_4_03,Y,2000,,Thônex,ppe,new,libre,0,71.0,CHF_per_m2,6640,3346.0,3602.0,3913.0
T_05_05_1_4_03,Y,2000,,Vernier,ppe,new,libre,0,27.0,CHF_per_m2,6643,2214.0,3080.0,3831.0
T_05_05_1_4_03,Y,2000,,Versoix,ppe,new,libre,0,16.0,CHF_per_m2,6644,2806.0,3081.0,3448.0
T_05_05_1_4_03,Y,2000,,Veyrier,ppe,new,libre,0,11.0,CHF_per_m2,6645,3471.0,4118.0,4857.0
T_05_05_1_4_03,Y,2000,,Autres communes du Sud du canton (3),ppe,new,libre,0,142.0,CHF_per_m2,,3006.0,3333.0,3655.0
T_05_05_1_4_03,Y,2000,,Autres communes du Nord du canton / rive droite du lac (4),ppe,new,libre,0,19.0,CHF_per_m2,,3160.0,3754.0,3899.0
T_05_05_1_4_03,Y,2000,,Autres communes de la rive gauche du lac (5),ppe,new,libre,0,25.0,CHF_per_m2,,3614.0,4054.0,5496.0
T_05_05_1_4_03,Y,2000,,Autres communes de l'Est du canton (6),ppe,new,libre,0,51.0,CHF_per_m2,,3465.0,3828.0,4080.0
T_05_05_1_4_03,Y,2000,,Autres communes de l'Ouest du canton (7),ppe,new,libre,0,33.0,CHF_per_m2,,2474.0,3097.0,3704.0
T_05_05_1_4_03,Y,2000,,Canton,ppe,new,libre,0,960.0,CHF_per_m2,0000,3164.0,3704.0,4167.0
T_05_05_1_4_03,Y,1999,,Cologny,ppe,new,libre,0,25.0,CHF_per_m2,6617,3846.0,4043.0,5308.0
T_05_05_1_4_03,Y,1999,,Genève,ppe,new,libre,0,243.0,CHF_per_m2,6621,3029.0,3580.0,4231.0
T_05_05_1_4_03,Y,1999,,Grand-Saconnex,ppe,new,libre,0,17.0,CHF_per_m2,6623,2704.0,3133.0,4304.0
T_05_05_1_4_03,Y,1999,,Lancy,ppe,new,libre,0,16.0,CHF_per_m2,6628,3353.0,3959.0,4282.0
T_05_05_1_4_03,Y,1999,,Meyrin,ppe,new,libre,0,31.0,CHF_per_m2,6630,3236.0,3808.0,3941.0
T_05_05_1_4_03,Y,1999,,Plan-les-Ouates,ppe,new,libre,0,17.0,CHF_per_m2,6633,2979.0,3673.0,4043.0
T_05_05_1_4_03,Y,1999,,Thônex,ppe,new,libre,0,25.0,CHF_per_m2,6640,3052.0,3287.0,3672.0
T_05_05_1_4_03,Y,1999,,Vernier,ppe,new,libre,0,24.0,CHF_per_m2,6643,2490.0,2891.0,3327.0
T_05_05_1_4_03,Y,1999,,Versoix,ppe,new,libre,0,20.0,CHF_per_m2,6644,2799.0,3151.0,3697.0
T_05_05_1_4_03,Y,1999,,Veyrier,ppe,new,libre,0,9.0,CHF_per_m2,6645,,,
T_05_05_1_4_03,Y,1999,,Autres communes du Sud du canton (3),ppe,new,libre,0,42.0,CHF_per_m2,,3198.0,3534.0,3849.0
T_05_05_1_4_03,Y,1999,,Autres communes du Nord du canton / rive droite du lac (4),ppe,new,libre,0,12.0,CHF_per_m2,,3471.0,3921.0,4568.0
T_05_05_1_4_03,Y,1999,,Autres communes de la rive gauche du lac (5),ppe,new,libre,0,39.0,CHF_per_m2,,3478.0,3989.0,4614.0
T_05_05_1_4_03,Y,1999,,Autres communes de l'Est du canton (6),ppe,new,libre,0,12.0,CHF_per_m2,,2489.0,2746.0,4238.0
T_05_05_1_4_03,Y,1999,,Autres communes de l'Ouest du canton (7),ppe,new,libre,0,40.0,CHF_per_m2,,3270.0,3625.0,4087.0
T_05_05_1_4_03,Y,1999,,Canton,ppe,new,libre,0,679.0,CHF_per_m2,0000,3137.0,3682.0,4222.0
T_05_05_1_4_03,Y,1998,,Cologny,ppe,new,libre,0,12.0,CHF_per_m2,6617,3581.0,4048.0,4403.0
T_05_05_1_4_03,Y,1998,,Genève,ppe,new,libre,0,264.0,CHF_per_m2,6621,3426.0,3954.0,4572.0
T_05_05_1_4_03,Y,1998,,Grand-Saconnex,ppe,new,libre,0,30.0,CHF_per_m2,6623,3313.0,3915.0,4140.0
T_05_05_1_4_03,Y,1998,,Lancy,ppe,new,libre,0,23.0,CHF_per_m2,6628,3542.0,4134.0,4552.0
T_05_05_1_4_03,Y,1998,,Meyrin,ppe,new,libre,0,17.0,CHF_per_m2,6630,3373.0,3589.0,3895.0
T_05_05_1_4_03,Y,1998,,Plan-les-Ouates,ppe,new,libre,0,15.0,CHF_per_m2,6633,3409.0,3947.0,4094.0
T_05_05_1_4_03,Y,1998,,Thônex,ppe,new,libre,0,18.0,CHF_per_m2,6640,3378.0,3719.0,3862.0
T_05_05_1_4_03,Y,1998,,Vernier,ppe,new,libre,0,17.0,CHF_per_m2,6643,2434.0,2710.0,3237.0
T_05_05_1_4_03,Y,1998,,Versoix,ppe,new,libre,0,14.0,CHF_per_m2,6644,3008.0,4091.0,4867.0
T_05_05_1_4_03,Y,1998,,Veyrier,ppe,new,libre,0,16.0,CHF_per_m2,6645,3794.0,4555.0,4704.0
T_05_05_1_4_03,Y,1998,,Autres communes du Sud du canton (3),ppe,new,libre,0,38.0,CHF_per_m2,,3192.0,3496.0,3819.0
T_05_05_1_4_03,Y,1998,,Autres communes du Nord du canton / rive droite du lac (4),ppe,new,libre,0,9.0,CHF_per_m2,,,,
T_05_05_1_4_03,Y,1998,,Autres communes de la rive gauche du lac (5),ppe,new,libre,0,14.0,CHF_per_m2,,3333.0,3700.0,3988.0
T_05_05_1_4_03,Y,1998,,Autres communes de l'Est du canton (6),ppe,new,libre,0,34.0,CHF_per_m2,,3247.0,3794.0,4183.0
T_05_05_1_4_03,Y,1998,,Autres communes de l'Ouest du canton (7),ppe,new,libre,0,10.0,CHF_per_m2,,3291.0,3443.0,3571.0
T_05_05_1_4_03,Y,1998,,Canton,ppe,new,libre,0,579.0,CHF_per_m2,0000,3333.0,3851.0,4342.0
T_05_05_1_4_03,Y,1997,,Cologny,ppe,new,libre,0,25.0,CHF_per_m2,6617,3939.0,4231.0,4758.0
T_05_05_1_4_03,Y,1997,,Genève,ppe,new,libre,0,272.0,CHF_per_m2,6621,3388.0,3810.0,4586.0
T_05_05_1_4_03,Y,1997,,Grand-Saconnex,ppe,new,libre,0,16.0,CHF_per_m2,6623,2946.0,3985.0,4154.0
T_05_05_1_4_03,Y,1997,,Lancy,ppe,new,libre,0,22.0,CHF_per_m2,6628,3423.0,4118.0,4459.0
T_05_05_1_4_03,Y,1997,,Meyrin,ppe,new,libre,0,16.0,CHF_per_m2,6630,2865.0,3491.0,3706.0
T_05_05_1_4_03,Y,1997,,Plan-les-Ouates,ppe,new,libre,0,6.0,CHF_per_m2,6633,,,
T_05_05_1_4_03,Y,1997,,Thônex,ppe,new,libre,0,23.0,CHF_per_m2,6640,3125.0,3396.0,3901.0
T_05_05_1_4_03,Y,1997,,Vernier,ppe,new,libre,0,12.0,CHF_per_m2,6643,2926.0,3141.0,3417.0
T_05_05_1_4_03,Y,1997,,Versoix,ppe,new,libre,0,9.0,CHF_per_m2,6644,,,
T_05_05_1_4_03,Y,1997,,Veyrier,ppe,new,libre,0,19.0,CHF_per_m2,6645,3979.0,4522.0,4699.0
T_05_05_1_4_03,Y,1997,,Autres communes du Sud du canton (3),ppe,new,libre,0,25.0,CHF_per_m2,,3208.0,3512.0,3942.0
T_05_05_1_4_03,Y,1997,,Autres communes du Nord du canton / rive droite du lac (4),ppe,new,libre,0,13.0,CHF_per_m2,,3827.0,4048.0,4202.0
T_05_05_1_4_03,Y,1997,,Autres communes de la rive gauche du lac (5),ppe,new,libre,0,21.0,CHF_per_m2,,3359.0,3547.0,4074.0
T_05_05_1_4_03,Y,1997,,Autres communes de l'Est du canton (6),ppe,new,libre,0,20.0,CHF_per_m2,,3210.0,3521.0,4162.0
T_05_05_1_4_03,Y,1997,,Autres communes de l'Ouest du canton (7),ppe,new,libre,0,28.0,CHF_per_m2,,2705.0,3039.0,3825.0
T_05_05_1_4_03,Y,1997,,Canton,ppe,new,libre,0,572.0,CHF_per_m2,0000,3323.0,3760.0,4309.0
T_05_05_1_4_03,Y,1996,,Cologny,ppe,new,libre,0,19.0,CHF_per_m2,6617,3456.0,4186.0,4554.0
T_05_05_1_4_03,Y,1996,,Genève,ppe,new,libre,0,254.0,CHF_per_m2,6621,3535.0,4006.0,4545.0
T_05_05_1_4_03,Y,1996,,Grand-Saconnex,ppe,new,libre,0,36.0,CHF_per_m2,6623,3722.0,4411.0,4494.0
T_05_05_1_4_03,Y,1996,,Lancy,ppe,new,libre,0,23.0,CHF_per_m2,6628,3403.0,4135.0,4464.0
T_05_05_1_4_03,Y,1996,,Meyrin,ppe,new,libre,0,14.0,CHF_per_m2,6630,2743.0,3879.0,4000.0
T_05_05_1_4_03,Y,1996,,Plan-les-Ouates,ppe,new,libre,0,12.0,CHF_per_m2,6633,3623.0,4153.0,4419.0
T_05_05_1_4_03,Y,1996,,Thônex,ppe,new,libre,0,15.0,CHF_per_m2,6640,3444.0,3711.0,4116.0
T_05_05_1_4_03,Y,1996,,Vernier,ppe,new,libre,0,14.0,CHF_per_m2,6643,2647.0,2965.0,3454.0
T_05_05_1_4_03,Y,1996,,Versoix,ppe,new,libre,0,12.0,CHF_per_m2,6644,2898.0,3418.0,4035.0
T_05_05_1_4_03,Y,1996,,Veyrier,ppe,new,libre,0,50.0,CHF_per_m2,6645,3797.0,4394.0,4568.0
T_05_05_1_4_03,Y,1996,,Autres communes du Sud du canton (3),ppe,new,libre,0,54.0,CHF_per_m2,,3597.0,4015.0,4167.0
T_05_05_1_4_03,Y,1996,,Autres communes du Nord du canton / rive droite du lac (4),ppe,new,libre,0,7.0,CHF_per_m2,,,,
T_05_05_1_4_03,Y,1996,,Autres communes de la rive gauche du lac (5),ppe,new,libre,0,13.0,CHF_per_m2,,3846.0,4085.0,4436.0
T_05_05_1_4_03,Y,1996,,Autres communes de l'Est du canton (6),ppe,new,libre,0,22.0,CHF_per_m2,,3627.0,3971.0,4150.0
T_05_05_1_4_03,Y,1996,,Autres communes de l'Ouest du canton (7),ppe,new,libre,0,21.0,CHF_per_m2,,3137.0,3622.0,4384.0
T_05_05_1_4_03,Y,1996,,Canton,ppe,new,libre,0,591.0,CHF_per_m2,0000,3483.0,4000.0,4440.0
T_05_05_1_4_03,Y,1995,,Cologny,ppe,new,libre,0,26.0,CHF_per_m2,6617,3964.0,4305.0,4552.0
T_05_05_1_4_03,Y,1995,,Genève,ppe,new,libre,0,174.0,CHF_per_m2,6621,3535.0,4129.0,4602.0
T_05_05_1_4_03,Y,1995,,Grand-Saconnex,ppe,new,libre,0,8.0,CHF_per_m2,6623,,,
T_05_05_1_4_03,Y,1995,,Lancy,ppe,new,libre,0,48.0,CHF_per_m2,6628,4097.0,4367.0,4560.0
T_05_05_1_4_03,Y,1995,,Meyrin,ppe,new,libre,0,12.0,CHF_per_m2,6630,3153.0,3366.0,3503.0
T_05_05_1_4_03,Y,1995,,Plan-les-Ouates,ppe,new,libre,0,1.0,CHF_per_m2,6633,,,
T_05_05_1_4_03,Y,1995,,Thônex,ppe,new,libre,0,31.0,CHF_per_m2,6640,3068.0,3474.0,3679.0
T_05_05_1_4_03,Y,1995,,Vernier,ppe,new,libre,0,13.0,CHF_per_m2,6643,2843.0,3283.0,3737.0
T_05_05_1_4_03,Y,1995,,Versoix,ppe,new,libre,0,8.0,CHF_per_m2,6644,,,
T_05_05_1_4_03,Y,1995,,Veyrier,ppe,new,libre,0,4.0,CHF_per_m2,6645,,,
T_05_05_1_4_03,Y,1995,,Autres communes du Sud du canton (3),ppe,new,libre,0,27.0,CHF_per_m2,,3429.0,3868.0,4231.0
T_05_05_1_4_03,Y,1995,,Autres communes du Nord du canton / rive droite du lac (4),ppe,new,libre,0,3.0,CHF_per_m2,,,,
T_05_05_1_4_03,Y,1995,,Autres communes de la rive gauche du lac (5),ppe,new,libre,0,10.0,CHF_per_m2,,3150.0,3463.0,4403.0
T_05_05_1_4_03,Y,1995,,Autres communes de l'Est du canton (6),ppe,new,libre,0,12.0,CHF_per_m2,,3020.0,3744.0,3877.0
T_05_05_1_4_03,Y,1995,,Autres communes de l'Ouest du canton (7),ppe,new,libre,0,27.0,CHF_per_m2,,3216.0,3544.0,4042.0
T_05_05_1_4_03,Y,1995,,Canton,ppe,new,libre,0,427.0,CHF_per_m2,0000,3474.0,3995.0,4443.0
T_05_05_1_4_03,Y,1994,,Cologny,ppe,new,libre,0,21.0,CHF_per_m2,6617,3982.0,4388.0,4754.0
T_05_05_1_4_03,Y,1994,,Genève,ppe,new,libre,0,139.0,CHF_per_m2,6621,3333.0,4035.0,5133.0
T_05_05_1_4_03,Y,1994,,Grand-Saconnex,ppe,new,libre,0,14.0,CHF_per_m2,6623,4211.0,4385.0,4616.0
T_05_05_1_4_03,Y,1994,,Lancy,ppe,new,libre,0,11.0,CHF_per_m2,6628,3478.0,4005.0,4558.0
T_05_05_1_4_03,Y,1994,,Meyrin,ppe,new,libre,0,14.0,CHF_per_m2,6630,3571.0,3809.0,3957.0
T_05_05_1_4_03,Y,1994,,Plan-les-Ouates,ppe,new,libre,0,5.0,CHF_per_m2,6633,,,
T_05_05_1_4_03,Y,1994,,Thônex,ppe,new,libre,0,22.0,CHF_per_m2,6640,3706.0,3942.0,4394.0
T_05_05_1_4_03,Y,1994,,Vernier,ppe,new,libre,0,20.0,CHF_per_m2,6643,3354.0,3686.0,3805.0
T_05_05_1_4_03,Y,1994,,Versoix,ppe,new,libre,0,6.0,CHF_per_m2,6644,,,
T_05_05_1_4_03,Y,1994,,Veyrier,ppe,new,libre,0,13.0,CHF_per_m2,6645,5044.0,5258.0,6125.0
T_05_05_1_4_03,Y,1994,,Autres communes du Sud du canton (3),ppe,new,libre,0,26.0,CHF_per_m2,,3412.0,3749.0,4122.0
T_05_05_1_4_03,Y,1994,,Autres communes du Nord du canton / rive droite du lac (4),ppe,new,libre,0,5.0,CHF_per_m2,,,,
T_05_05_1_4_03,Y,1994,,Autres communes de la rive gauche du lac (5),ppe,new,libre,0,6.0,CHF_per_m2,,,,
T_05_05_1_4_03,Y,1994,,Autres communes de l'Est du canton (6),ppe,new,libre,0,23.0,CHF_per_m2,,3168.0,3822.0,4386.0
T_05_05_1_4_03,Y,1994,,Autres communes de l'Ouest du canton (7),ppe,new,libre,0,28.0,CHF_per_m2,,3503.0,3725.0,4486.0
T_05_05_1_4_03,Y,1994,,Canton,ppe,new,libre,0,386.0,CHF_per_m2,0000,3478.0,3934.0,4609.0
T_05_05_1_4_03,Y,1993,,Cologny,ppe,new,libre,0,29.0,CHF_per_m2,6617,3726.0,3945.0,4255.0
T_05_05_1_4_03,Y,1993,,Genève,ppe,new,libre,0,151.0,CHF_per_m2,6621,3220.0,3807.0,4441.0
T_05_05_1_4_03,Y,1993,,Grand-Saconnex,ppe,new,libre,0,12.0,CHF_per_m2,6623,3439.0,3645.0,4218.0
T_05_05_1_4_03,Y,1993,,Lancy,ppe,new,libre,0,24.0,CHF_per_m2,6628,4631.0,4979.0,5110.0
T_05_05_1_4_03,Y,1993,,Meyrin,ppe,new,libre,0,13.0,CHF_per_m2,6630,2692.0,3095.0,3718.0
T_05_05_1_4_03,Y,1993,,Plan-les-Ouates,ppe,new,libre,0,4.0,CHF_per_m2,6633,,,
T_05_05_1_4_03,Y,1993,,Thônex,ppe,new,libre,0,10.0,CHF_per_m2,6640,3144.0,3479.0,3944.0
T_05_05_1_4_03,Y,1993,,Vernier,ppe,new,libre,0,11.0,CHF_per_m2,6643,2903.0,3365.0,3802.0
T_05_05_1_4_03,Y,1993,,Versoix,ppe,new,libre,0,1.0,CHF_per_m2,6644,,,
T_05_05_1_4_03,Y,1993,,Veyrier,ppe,new,libre,0,8.0,CHF_per_m2,6645,,,
T_05_05_1_4_03,Y,1993,,Autres communes du Sud du canton (3),ppe,new,libre,0,22.0,CHF_per_m2,,3525.0,3939.0,4305.0
T_05_05_1_4_03,Y,1993,,Autres communes du Nord du canton / rive droite du lac (4),ppe,new,libre,0,3.0,CHF_per_m2,,,,
T_05_05_1_4_03,Y,1993,,Autres communes de la rive gauche du lac (5),ppe,new,libre,0,6.0,CHF_per_m2,,,,
T_05_05_1_4_03,Y,1993,,Autres communes de l'Est du canton (6),ppe,new,libre,0,23.0,CHF_per_m2,,3191.0,3657.0,4088.0
T_05_05_1_4_03,Y,1993,,Autres communes de l'Ouest du canton (7),ppe,new,libre,0,20.0,CHF_per_m2,,3069.0,3426.0,3837.0
T_05_05_1_4_03,Y,1993,,Canton,ppe,new,libre,0,381.0,CHF_per_m2,0000,3289.0,3817.0,4319.0
T_05_05_1_4_03,Y,1992,,Cologny,ppe,new,libre,0,36.0,CHF_per_m2,6617,3447.0,3811.0,4311.0
T_05_05_1_4_03,Y,1992,,Genève,ppe,new,libre,0,98.0,CHF_per_m2,6621,3929.0,4499.0,5198.0
T_05_05_1_4_03,Y,1992,,Grand-Saconnex,ppe,new,libre,0,5.0,CHF_per_m2,6623,,,
T_05_05_1_4_03,Y,1992,,Lancy,ppe,new,libre,0,5.0,CHF_per_m2,6628,,,
T_05_05_1_4_03,Y,1992,,Meyrin,ppe,new,libre,0,11.0,CHF_per_m2,6630,3226.0,3651.0,4083.0
T_05_05_1_4_03,Y,1992,,Plan-les-Ouates,ppe,new,libre,0,4.0,CHF_per_m2,6633,,,
T_05_05_1_4_03,Y,1992,,Thônex,ppe,new,libre,0,14.0,CHF_per_m2,6640,3140.0,3384.0,3789.0
T_05_05_1_4_03,Y,1992,,Vernier,ppe,new,libre,0,6.0,CHF_per_m2,6643,,,
T_05_05_1_4_03,Y,1992,,Versoix,ppe,new,libre,0,5.0,CHF_per_m2,6644,,,
T_05_05_1_4_03,Y,1992,,Veyrier,ppe,new,libre,0,6.0,CHF_per_m2,6645,,,
T_05_05_1_4_03,Y,1992,,Autres communes du Sud du canton (3),ppe,new,libre,0,16.0,CHF_per_m2,,3317.0,3733.0,4373.0
T_05_05_1_4_03,Y,1992,,Autres communes du Nord du canton / rive droite du lac (4),ppe,new,libre,0,6.0,CHF_per_m2,,,,
T_05_05_1_4_03,Y,1992,,Autres communes de la rive gauche du lac (5),ppe,new,libre,0,4.0,CHF_per_m2,,,,
T_05_05_1_4_03,Y,1992,,Autres communes de l'Est du canton (6),ppe,new,libre,0,9.0,CHF_per_m2,,,,
T_05_05_1_4_03,Y,1992,,Autres communes de l'Ouest du canton (7),ppe,new,libre,0,10.0,CHF_per_m2,,3777.0,4199.0,4796.0
T_05_05_1_4_03,Y,1992,,Canton,ppe,new,libre,0,297.0,CHF_per_m2,0000,3537.0,4138.0,4757.0
T_05_05_1_4_03,Y,1991,,Cologny,ppe,new,libre,0,13.0,CHF_per_m2,6617,3969.0,4918.0,5892.0
T_05_05_1_4_03,Y,1991,,Genève,ppe,new,libre,0,127.0,CHF_per_m2,6621,3812.0,4337.0,4965.0
T_05_05_1_4_03,Y,1991,,Grand-Saconnex,ppe,new,libre,0,10.0,CHF_per_m2,6623,4080.0,4360.0,4542.0
T_05_05_1_4_03,Y,1991,,Lancy,ppe,new,libre,0,28.0,CHF_per_m2,6628,4289.0,4583.0,4761.0
T_05_05_1_4_03,Y,1991,,Meyrin,ppe,new,libre,0,14.0,CHF_per_m2,6630,3401.0,3730.0,4720.0
T_05_05_1_4_03,Y,1991,,Plan-les-Ouates,ppe,new,libre,0,10.0,CHF_per_m2,6633,3485.0,3637.0,3986.0
T_05_05_1_4_03,Y,1991,,Thônex,ppe,new,libre,0,31.0,CHF_per_m2,6640,3170.0,3376.0,3820.0
T_05_05_1_4_03,Y,1991,,Vernier,ppe,new,libre,0,18.0,CHF_per_m2,6643,2917.0,3535.0,3860.0
T_05_05_1_4_03,Y,1991,,Versoix,ppe,new,libre,0,8.0,CHF_per_m2,6644,,,
T_05_05_1_4_03,Y,1991,,Veyrier,ppe,new,libre,0,35.0,CHF_per_m2,6645,3775.0,3880.0,4111.0
T_05_05_1_4_03,Y,1991,,Autres communes du Sud du canton (3),ppe,new,libre,0,13.0,CHF_per_m2,,3436.0,3879.0,4324.0
T_05_05_1_4_03,Y,1991,,Autres communes du Nord du canton / rive droite du lac (4),ppe,new,libre,0,2.0,CHF_per_m2,,,,
T_05_05_1_4_03,Y,1991,,Autres communes de la rive gauche du lac (5),ppe,new,libre,0,7.0,CHF_per_m2,,,,
T_05_05_1_4_03,Y,1991,,Autres communes de l'Est du canton (6),ppe,new,libre,0,25.0,CHF_per_m2,,4068.0,4191.0,4837.0
T_05_05_1_4_03,Y,1991,,Autres communes de l'Ouest du canton (7),ppe,new,libre,0,30.0,CHF_per_m2,,3495.0,4221.0,4581.0
T_05_05_1_4_03,Y,1991,,Canton,ppe,new,libre,0,402.0,CHF_per_m2,0000,3657.0,4170.0,4737.0
T_05_05_1_4_03,Y,1990,,Cologny,ppe,new,libre,0,5.0,CHF_per_m2,6617,,,
T_05_05_1_4_03,Y,1990,,Genève,ppe,new,libre,0,120.0,CHF_per_m2,6621,4141.0,4779.0,5460.0
T_05_05_1_4_03,Y,1990,,Grand-Saconnex,ppe,new,libre,0,2.0,CHF_per_m2,6623,,,
T_05_05_1_4_03,Y,1990,,Lancy,ppe,new,libre,0,3.0,CHF_per_m2,6628,,,
T_05_05_1_4_03,Y,1990,,Meyrin,ppe,new,libre,0,4.0,CHF_per_m2,6630,,,
T_05_05_1_4_03,Y,1990,,Plan-les-Ouates,ppe,new,libre,0,,CHF_per_m2,6633,,,
T_05_05_1_4_03,Y,1990,,Thônex,ppe,new,libre,0,43.0,CHF_per_m2,6640,3646.0,3788.0,4580.0
T_05_05_1_4_03,Y,1990,,Vernier,ppe,new,libre,0,12.0,CHF_per_m2,6643,2818.0,3034.0,4331.0
T_05_05_1_4_03,Y,1990,,Versoix,ppe,new,libre,0,12.0,CHF_per_m2,6644,5344.0,5688.0,6233.0
T_05_05_1_4_03,Y,1990,,Veyrier,ppe,new,libre,0,,CHF_per_m2,6645,,,
T_05_05_1_4_03,Y,1990,,Autres communes du Sud du canton (3),ppe,new,libre,0,12.0,CHF_per_m2,,3833.0,4465.0,4996.0
T_05_05_1_4_03,Y,1990,,Autres communes du Nord du canton / rive droite du lac (4),ppe,new,libre,0,6.0,CHF_per_m2,,,,
T_05_05_1_4_03,Y,1990,,Autres communes de la rive gauche du lac (5),ppe,new,libre,0,5.0,CHF_per_m2,,,,
T_05_05_1_4_03,Y,1990,,Autres communes de l'Est du canton (6),ppe,new,libre,0,7.0,CHF_per_m2,,,,
T_05_05_1_4_03,Y,1990,,Autres communes de l'Ouest du canton (7),ppe,new,libre,0,35.0,CHF_per_m2,,4227.0,4904.0,5242.0
T_05_05_1_4_03,Y,1990,,Canton,ppe,new,libre,0,280.0,CHF_per_m2,0000,3965.0,4645.0,5314.0
T_05_05_1_3_03,Y,2024,,Bernex,house,all,all,0,26.0,CHF_per_object,6607,1650000.0,2000000.0,2901000.0
T_05_05_1_3_03,Y,2024,,Chêne-Bougeries,house,all,all,0,40.0,CHF_per_object,6612,2930000.0,3990000.0,5630000.0
T_05_05_1_3_03,Y,2024,,Collonge-Bellerive,house,all,all,0,55.0,CHF_per_object,6616,2600000.0,3450000.0,5450000.0
T_05_05_1_3_03,Y,2024,,Cologny,house,all,all,0,29.0,CHF_per_object,6617,4000000.0,6200000.0,10090000.0
T_05_05_1_3_03,Y,2024,,Genève,house,all,all,0,18.0,CHF_per_object,6621,1420000.0,1900000.0,3900000.0
T_05_05_1_3_03,Y,2024,,Grand-Saconnex,house,all,all,0,25.0,CHF_per_object,6623,1630000.0,1922000.0,2193000.0
T_05_05_1_3_03,Y,2024,,Lancy,house,all,all,0,17.0,CHF_per_object,6628,1735000.0,1950000.0,2190000.0
T_05_05_1_3_03,Y,2024,,Meyrin,house,all,all,0,20.0,CHF_per_object,6630,1500000.0,1830000.0,2275000.0
T_05_05_1_3_03,Y,2024,,Plan-les-Ouates,house,all,all,0,39.0,CHF_per_object,6633,1750000.0,1900000.0,2180000.0
T_05_05_1_3_03,Y,2024,,Pregny-Chambésy,house,all,all,0,18.0,CHF_per_object,6634,1860000.0,2250000.0,2450000.0
T_05_05_1_3_03,Y,2024,,Thônex,house,all,all,0,39.0,CHF_per_object,6640,1700000.0,1900000.0,2200000.0
T_05_05_1_3_03,Y,2024,,Vandoeuvres,house,all,all,0,35.0,CHF_per_object,6642,2800000.0,4200000.0,6700000.0
T_05_05_1_3_03,Y,2024,,Vernier,house,all,all,0,37.0,CHF_per_object,6643,1175000.0,1659000.0,1850000.0
T_05_05_1_3_03,Y,2024,,Versoix,house,all,all,0,27.0,CHF_per_object,6644,1750000.0,2109000.0,2525000.0
T_05_05_1_3_03,Y,2024,,Veyrier,house,all,all,0,72.0,CHF_per_object,6645,2000000.0,2352000.0,2765000.0
T_05_05_1_3_03,Y,2024,,Autres communes du Sud du canton (2),house,all,all,0,89.0,CHF_per_object,,1753000.0,2190000.0,2650000.0
T_05_05_1_3_03,Y,2024,,Autres communes du Nord du canton / rive droite du lac (3),house,all,all,0,43.0,CHF_per_object,,1640000.0,1850000.0,2500000.0
T_05_05_1_3_03,Y,2024,,Autres communes de la rive gauche du lac (4),house,all,all,0,29.0,CHF_per_object,,2390000.0,2964000.0,4700000.0
T_05_05_1_3_03,Y,2024,,Autres communes de l'Est du canton (5),house,all,all,0,47.0,CHF_per_object,,1565000.0,2015000.0,2500000.0
T_05_05_1_3_03,Y,2024,,Autres communes de l'Ouest du canton (6),house,all,all,0,36.0,CHF_per_object,,1365000.0,1595000.0,1825000.0
T_05_05_1_3_03,Y,2024,,Canton,house,all,all,0,741.0,CHF_per_object,0000,1740000.0,2190000.0,3100000.0
T_05_05_1_3_03,Y,2023,,Bernex,house,all,all,0,14.0,CHF_per_object,6607,1330000.0,1620000.0,2290000.0
T_05_05_1_3_03,Y,2023,,Chêne-Bougeries,house,all,all,0,43.0,CHF_per_object,6612,2412000.0,3500000.0,4774000.0
T_05_05_1_3_03,Y,2023,,Collonge-Bellerive,house,all,all,0,64.0,CHF_per_object,6616,2690000.0,3688000.0,6155000.0
T_05_05_1_3_03,Y,2023,,Cologny,house,all,all,0,29.0,CHF_per_object,6617,3480000.0,7151000.0,13502000.0
T_05_05_1_3_03,Y,2023,,Genève,house,all,all,0,20.0,CHF_per_object,6621,1865000.0,3214000.0,7283000.0
T_05_05_1_3_03,Y,2023,,Grand-Saconnex,house,all,all,0,9.0,CHF_per_object,6623,,,
T_05_05_1_3_03,Y,2023,,Lancy,house,all,all,0,26.0,CHF_per_object,6628,1860000.0,2184000.0,2769000.0
T_05_05_1_3_03,Y,2023,,Meyrin,house,all,all,0,23.0,CHF_per_object,6630,1500000.0,1750000.0,1900000.0
T_05_05_1_3_03,Y,2023,,Plan-les-Ouates,house,all,all,0,36.0,CHF_per_object,6633,1615000.0,1829000.0,2073000.0
T_05_05_1_3_03,Y,2023,,Pregny-Chambésy,house,all,all,0,16.0,CHF_per_object,6634,1760000.0,2245000.0,3097000.0
T_05_05_1_3_03,Y,2023,,Thônex,house,all,all,0,41.0,CHF_per_object,6640,1750000.0,2100000.0,2450000.0
T_05_05_1_3_03,Y,2023,,Vandoeuvres,house,all,all,0,32.0,CHF_per_object,6642,2706000.0,3629000.0,5796000.0
T_05_05_1_3_03,Y,2023,,Vernier,house,all,all,0,40.0,CHF_per_object,6643,995000.0,1525000.0,1863000.0
T_05_05_1_3_03,Y,2023,,Versoix,house,all,all,0,14.0,CHF_per_object,6644,1300000.0,1873000.0,2200000.0
T_05_05_1_3_03,Y,2023,,Veyrier,house,all,all,0,73.0,CHF_per_object,6645,1950000.0,2206000.0,2606000.0
T_05_05_1_3_03,Y,2023,,Autres communes du Sud du canton (2),house,all,all,0,93.0,CHF_per_object,,1735000.0,1930000.0,2350000.0
T_05_05_1_3_03,Y,2023,,Autres communes du Nord du canton / rive droite du lac (3),house,all,all,0,27.0,CHF_per_object,,1410000.0,1600000.0,1842000.0
T_05_05_1_3_03,Y,2023,,Autres communes de la rive gauche du lac (4),house,all,all,0,42.0,CHF_per_object,,1800000.0,2675000.0,6000000.0
T_05_05_1_3_03,Y,2023,,Autres communes de l'Est du canton (5),house,all,all,0,41.0,CHF_per_object,,1690000.0,1891000.0,2770000.0
T_05_05_1_3_03,Y,2023,,Autres communes de l'Ouest du canton (6),house,all,all,0,35.0,CHF_per_object,,1170000.0,1525000.0,1940000.0
T_05_05_1_3_03,Y,2023,,Canton,house,all,all,0,718.0,CHF_per_object,0000,1685000.0,2138000.0,3100000.0
T_05_05_1_3_03,Y,2022,,Bernex,house,all,all,0,17.0,CHF_per_object,6607,1800000.0,2150000.0,2290000.0
T_05_05_1_3_03,Y,2022,,Chêne-Bougeries,house,all,all,0,38.0,CHF_per_object,6612,2200000.0,3130000.0,4578000.0
T_05_05_1_3_03,Y,2022,,Collonge-Bellerive,house,all,all,0,60.0,CHF_per_object,6616,2377000.0,3207000.0,4259000.0
T_05_05_1_3_03,Y,2022,,Cologny,house,all,all,0,31.0,CHF_per_object,6617,3795000.0,6735000.0,16026000.0
T_05_05_1_3_03,Y,2022,,Genève,house,all,all,0,18.0,CHF_per_object,6621,1600000.0,2565000.0,4080000.0
T_05_05_1_3_03,Y,2022,,Grand-Saconnex,house,all,all,0,16.0,CHF_per_object,6623,1649000.0,1838000.0,2250000.0
T_05_05_1_3_03,Y,2022,,Lancy,house,all,all,0,16.0,CHF_per_object,6628,1595000.0,1630000.0,1925000.0
T_05_05_1_3_03,Y,2022,,Meyrin,house,all,all,0,21.0,CHF_per_object,6630,1600000.0,1800000.0,2050000.0
T_05_05_1_3_03,Y,2022,,Plan-les-Ouates,house,all,all,0,26.0,CHF_per_object,6633,1890000.0,2029000.0,2706000.0
T_05_05_1_3_03,Y,2022,,Pregny-Chambésy,house,all,all,0,21.0,CHF_per_object,6634,1685000.0,1820000.0,2650000.0
T_05_05_1_3_03,Y,2022,,Thônex,house,all,all,0,40.0,CHF_per_object,6640,1911000.0,2225000.0,2476000.0
T_05_05_1_3_03,Y,2022,,Vandoeuvres,house,all,all,0,28.0,CHF_per_object,6642,3052000.0,3950000.0,5725000.0
T_05_05_1_3_03,Y,2022,,Vernier,house,all,all,0,37.0,CHF_per_object,6643,980000.0,1520000.0,1905000.0
T_05_05_1_3_03,Y,2022,,Versoix,house,all,all,0,33.0,CHF_per_object,6644,1650000.0,1895000.0,2500000.0
T_05_05_1_3_03,Y,2022,,Veyrier,house,all,all,0,57.0,CHF_per_object,6645,1850000.0,2120000.0,2485000.0
T_05_05_1_3_03,Y,2022,,Autres communes du Sud du canton (2),house,all,all,0,63.0,CHF_per_object,,1705000.0,2209000.0,2500000.0
T_05_05_1_3_03,Y,2022,,Autres communes du Nord du canton / rive droite du lac (3),house,all,all,0,42.0,CHF_per_object,,1650000.0,1840000.0,2103000.0
T_05_05_1_3_03,Y,2022,,Autres communes de la rive gauche du lac (4),house,all,all,0,49.0,CHF_per_object,,2150000.0,2674000.0,4622000.0
T_05_05_1_3_03,Y,2022,,Autres communes de l'Est du canton (5),house,all,all,0,37.0,CHF_per_object,,1650000.0,2075000.0,3340000.0
T_05_05_1_3_03,Y,2022,,Autres communes de l'Ouest du canton (6),house,all,all,0,44.0,CHF_per_object,,1225000.0,1640000.0,1855000.0
T_05_05_1_3_03,Y,2022,,Canton,house,all,all,0,694.0,CHF_per_object,0000,1695000.0,2195000.0,3100000.0
T_05_05_1_3_03,Y,2021,,Bernex,house,all,all,0,18.0,CHF_per_object,6607,1850000.0,2225000.0,2451000.0
T_05_05_1_3_03,Y,2021,,Chêne-Bougeries,house,all,all,0,59.0,CHF_per_object,6612,2600000.0,3380000.0,4417000.0
T_05_05_1_3_03,Y,2021,,Collonge-Bellerive,house,all,all,0,76.0,CHF_per_object,6616,2084000.0,2998000.0,4440000.0
T_05_05_1_3_03,Y,2021,,Cologny,house,all,all,0,34.0,CHF_per_object,6617,4600000.0,8025000.0,12750000.0
T_05_05_1_3_03,Y,2021,,Genève,house,all,all,0,14.0,CHF_per_object,6621,1700000.0,3540000.0,7750000.0
T_05_05_1_3_03,Y,2021,,Grand-Saconnex,house,all,all,0,21.0,CHF_per_object,6623,1490000.0,1970000.0,2105000.0
T_05_05_1_3_03,Y,2021,,Lancy,house,all,all,0,32.0,CHF_per_object,6628,1565000.0,1700000.0,2054000.0
T_05_05_1_3_03,Y,2021,,Meyrin,house,all,all,0,14.0,CHF_per_object,6630,1405000.0,1683000.0,1800000.0
T_05_05_1_3_03,Y,2021,,Plan-les-Ouates,house,all,all,0,39.0,CHF_per_object,6633,1550000.0,1930000.0,2100000.0
T_05_05_1_3_03,Y,2021,,Pregny-Chambésy,house,all,all,0,26.0,CHF_per_object,6634,1580000.0,1846000.0,2600000.0
T_05_05_1_3_03,Y,2021,,Thônex,house,all,all,0,39.0,CHF_per_object,6640,1650000.0,1842000.0,2300000.0
T_05_05_1_3_03,Y,2021,,Vandoeuvres,house,all,all,0,47.0,CHF_per_object,6642,2840000.0,3690000.0,6800000.0
T_05_05_1_3_03,Y,2021,,Vernier,house,all,all,0,37.0,CHF_per_object,6643,1370000.0,1550000.0,1750000.0
T_05_05_1_3_03,Y,2021,,Versoix,house,all,all,0,36.0,CHF_per_object,6644,1440000.0,1850000.0,2545000.0
T_05_05_1_3_03,Y,2021,,Veyrier,house,all,all,0,70.0,CHF_per_object,6645,1650000.0,2002000.0,2728000.0
T_05_05_1_3_03,Y,2021,,Autres communes du Sud du canton (2),house,all,all,0,66.0,CHF_per_object,,1690000.0,1900000.0,2590000.0
T_05_05_1_3_03,Y,2021,,Autres communes du Nord du canton / rive droite du lac (3),house,all,all,0,35.0,CHF_per_object,,1645000.0,1880000.0,2250000.0
T_05_05_1_3_03,Y,2021,,Autres communes de la rive gauche du lac (4),house,all,all,0,48.0,CHF_per_object,,2075000.0,3250000.0,7825000.0
T_05_05_1_3_03,Y,2021,,Autres communes de l'Est du canton (5),house,all,all,0,41.0,CHF_per_object,,1584000.0,1906000.0,2800000.0
T_05_05_1_3_03,Y,2021,,Autres communes de l'Ouest du canton (6),house,all,all,0,43.0,CHF_per_object,,1100000.0,1495000.0,1800000.0
T_05_05_1_3_03,Y,2021,,Canton,house,all,all,0,795.0,CHF_per_object,0000,1650000.0,2100000.0,3312000.0
T_05_05_1_3_03,Y,2020,,Bernex,house,all,all,0,25.0,CHF_per_object,6607,1385000.0,1680000.0,2090000.0
T_05_05_1_3_03,Y,2020,,Chêne-Bougeries,house,all,all,0,46.0,CHF_per_object,6612,2064000.0,3020000.0,4375000.0
T_05_05_1_3_03,Y,2020,,Collonge-Bellerive,house,all,all,0,52.0,CHF_per_object,6616,1990000.0,2725000.0,4494000.0
T_05_05_1_3_03,Y,2020,,Cologny,house,all,all,0,32.0,CHF_per_object,6617,2885000.0,3600000.0,7955000.0
T_05_05_1_3_03,Y,2020,,Genève,house,all,all,0,16.0,CHF_per_object,6621,1679000.0,3160000.0,4230000.0
T_05_05_1_3_03,Y,2020,,Grand-Saconnex,house,all,all,0,15.0,CHF_per_object,6623,1430000.0,1620000.0,2150000.0
T_05_05_1_3_03,Y,2020,,Lancy,house,all,all,0,37.0,CHF_per_object,6628,1360000.0,1600000.0,2120000.0
T_05_05_1_3_03,Y,2020,,Meyrin,house,all,all,0,18.0,CHF_per_object,6630,1495000.0,1662000.0,2116000.0
T_05_05_1_3_03,Y,2020,,Plan-les-Ouates,house,all,all,0,33.0,CHF_per_object,6633,1420000.0,1600000.0,1800000.0
T_05_05_1_3_03,Y,2020,,Pregny-Chambésy,house,all,all,0,37.0,CHF_per_object,6634,1426000.0,1581000.0,1918000.0
T_05_05_1_3_03,Y,2020,,Thônex,house,all,all,0,51.0,CHF_per_object,6640,1370000.0,1595000.0,1770000.0
T_05_05_1_3_03,Y,2020,,Vandoeuvres,house,all,all,0,25.0,CHF_per_object,6642,2000000.0,3320000.0,5900000.0
T_05_05_1_3_03,Y,2020,,Vernier,house,all,all,0,29.0,CHF_per_object,6643,1081000.0,1325000.0,1550000.0
T_05_05_1_3_03,Y,2020,,Versoix,house,all,all,0,28.0,CHF_per_object,6644,1385000.0,1651000.0,2590000.0
T_05_05_1_3_03,Y,2020,,Veyrier,house,all,all,0,51.0,CHF_per_object,6645,1539000.0,1760000.0,2290000.0
T_05_05_1_3_03,Y,2020,,Autres communes du Sud du canton (2),house,all,all,0,60.0,CHF_per_object,,1535000.0,1735000.0,2038000.0
T_05_05_1_3_03,Y,2020,,Autres communes du Nord du canton / rive droite du lac (3),house,all,all,0,46.0,CHF_per_object,,1260000.0,1780000.0,2250000.0
T_05_05_1_3_03,Y,2020,,Autres communes de la rive gauche du lac (4),house,all,all,0,48.0,CHF_per_object,,1750000.0,1930000.0,2464000.0
T_05_05_1_3_03,Y,2020,,Autres communes de l'Est du canton (5),house,all,all,0,46.0,CHF_per_object,,1500000.0,1890000.0,2520000.0
T_05_05_1_3_03,Y,2020,,Autres communes de l'Ouest du canton (6),house,all,all,0,34.0,CHF_per_object,,1200000.0,1439000.0,1850000.0
T_05_05_1_3_03,Y,2020,,Canton,house,all,all,0,729.0,CHF_per_object,0000,1460000.0,1800000.0,2619000.0
T_05_05_1_3_03,Y,2019,,Bernex,house,all,all,0,18.0,CHF_per_object,6607,1250000.0,1602000.0,1690000.0
T_05_05_1_3_03,Y,2019,,Chêne-Bougeries,house,all,all,0,53.0,CHF_per_object,6612,1905000.0,2500000.0,3950000.0
T_05_05_1_3_03,Y,2019,,Collonge-Bellerive,house,all,all,0,48.0,CHF_per_object,6616,1765000.0,2133000.0,3025000.0
T_05_05_1_3_03,Y,2019,,Cologny,house,all,all,0,13.0,CHF_per_object,6617,3100000.0,6250000.0,12000000.0
T_05_05_1_3_03,Y,2019,,Genève,house,all,all,0,35.0,CHF_per_object,6621,2206000.0,2700000.0,3600000.0
T_05_05_1_3_03,Y,2019,,Grand-Saconnex,house,all,all,0,23.0,CHF_per_object,6623,1450000.0,1650000.0,1850000.0
T_05_05_1_3_03,Y,2019,,Lancy,house,all,all,0,33.0,CHF_per_object,6628,1340000.0,1600000.0,1930000.0
T_05_05_1_3_03,Y,2019,,Meyrin,house,all,all,0,20.0,CHF_per_object,6630,1283000.0,1365000.0,1518000.0
T_05_05_1_3_03,Y,2019,,Plan-les-Ouates,house,all,all,0,42.0,CHF_per_object,6633,1350000.0,1558000.0,1915000.0
T_05_05_1_3_03,Y,2019,,Pregny-Chambésy,house,all,all,0,43.0,CHF_per_object,6634,1505000.0,1720000.0,2582000.0
T_05_05_1_3_03,Y,2019,,Thônex,house,all,all,0,63.0,CHF_per_object,6640,1250000.0,1370000.0,1640000.0
T_05_05_1_3_03,Y,2019,,Vandoeuvres,house,all,all,0,34.0,CHF_per_object,6642,1645000.0,2350000.0,3505000.0
T_05_05_1_3_03,Y,2019,,Vernier,house,all,all,0,52.0,CHF_per_object,6643,870000.0,1166000.0,1548000.0
T_05_05_1_3_03,Y,2019,,Versoix,house,all,all,0,23.0,CHF_per_object,6644,1490000.0,1700000.0,1830000.0
T_05_05_1_3_03,Y,2019,,Veyrier,house,all,all,0,86.0,CHF_per_object,6645,1490000.0,1735000.0,2150000.0
T_05_05_1_3_03,Y,2019,,Autres communes du Sud du canton (2),house,all,all,0,61.0,CHF_per_object,,1500000.0,1630000.0,1990000.0
T_05_05_1_3_03,Y,2019,,Autres communes du Nord du canton / rive droite du lac (3),house,all,all,0,35.0,CHF_per_object,,1300000.0,1500000.0,1750000.0
T_05_05_1_3_03,Y,2019,,Autres communes de la rive gauche du lac (4),house,all,all,0,33.0,CHF_per_object,,1800000.0,2401000.0,3600000.0
T_05_05_1_3_03,Y,2019,,Autres communes de l'Est du canton (5),house,all,all,0,33.0,CHF_per_object,,1400000.0,1750000.0,2213000.0
T_05_05_1_3_03,Y,2019,,Autres communes de l'Ouest du canton (6),house,all,all,0,38.0,CHF_per_object,,990000.0,1400000.0,1750000.0
T_05_05_1_3_03,Y,2019,,Canton,house,all,all,0,786.0,CHF_per_object,0000,1400000.0,1700000.0,2342000.0
T_05_05_1_3_03,Y,2018,,Bernex,house,all,all,0,26.0,CHF_per_object,6607,1520000.0,1680000.0,1840000.0
T_05_05_1_3_03,Y,2018,,Chêne-Bougeries,house,all,all,0,41.0,CHF_per_object,6612,2600000.0,3500000.0,5350000.0
T_05_05_1_3_03,Y,2018,,Collonge-Bellerive,house,all,all,0,67.0,CHF_per_object,6616,1800000.0,2175000.0,2889000.0
T_05_05_1_3_03,Y,2018,,Cologny,house,all,all,0,15.0,CHF_per_object,6617,3800000.0,6200000.0,16900000.0
T_05_05_1_3_03,Y,2018,,Genève,house,all,all,0,12.0,CHF_per_object,6621,1007000.0,2046000.0,4375000.0
T_05_05_1_3_03,Y,2018,,Grand-Saconnex,house,all,all,0,22.0,CHF_per_object,6623,1440000.0,1600000.0,2100000.0
T_05_05_1_3_03,Y,2018,,Lancy,house,all,all,0,23.0,CHF_per_object,6628,1348000.0,1550000.0,1900000.0
T_05_05_1_3_03,Y,2018,,Meyrin,house,all,all,0,28.0,CHF_per_object,6630,1190000.0,1295000.0,1498000.0
T_05_05_1_3_03,Y,2018,,Plan-les-Ouates,house,all,all,0,27.0,CHF_per_object,6633,1430000.0,1550000.0,1930000.0
T_05_05_1_3_03,Y,2018,,Pregny-Chambésy,house,all,all,0,14.0,CHF_per_object,6634,1393000.0,1485000.0,1554000.0
T_05_05_1_3_03,Y,2018,,Thônex,house,all,all,0,47.0,CHF_per_object,6640,1390000.0,1550000.0,1750000.0
T_05_05_1_3_03,Y,2018,,Vandoeuvres,house,all,all,0,30.0,CHF_per_object,6642,1600000.0,2245000.0,4311000.0
T_05_05_1_3_03,Y,2018,,Vernier,house,all,all,0,28.0,CHF_per_object,6643,637000.0,837000.0,1350000.0
T_05_05_1_3_03,Y,2018,,Versoix,house,all,all,0,11.0,CHF_per_object,6644,1000000.0,1490000.0,2020000.0
T_05_05_1_3_03,Y,2018,,Veyrier,house,all,all,0,74.0,CHF_per_object,6645,1440000.0,1630000.0,1880000.0
T_05_05_1_3_03,Y,2018,,Autres communes du Sud du canton (2),house,all,all,0,49.0,CHF_per_object,,1255000.0,1590000.0,1850000.0
T_05_05_1_3_03,Y,2018,,Autres communes du Nord du canton / rive droite du lac (3),house,all,all,0,51.0,CHF_per_object,,1165000.0,1362000.0,1610000.0
T_05_05_1_3_03,Y,2018,,Autres communes de la rive gauche du lac (4),house,all,all,0,25.0,CHF_per_object,,1800000.0,2358000.0,3430000.0
T_05_05_1_3_03,Y,2018,,Autres communes de l'Est du canton (5),house,all,all,0,35.0,CHF_per_object,,1340000.0,1600000.0,2500000.0
T_05_05_1_3_03,Y,2018,,Autres communes de l'Ouest du canton (6),house,all,all,0,30.0,CHF_per_object,,1150000.0,1370000.0,1600000.0
T_05_05_1_3_03,Y,2018,,Canton,house,all,all,0,655.0,CHF_per_object,0000,1360000.0,1650000.0,2290000.0
T_05_05_1_3_03,Y,2017,,Bernex,house,all,all,0,17.0,CHF_per_object,6607,1290000.0,1450000.0,1700000.0
T_05_05_1_3_03,Y,2017,,Chêne-Bougeries,house,all,all,0,43.0,CHF_per_object,6612,1580000.0,1693000.0,2550000.0
T_05_05_1_3_03,Y,2017,,Collonge-Bellerive,house,all,all,0,86.0,CHF_per_object,6616,1540000.0,1793000.0,2300000.0
T_05_05_1_3_03,Y,2017,,Cologny,house,all,all,0,20.0,CHF_per_object,6617,1976000.0,4022000.0,8630000.0
T_05_05_1_3_03,Y,2017,,Genève,house,all,all,0,18.0,CHF_per_object,6621,2306000.0,2785000.0,5940000.0
T_05_05_1_3_03,Y,2017,,Grand-Saconnex,house,all,all,0,19.0,CHF_per_object,6623,1320000.0,1400000.0,1975000.0
T_05_05_1_3_03,Y,2017,,Lancy,house,all,all,0,21.0,CHF_per_object,6628,1290000.0,1600000.0,1950000.0
T_05_05_1_3_03,Y,2017,,Meyrin,house,all,all,0,18.0,CHF_per_object,6630,1080000.0,1375000.0,1780000.0
T_05_05_1_3_03,Y,2017,,Plan-les-Ouates,house,all,all,0,31.0,CHF_per_object,6633,1390000.0,1454000.0,2215000.0
T_05_05_1_3_03,Y,2017,,Pregny-Chambésy,house,all,all,0,23.0,CHF_per_object,6634,1745000.0,2050000.0,3025000.0
T_05_05_1_3_03,Y,2017,,Thônex,house,all,all,0,52.0,CHF_per_object,6640,1250000.0,1378000.0,1500000.0
T_05_05_1_3_03,Y,2017,,Vandoeuvres,house,all,all,0,31.0,CHF_per_object,6642,1368000.0,2500000.0,4500000.0
T_05_05_1_3_03,Y,2017,,Vernier,house,all,all,0,54.0,CHF_per_object,6643,842000.0,1130000.0,1330000.0
T_05_05_1_3_03,Y,2017,,Versoix,house,all,all,0,24.0,CHF_per_object,6644,1280000.0,1465000.0,1850000.0
T_05_05_1_3_03,Y,2017,,Veyrier,house,all,all,0,106.0,CHF_per_object,6645,1316000.0,1698000.0,1920000.0
T_05_05_1_3_03,Y,2017,,Autres communes du Sud du canton (2),house,all,all,0,81.0,CHF_per_object,,1180000.0,1485000.0,1750000.0
T_05_05_1_3_03,Y,2017,,Autres communes du Nord du canton / rive droite du lac (3),house,all,all,0,40.0,CHF_per_object,,1217000.0,1377000.0,1563000.0
T_05_05_1_3_03,Y,2017,,Autres communes de la rive gauche du lac (4),house,all,all,0,51.0,CHF_per_object,,1450000.0,1710000.0,2090000.0
T_05_05_1_3_03,Y,2017,,Autres communes de l'Est du canton (5),house,all,all,0,29.0,CHF_per_object,,1400000.0,1680000.0,2200000.0
T_05_05_1_3_03,Y,2017,,Autres communes de l'Ouest du canton (6),house,all,all,0,25.0,CHF_per_object,,1165000.0,1300000.0,1775000.0
T_05_05_1_3_03,Y,2017,,Canton,house,all,all,0,789.0,CHF_per_object,0000,1300000.0,1600000.0,2100000.0
T_05_05_1_3_03,Y,2016,,Bernex,house,all,all,0,41.0,CHF_per_object,6607,1160000.0,1350000.0,1634000.0
T_05_05_1_3_03,Y,2016,,Chêne-Bougeries,house,all,all,0,33.0,CHF_per_object,6612,1716000.0,2750000.0,3950000.0
T_05_05_1_3_03,Y,2016,,Collonge-Bellerive,house,all,all,0,69.0,CHF_per_object,6616,1590000.0,1930000.0,2700000.0
T_05_05_1_3_03,Y,2016,,Cologny,house,all,all,0,24.0,CHF_per_object,6617,2498000.0,4209000.0,9625000.0
T_05_05_1_3_03,Y,2016,,Genève,house,all,all,0,21.0,CHF_per_object,6621,2340000.0,3370000.0,4400000.0
T_05_05_1_3_03,Y,2016,,Grand-Saconnex,house,all,all,0,24.0,CHF_per_object,6623,1316000.0,1430000.0,1493000.0
T_05_05_1_3_03,Y,2016,,Lancy,house,all,all,0,37.0,CHF_per_object,6628,1185000.0,1490000.0,1560000.0
T_05_05_1_3_03,Y,2016,,Meyrin,house,all,all,0,13.0,CHF_per_object,6630,1300000.0,1450000.0,1770000.0
T_05_05_1_3_03,Y,2016,,Plan-les-Ouates,house,all,all,0,32.0,CHF_per_object,6633,1211000.0,1390000.0,1668000.0
T_05_05_1_3_03,Y,2016,,Pregny-Chambésy,house,all,all,0,13.0,CHF_per_object,6634,1300000.0,1745000.0,2000000.0
T_05_05_1_3_03,Y,2016,,Thônex,house,all,all,0,68.0,CHF_per_object,6640,1295000.0,1609000.0,2415000.0
T_05_05_1_3_03,Y,2016,,Vandoeuvres,house,all,all,0,14.0,CHF_per_object,6642,2350000.0,2940000.0,4700000.0
T_05_05_1_3_03,Y,2016,,Vernier,house,all,all,0,42.0,CHF_per_object,6643,807000.0,1185000.0,1400000.0
T_05_05_1_3_03,Y,2016,,Versoix,house,all,all,0,28.0,CHF_per_object,6644,1313000.0,1484000.0,1850000.0
T_05_05_1_3_03,Y,2016,,Veyrier,house,all,all,0,63.0,CHF_per_object,6645,1360000.0,1600000.0,1920000.0
T_05_05_1_3_03,Y,2016,,Autres communes du Sud du canton (2),house,all,all,0,62.0,CHF_per_object,,1300000.0,1574000.0,1890000.0
T_05_05_1_3_03,Y,2016,,Autres communes du Nord du canton / rive droite du lac (3),house,all,all,0,33.0,CHF_per_object,,1180000.0,1398000.0,1769000.0
T_05_05_1_3_03,Y,2016,,Autres communes de la rive gauche du lac (4),house,all,all,0,34.0,CHF_per_object,,1450000.0,1850000.0,2800000.0
T_05_05_1_3_03,Y,2016,,Autres communes de l'Est du canton (5),house,all,all,0,39.0,CHF_per_object,,1280000.0,1489000.0,1915000.0
T_05_05_1_3_03,Y,2016,,Autres communes de l'Ouest du canton (6),house,all,all,0,40.0,CHF_per_object,,1165000.0,1393000.0,1615000.0
T_05_05_1_3_03,Y,2016,,Canton,house,all,all,0,730.0,CHF_per_object,0000,1300000.0,1570000.0,2150000.0
T_05_05_1_3_03,Y,2015,,Bernex,house,all,all,0,26.0,CHF_per_object,6607,1300000.0,1475000.0,1650000.0
T_05_05_1_3_03,Y,2015,,Chêne-Bougeries,house,all,all,0,48.0,CHF_per_object,6612,1570000.0,2273000.0,4303000.0
T_05_05_1_3_03,Y,2015,,Collonge-Bellerive,house,all,all,0,57.0,CHF_per_object,6616,2100000.0,2490000.0,3217000.0
T_05_05_1_3_03,Y,2015,,Cologny,house,all,all,0,16.0,CHF_per_object,6617,2440000.0,3300000.0,9372000.0
T_05_05_1_3_03,Y,2015,,Genève,house,all,all,0,11.0,CHF_per_object,6621,1750000.0,2200000.0,3154000.0
T_05_05_1_3_03,Y,2015,,Grand-Saconnex,house,all,all,0,25.0,CHF_per_object,6623,1305000.0,1413000.0,1850000.0
T_05_05_1_3_03,Y,2015,,Lancy,house,all,all,0,25.0,CHF_per_object,6628,1290000.0,1575000.0,1770000.0
T_05_05_1_3_03,Y,2015,,Meyrin,house,all,all,0,30.0,CHF_per_object,6630,930000.0,1279000.0,1357000.0
T_05_05_1_3_03,Y,2015,,Plan-les-Ouates,house,all,all,0,39.0,CHF_per_object,6633,1303000.0,1485000.0,1725000.0
T_05_05_1_3_03,Y,2015,,Pregny-Chambésy,house,all,all,0,16.0,CHF_per_object,6634,1385000.0,1494000.0,2093000.0
T_05_05_1_3_03,Y,2015,,Thônex,house,all,all,0,33.0,CHF_per_object,6640,1250000.0,1550000.0,1950000.0
T_05_05_1_3_03,Y,2015,,Vandoeuvres,house,all,all,0,16.0,CHF_per_object,6642,1140000.0,1963000.0,3627000.0
T_05_05_1_3_03,Y,2015,,Vernier,house,all,all,0,38.0,CHF_per_object,6643,762000.0,1260000.0,1700000.0
T_05_05_1_3_03,Y,2015,,Versoix,house,all,all,0,30.0,CHF_per_object,6644,1300000.0,1451000.0,2000000.0
T_05_05_1_3_03,Y,2015,,Veyrier,house,all,all,0,74.0,CHF_per_object,6645,1370000.0,1530000.0,1850000.0
T_05_05_1_3_03,Y,2015,,Autres communes du Sud du canton (2),house,all,all,0,54.0,CHF_per_object,,1390000.0,1667000.0,2000000.0
T_05_05_1_3_03,Y,2015,,Autres communes du Nord du canton / rive droite du lac (3),house,all,all,0,31.0,CHF_per_object,,1180000.0,1400000.0,1698000.0
T_05_05_1_3_03,Y,2015,,Autres communes de la rive gauche du lac (4),house,all,all,0,19.0,CHF_per_object,,1640000.0,1800000.0,2400000.0
T_05_05_1_3_03,Y,2015,,Autres communes de l'Est du canton (5),house,all,all,0,34.0,CHF_per_object,,1345000.0,1598000.0,2100000.0
T_05_05_1_3_03,Y,2015,,Autres communes de l'Ouest du canton (6),house,all,all,0,43.0,CHF_per_object,,1000000.0,1230000.0,1545000.0
T_05_05_1_3_03,Y,2015,,Canton,house,all,all,0,665.0,CHF_per_object,0000,1300000.0,1570000.0,2140000.0
T_05_05_1_3_03,Y,2014,,Bernex,house,all,all,0,16.0,CHF_per_object,6607,1369000.0,1465000.0,1595000.0
T_05_05_1_3_03,Y,2014,,Chêne-Bougeries,house,all,all,0,32.0,CHF_per_object,6612,1698000.0,2225000.0,5010000.0
T_05_05_1_3_03,Y,2014,,Collonge-Bellerive,house,all,all,0,40.0,CHF_per_object,6616,1705000.0,2370000.0,2950000.0
T_05_05_1_3_03,Y,2014,,Cologny,house,all,all,0,20.0,CHF_per_object,6617,3675000.0,7875000.0,14575000.0
T_05_05_1_3_03,Y,2014,,Genève,house,all,all,0,22.0,CHF_per_object,6621,1350000.0,2238000.0,3450000.0
T_05_05_1_3_03,Y,2014,,Grand-Saconnex,house,all,all,0,22.0,CHF_per_object,6623,1400000.0,1513000.0,1750000.0
T_05_05_1_3_03,Y,2014,,Lancy,house,all,all,0,27.0,CHF_per_object,6628,1245000.0,1495000.0,2306000.0
T_05_05_1_3_03,Y,2014,,Meyrin,house,all,all,0,16.0,CHF_per_object,6630,1275000.0,1520000.0,1717000.0
T_05_05_1_3_03,Y,2014,,Plan-les-Ouates,house,all,all,0,25.0,CHF_per_object,6633,1288000.0,1334000.0,1535000.0
T_05_05_1_3_03,Y,2014,,Pregny-Chambésy,house,all,all,0,11.0,CHF_per_object,6634,1431000.0,1580000.0,2300000.0
T_05_05_1_3_03,Y,2014,,Thônex,house,all,all,0,27.0,CHF_per_object,6640,1300000.0,1590000.0,1800000.0
T_05_05_1_3_03,Y,2014,,Vandoeuvres,house,all,all,0,17.0,CHF_per_object,6642,2490000.0,2610000.0,4454000.0
T_05_05_1_3_03,Y,2014,,Vernier,house,all,all,0,42.0,CHF_per_object,6643,1010000.0,1327000.0,1540000.0
T_05_05_1_3_03,Y,2014,,Versoix,house,all,all,0,26.0,CHF_per_object,6644,1265000.0,1323000.0,1888000.0
T_05_05_1_3_03,Y,2014,,Veyrier,house,all,all,0,49.0,CHF_per_object,6645,1600000.0,1830000.0,2040000.0
T_05_05_1_3_03,Y,2014,,Autres communes du Sud du canton (2),house,all,all,0,33.0,CHF_per_object,,1300000.0,1700000.0,2050000.0
T_05_05_1_3_03,Y,2014,,Autres communes du Nord du canton / rive droite du lac (3),house,all,all,0,26.0,CHF_per_object,,1000000.0,1473000.0,2500000.0
T_05_05_1_3_03,Y,2014,,Autres communes de la rive gauche du lac (4),house,all,all,0,32.0,CHF_per_object,,1535000.0,1731000.0,2837000.0
T_05_05_1_3_03,Y,2014,,Autres communes de l'Est du canton (5),house,all,all,0,20.0,CHF_per_object,,1488000.0,1695000.0,2110000.0
T_05_05_1_3_03,Y,2014,,Autres communes de l'Ouest du canton (6),house,all,all,0,23.0,CHF_per_object,,750000.0,1360000.0,1591000.0
T_05_05_1_3_03,Y,2014,,Canton,house,all,all,0,526.0,CHF_per_object,0000,1334000.0,1650000.0,2350000.0
T_05_05_1_3_03,Y,2013,,Bernex,house,all,all,0,25.0,CHF_per_object,6607,1390000.0,1505000.0,1700000.0
T_05_05_1_3_03,Y,2013,,Chêne-Bougeries,house,all,all,0,34.0,CHF_per_object,6612,2200000.0,2790000.0,3600000.0
T_05_05_1_3_03,Y,2013,,Collonge-Bellerive,house,all,all,0,43.0,CHF_per_object,6616,2202000.0,2575000.0,3500000.0
T_05_05_1_3_03,Y,2013,,Cologny,house,all,all,0,13.0,CHF_per_object,6617,3900000.0,7300000.0,10028000.0
T_05_05_1_3_03,Y,2013,,Genève,house,all,all,0,9.0,CHF_per_object,6621,,,
T_05_05_1_3_03,Y,2013,,Grand-Saconnex,house,all,all,0,9.0,CHF_per_object,6623,,,
T_05_05_1_3_03,Y,2013,,Lancy,house,all,all,0,21.0,CHF_per_object,6628,1160000.0,1530000.0,1990000.0
T_05_05_1_3_03,Y,2013,,Meyrin,house,all,all,0,26.0,CHF_per_object,6630,1010000.0,1299000.0,1560000.0
T_05_05_1_3_03,Y,2013,,Plan-les-Ouates,house,all,all,0,16.0,CHF_per_object,6633,1371000.0,1627000.0,1875000.0
T_05_05_1_3_03,Y,2013,,Pregny-Chambésy,house,all,all,0,17.0,CHF_per_object,6634,1400000.0,1600000.0,2400000.0
T_05_05_1_3_03,Y,2013,,Thônex,house,all,all,0,27.0,CHF_per_object,6640,1300000.0,1500000.0,2100000.0
T_05_05_1_3_03,Y,2013,,Vandoeuvres,house,all,all,0,17.0,CHF_per_object,6642,2100000.0,2800000.0,5300000.0
T_05_05_1_3_03,Y,2013,,Vernier,house,all,all,0,27.0,CHF_per_object,6643,900000.0,1325000.0,1500000.0
T_05_05_1_3_03,Y,2013,,Versoix,house,all,all,0,27.0,CHF_per_object,6644,1300000.0,1480000.0,1800000.0
T_05_05_1_3_03,Y,2013,,Veyrier,house,all,all,0,33.0,CHF_per_object,6645,1442000.0,1950000.0,2416000.0
T_05_05_1_3_03,Y,2013,,Autres communes du Sud du canton (2),house,all,all,0,56.0,CHF_per_object,,1496000.0,1725000.0,1988000.0
T_05_05_1_3_03,Y,2013,,Autres communes du Nord du canton / rive droite du lac (3),house,all,all,0,25.0,CHF_per_object,,1200000.0,1450000.0,1660000.0
T_05_05_1_3_03,Y,2013,,Autres communes de la rive gauche du lac (4),house,all,all,0,30.0,CHF_per_object,,1125000.0,1903000.0,2990000.0
T_05_05_1_3_03,Y,2013,,Autres communes de l'Est du canton (5),house,all,all,0,18.0,CHF_per_object,,1500000.0,1730000.0,1890000.0
T_05_05_1_3_03,Y,2013,,Autres communes de l'Ouest du canton (6),house,all,all,0,35.0,CHF_per_object,,1000000.0,1380000.0,1600000.0
T_05_05_1_3_03,Y,2013,,Canton,house,all,all,0,508.0,CHF_per_object,0000,1338000.0,1663000.0,2400000.0
T_05_05_1_3_03,Y,2012,,Bernex,house,all,all,0,15.0,CHF_per_object,6607,1210000.0,1781000.0,1900000.0
T_05_05_1_3_03,Y,2012,,Chêne-Bougeries,house,all,all,0,19.0,CHF_per_object,6612,1806000.0,2500000.0,3800000.0
T_05_05_1_3_03,Y,2012,,Collonge-Bellerive,house,all,all,0,35.0,CHF_per_object,6616,2650000.0,3610000.0,5570000.0
T_05_05_1_3_03,Y,2012,,Cologny,house,all,all,0,19.0,CHF_per_object,6617,4002000.0,7000000.0,11300000.0
T_05_05_1_3_03,Y,2012,,Genève,house,all,all,0,8.0,CHF_per_object,6621,,,
T_05_05_1_3_03,Y,2012,,Grand-Saconnex,house,all,all,0,8.0,CHF_per_object,6623,,,
T_05_05_1_3_03,Y,2012,,Lancy,house,all,all,0,21.0,CHF_per_object,6628,1550000.0,1700000.0,2150000.0
T_05_05_1_3_03,Y,2012,,Meyrin,house,all,all,0,7.0,CHF_per_object,6630,,,
T_05_05_1_3_03,Y,2012,,Plan-les-Ouates,house,all,all,0,15.0,CHF_per_object,6633,800000.0,1600000.0,1750000.0
T_05_05_1_3_03,Y,2012,,Pregny-Chambésy,house,all,all,0,10.0,CHF_per_object,6634,1350000.0,1671000.0,3900000.0
T_05_05_1_3_03,Y,2012,,Thônex,house,all,all,0,20.0,CHF_per_object,6640,1640000.0,1953000.0,2245000.0
T_05_05_1_3_03,Y,2012,,Vandoeuvres,house,all,all,0,13.0,CHF_per_object,6642,3200000.0,3500000.0,4929000.0
T_05_05_1_3_03,Y,2012,,Vernier,house,all,all,0,44.0,CHF_per_object,6643,660000.0,1214000.0,1510000.0
T_05_05_1_3_03,Y,2012,,Versoix,house,all,all,0,23.0,CHF_per_object,6644,1300000.0,1500000.0,2500000.0
T_05_05_1_3_03,Y,2012,,Veyrier,house,all,all,0,29.0,CHF_per_object,6645,1703000.0,2050000.0,3000000.0
T_05_05_1_3_03,Y,2012,,Autres communes du Sud du canton (2),house,all,all,0,59.0,CHF_per_object,,1390000.0,1770000.0,2128000.0
T_05_05_1_3_03,Y,2012,,Autres communes du Nord du canton / rive droite du lac (3),house,all,all,0,35.0,CHF_per_object,,1402000.0,1570000.0,1950000.0
T_05_05_1_3_03,Y,2012,,Autres communes de la rive gauche du lac (4),house,all,all,0,19.0,CHF_per_object,,1950000.0,2858000.0,5100000.0
T_05_05_1_3_03,Y,2012,,Autres communes de l'Est du canton (5),house,all,all,0,23.0,CHF_per_object,,1440000.0,1750000.0,2520000.0
T_05_05_1_3_03,Y,2012,,Autres communes de l'Ouest du canton (6),house,all,all,0,24.0,CHF_per_object,,1170000.0,1485000.0,1750000.0
T_05_05_1_3_03,Y,2012,,Canton,house,all,all,0,446.0,CHF_per_object,0000,1402000.0,1800000.0,2650000.0
T_05_05_1_3_03,Y,2011,,Bernex,house,all,all,0,14.0,CHF_per_object,6607,1100000.0,1465000.0,1750000.0
T_05_05_1_3_03,Y,2011,,Chêne-Bougeries,house,all,all,0,42.0,CHF_per_object,6612,2500000.0,3715000.0,5639000.0
T_05_05_1_3_03,Y,2011,,Collonge-Bellerive,house,all,all,0,52.0,CHF_per_object,6616,1865000.0,2275000.0,3724000.0
T_05_05_1_3_03,Y,2011,,Cologny,house,all,all,0,17.0,CHF_per_object,6617,6500000.0,10500000.0,17100000.0
T_05_05_1_3_03,Y,2011,,Genève,house,all,all,0,13.0,CHF_per_object,6621,1351000.0,1701000.0,2035000.0
T_05_05_1_3_03,Y,2011,,Grand-Saconnex,house,all,all,0,5.0,CHF_per_object,6623,,,
T_05_05_1_3_03,Y,2011,,Lancy,house,all,all,0,38.0,CHF_per_object,6628,1450000.0,1793000.0,1975000.0
T_05_05_1_3_03,Y,2011,,Meyrin,house,all,all,0,20.0,CHF_per_object,6630,1082000.0,1261000.0,1700000.0
T_05_05_1_3_03,Y,2011,,Plan-les-Ouates,house,all,all,0,31.0,CHF_per_object,6633,1300000.0,1500000.0,1695000.0
T_05_05_1_3_03,Y,2011,,Pregny-Chambésy,house,all,all,0,17.0,CHF_per_object,6634,1150000.0,1550000.0,2120000.0
T_05_05_1_3_03,Y,2011,,Thônex,house,all,all,0,33.0,CHF_per_object,6640,1550000.0,1750000.0,2000000.0
T_05_05_1_3_03,Y,2011,,Vandoeuvres,house,all,all,0,18.0,CHF_per_object,6642,2100000.0,2825000.0,6700000.0
T_05_05_1_3_03,Y,2011,,Vernier,house,all,all,0,33.0,CHF_per_object,6643,945000.0,1319000.0,1580000.0
T_05_05_1_3_03,Y,2011,,Versoix,house,all,all,0,15.0,CHF_per_object,6644,1284000.0,1980000.0,2418000.0
T_05_05_1_3_03,Y,2011,,Veyrier,house,all,all,0,58.0,CHF_per_object,6645,1590000.0,1813000.0,2485000.0
T_05_05_1_3_03,Y,2011,,Autres communes du Sud du canton (2),house,all,all,0,43.0,CHF_per_object,,1350000.0,1590000.0,1790000.0
T_05_05_1_3_03,Y,2011,,Autres communes du Nord du canton / rive droite du lac (3),house,all,all,0,42.0,CHF_per_object,,1149000.0,1458000.0,1700000.0
T_05_05_1_3_03,Y,2011,,Autres communes de la rive gauche du lac (4),house,all,all,0,28.0,CHF_per_object,,1925000.0,2480000.0,3150000.0
T_05_05_1_3_03,Y,2011,,Autres communes de l'Est du canton (5),house,all,all,0,25.0,CHF_per_object,,1300000.0,1680000.0,2200000.0
T_05_05_1_3_03,Y,2011,,Autres communes de l'Ouest du canton (6),house,all,all,0,58.0,CHF_per_object,,715000.0,772000.0,880000.0
T_05_05_1_3_03,Y,2011,,Canton,house,all,all,0,602.0,CHF_per_object,0000,1300000.0,1703000.0,2449000.0
T_05_05_1_3_03,Y,2010,,Bernex,house,all,all,0,17.0,CHF_per_object,6607,720000.0,1270000.0,1570000.0
T_05_05_1_3_03,Y,2010,,Chêne-Bougeries,house,all,all,0,22.0,CHF_per_object,6612,1640000.0,2767000.0,4300000.0
T_05_05_1_3_03,Y,2010,,Collonge-Bellerive,house,all,all,0,60.0,CHF_per_object,6616,1851000.0,2413000.0,3450000.0
T_05_05_1_3_03,Y,2010,,Cologny,house,all,all,0,17.0,CHF_per_object,6617,3550000.0,6200000.0,8000000.0
T_05_05_1_3_03,Y,2010,,Genève,house,all,all,0,14.0,CHF_per_object,6621,815000.0,1214000.0,2300000.0
T_05_05_1_3_03,Y,2010,,Grand-Saconnex,house,all,all,0,13.0,CHF_per_object,6623,1425000.0,1535000.0,1770000.0
T_05_05_1_3_03,Y,2010,,Lancy,house,all,all,0,27.0,CHF_per_object,6628,1225000.0,1530000.0,1892000.0
T_05_05_1_3_03,Y,2010,,Meyrin,house,all,all,0,9.0,CHF_per_object,6630,,,
T_05_05_1_3_03,Y,2010,,Plan-les-Ouates,house,all,all,0,19.0,CHF_per_object,6633,950000.0,1405000.0,1650000.0
T_05_05_1_3_03,Y,2010,,Pregny-Chambésy,house,all,all,0,18.0,CHF_per_object,6634,1400000.0,1650000.0,2730000.0
T_05_05_1_3_03,Y,2010,,Thônex,house,all,all,0,28.0,CHF_per_object,6640,1312000.0,1675000.0,1800000.0
T_05_05_1_3_03,Y,2010,,Vandoeuvres,house,all,all,0,21.0,CHF_per_object,6642,2220000.0,3800000.0,6800000.0
T_05_05_1_3_03,Y,2010,,Vernier,house,all,all,0,34.0,CHF_per_object,6643,890000.0,1165000.0,1827000.0
T_05_05_1_3_03,Y,2010,,Versoix,house,all,all,0,20.0,CHF_per_object,6644,1325000.0,1765000.0,2220000.0
T_05_05_1_3_03,Y,2010,,Veyrier,house,all,all,0,53.0,CHF_per_object,6645,1710000.0,2092000.0,2282000.0
T_05_05_1_3_03,Y,2010,,Autres communes du Sud du canton (2),house,all,all,0,42.0,CHF_per_object,,1500000.0,1638000.0,1805000.0
T_05_05_1_3_03,Y,2010,,Autres communes du Nord du canton / rive droite du lac (3),house,all,all,0,34.0,CHF_per_object,,1201000.0,1500000.0,1860000.0
T_05_05_1_3_03,Y,2010,,Autres communes de la rive gauche du lac (4),house,all,all,0,37.0,CHF_per_object,,1750000.0,2930000.0,4700000.0
T_05_05_1_3_03,Y,2010,,Autres communes de l'Est du canton (5),house,all,all,0,31.0,CHF_per_object,,1100000.0,1570000.0,2650000.0
T_05_05_1_3_03,Y,2010,,Autres communes de l'Ouest du canton (6),house,all,all,0,33.0,CHF_per_object,,1050000.0,1250000.0,1500000.0
T_05_05_1_3_03,Y,2010,,Canton,house,all,all,0,549.0,CHF_per_object,0000,1300000.0,1730000.0,2371000.0
T_05_05_1_3_03,Y,2009,,Bernex,house,all,all,0,14.0,CHF_per_object,6607,800000.0,1195000.0,1430000.0
T_05_05_1_3_03,Y,2009,,Chêne-Bougeries,house,all,all,0,26.0,CHF_per_object,6612,1555000.0,2325000.0,4500000.0
T_05_05_1_3_03,Y,2009,,Collonge-Bellerive,house,all,all,0,29.0,CHF_per_object,6616,1400000.0,1775000.0,2250000.0
T_05_05_1_3_03,Y,2009,,Cologny,house,all,all,0,23.0,CHF_per_object,6617,2330000.0,5213000.0,6900000.0
T_05_05_1_3_03,Y,2009,,Genève,house,all,all,0,14.0,CHF_per_object,6621,1250000.0,1882000.0,4000000.0
T_05_05_1_3_03,Y,2009,,Grand-Saconnex,house,all,all,0,13.0,CHF_per_object,6623,768000.0,954000.0,1545000.0
T_05_05_1_3_03,Y,2009,,Lancy,house,all,all,0,27.0,CHF_per_object,6628,1200000.0,1600000.0,2000000.0
T_05_05_1_3_03,Y,2009,,Meyrin,house,all,all,0,17.0,CHF_per_object,6630,1084000.0,1250000.0,1350000.0
T_05_05_1_3_03,Y,2009,,Plan-les-Ouates,house,all,all,0,31.0,CHF_per_object,6633,1050000.0,1200000.0,1429000.0
T_05_05_1_3_03,Y,2009,,Pregny-Chambésy,house,all,all,0,12.0,CHF_per_object,6634,1239000.0,1765000.0,2550000.0
T_05_05_1_3_03,Y,2009,,Thônex,house,all,all,0,52.0,CHF_per_object,6640,1150000.0,1399000.0,1825000.0
T_05_05_1_3_03,Y,2009,,Vandoeuvres,house,all,all,0,14.0,CHF_per_object,6642,1750000.0,2617000.0,3900000.0
T_05_05_1_3_03,Y,2009,,Vernier,house,all,all,0,16.0,CHF_per_object,6643,670000.0,1031000.0,1751000.0
T_05_05_1_3_03,Y,2009,,Versoix,house,all,all,0,16.0,CHF_per_object,6644,775000.0,1425000.0,2075000.0
T_05_05_1_3_03,Y,2009,,Veyrier,house,all,all,0,43.0,CHF_per_object,6645,1320000.0,1505000.0,2000000.0
T_05_05_1_3_03,Y,2009,,Autres communes du Sud du canton (2),house,all,all,0,41.0,CHF_per_object,,1130000.0,1350000.0,1710000.0
T_05_05_1_3_03,Y,2009,,Autres communes du Nord du canton / rive droite du lac (3),house,all,all,0,33.0,CHF_per_object,,1105000.0,1240000.0,1710000.0
T_05_05_1_3_03,Y,2009,,Autres communes de la rive gauche du lac (4),house,all,all,0,36.0,CHF_per_object,,1339000.0,1844000.0,3283000.0
T_05_05_1_3_03,Y,2009,,Autres communes de l'Est du canton (5),house,all,all,0,18.0,CHF_per_object,,1150000.0,1429000.0,2900000.0
T_05_05_1_3_03,Y,2009,,Autres communes de l'Ouest du canton (6),house,all,all,0,24.0,CHF_per_object,,1110000.0,1324000.0,1465000.0
T_05_05_1_3_03,Y,2009,,Canton,house,all,all,0,499.0,CHF_per_object,0000,1150000.0,1460000.0,2165000.0
T_05_05_1_3_03,Y,2008,,Bernex,house,all,all,0,20.0,CHF_per_object,6607,1080000.0,1253000.0,1595000.0
T_05_05_1_3_03,Y,2008,,Chêne-Bougeries,house,all,all,0,19.0,CHF_per_object,6612,1650000.0,2575000.0,3507000.0
T_05_05_1_3_03,Y,2008,,Collonge-Bellerive,house,all,all,0,48.0,CHF_per_object,6616,1393000.0,1844000.0,2543000.0
T_05_05_1_3_03,Y,2008,,Cologny,house,all,all,0,18.0,CHF_per_object,6617,4600000.0,6261000.0,8650000.0
T_05_05_1_3_03,Y,2008,,Genève,house,all,all,0,21.0,CHF_per_object,6621,1220000.0,1900000.0,2500000.0
T_05_05_1_3_03,Y,2008,,Grand-Saconnex,house,all,all,0,12.0,CHF_per_object,6623,827000.0,1168000.0,1538000.0
T_05_05_1_3_03,Y,2008,,Lancy,house,all,all,0,27.0,CHF_per_object,6628,920000.0,1110000.0,1380000.0
T_05_05_1_3_03,Y,2008,,Meyrin,house,all,all,0,11.0,CHF_per_object,6630,1020000.0,1050000.0,1400000.0
T_05_05_1_3_03,Y,2008,,Plan-les-Ouates,house,all,all,0,23.0,CHF_per_object,6633,1000000.0,1250000.0,1550000.0
T_05_05_1_3_03,Y,2008,,Pregny-Chambésy,house,all,all,0,14.0,CHF_per_object,6634,1925000.0,2205000.0,2900000.0
T_05_05_1_3_03,Y,2008,,Thônex,house,all,all,0,44.0,CHF_per_object,6640,1000000.0,1275000.0,1885000.0
T_05_05_1_3_03,Y,2008,,Vandoeuvres,house,all,all,0,20.0,CHF_per_object,6642,2205000.0,4031000.0,11670000.0
T_05_05_1_3_03,Y,2008,,Vernier,house,all,all,0,31.0,CHF_per_object,6643,500000.0,930000.0,1070000.0
T_05_05_1_3_03,Y,2008,,Versoix,house,all,all,0,16.0,CHF_per_object,6644,1165000.0,1395000.0,1686000.0
T_05_05_1_3_03,Y,2008,,Veyrier,house,all,all,0,58.0,CHF_per_object,6645,1123000.0,1410000.0,1749000.0
T_05_05_1_3_03,Y,2008,,Autres communes du Sud du canton (2),house,all,all,0,60.0,CHF_per_object,,930000.0,1250000.0,1695000.0
T_05_05_1_3_03,Y,2008,,Autres communes du Nord du canton / rive droite du lac (3),house,all,all,0,32.0,CHF_per_object,,973000.0,1205000.0,1510000.0
T_05_05_1_3_03,Y,2008,,Autres communes de la rive gauche du lac (4),house,all,all,0,27.0,CHF_per_object,,1538000.0,2450000.0,5906000.0
T_05_05_1_3_03,Y,2008,,Autres communes de l'Est du canton (5),house,all,all,0,21.0,CHF_per_object,,1280000.0,1650000.0,1960000.0
T_05_05_1_3_03,Y,2008,,Autres communes de l'Ouest du canton (6),house,all,all,0,24.0,CHF_per_object,,815000.0,1283000.0,1523000.0
T_05_05_1_3_03,Y,2008,,Canton,house,all,all,0,546.0,CHF_per_object,0000,1050000.0,1400000.0,2105000.0
T_05_05_1_3_03,Y,2007,,Bernex,house,all,all,0,19.0,CHF_per_object,6607,600000.0,1011000.0,1200000.0
T_05_05_1_3_03,Y,2007,,Chêne-Bougeries,house,all,all,0,42.0,CHF_per_object,6612,1630000.0,2225000.0,3300000.0
T_05_05_1_3_03,Y,2007,,Collonge-Bellerive,house,all,all,0,50.0,CHF_per_object,6616,1288000.0,1796000.0,2260000.0
T_05_05_1_3_03,Y,2007,,Cologny,house,all,all,0,20.0,CHF_per_object,6617,2007000.0,3869000.0,9125000.0
T_05_05_1_3_03,Y,2007,,Genève,house,all,all,0,49.0,CHF_per_object,6621,1271000.0,1992000.0,2995000.0
T_05_05_1_3_03,Y,2007,,Grand-Saconnex,house,all,all,0,23.0,CHF_per_object,6623,856000.0,1020000.0,1880000.0
T_05_05_1_3_03,Y,2007,,Lancy,house,all,all,0,45.0,CHF_per_object,6628,875000.0,1239000.0,1580000.0
T_05_05_1_3_03,Y,2007,,Meyrin,house,all,all,0,19.0,CHF_per_object,6630,752000.0,1000000.0,1600000.0
T_05_05_1_3_03,Y,2007,,Plan-les-Ouates,house,all,all,0,32.0,CHF_per_object,6633,898000.0,1146000.0,1410000.0
T_05_05_1_3_03,Y,2007,,Pregny-Chambésy,house,all,all,0,14.0,CHF_per_object,6634,1020000.0,1654000.0,2435000.0
T_05_05_1_3_03,Y,2007,,Thônex,house,all,all,0,52.0,CHF_per_object,6640,1175000.0,1405000.0,1701000.0
T_05_05_1_3_03,Y,2007,,Vandoeuvres,house,all,all,0,23.0,CHF_per_object,6642,1629000.0,2200000.0,3800000.0
T_05_05_1_3_03,Y,2007,,Vernier,house,all,all,0,63.0,CHF_per_object,6643,920000.0,950000.0,1192000.0
T_05_05_1_3_03,Y,2007,,Versoix,house,all,all,0,27.0,CHF_per_object,6644,1100000.0,1355000.0,1650000.0
T_05_05_1_3_03,Y,2007,,Veyrier,house,all,all,0,37.0,CHF_per_object,6645,1050000.0,1350000.0,1656000.0
T_05_05_1_3_03,Y,2007,,Autres communes du Sud du canton (2),house,all,all,0,51.0,CHF_per_object,,1070000.0,1556000.0,2300000.0
T_05_05_1_3_03,Y,2007,,Autres communes du Nord du canton / rive droite du lac (3),house,all,all,0,38.0,CHF_per_object,,1040000.0,1175000.0,1645000.0
T_05_05_1_3_03,Y,2007,,Autres communes de la rive gauche du lac (4),house,all,all,0,30.0,CHF_per_object,,856000.0,1350000.0,2900000.0
T_05_05_1_3_03,Y,2007,,Autres communes de l'Est du canton (5),house,all,all,0,24.0,CHF_per_object,,1080000.0,1595000.0,1950000.0
T_05_05_1_3_03,Y,2007,,Autres communes de l'Ouest du canton (6),house,all,all,0,42.0,CHF_per_object,,870000.0,1150000.0,1500000.0
T_05_05_1_3_03,Y,2007,,Canton,house,all,all,0,700.0,CHF_per_object,0000,988000.0,1360000.0,1960000.0
T_05_05_1_3_03,Y,2006,,Bernex,house,all,all,0,35.0,CHF_per_object,6607,890000.0,1050000.0,1600000.0
T_05_05_1_3_03,Y,2006,,Chêne-Bougeries,house,all,all,0,29.0,CHF_per_object,6612,1350000.0,1850000.0,2850000.0
T_05_05_1_3_03,Y,2006,,Collonge-Bellerive,house,all,all,0,55.0,CHF_per_object,6616,1150000.0,1640000.0,2200000.0
T_05_05_1_3_03,Y,2006,,Cologny,house,all,all,0,20.0,CHF_per_object,6617,3343000.0,6500000.0,9190000.0
T_05_05_1_3_03,Y,2006,,Genève,house,all,all,0,21.0,CHF_per_object,6621,900000.0,2012000.0,2600000.0
T_05_05_1_3_03,Y,2006,,Grand-Saconnex,house,all,all,0,22.0,CHF_per_object,6623,995000.0,1163000.0,1450000.0
T_05_05_1_3_03,Y,2006,,Lancy,house,all,all,0,32.0,CHF_per_object,6628,865000.0,1050000.0,1505000.0
T_05_05_1_3_03,Y,2006,,Meyrin,house,all,all,0,15.0,CHF_per_object,6630,800000.0,900000.0,1350000.0
T_05_05_1_3_03,Y,2006,,Plan-les-Ouates,house,all,all,0,40.0,CHF_per_object,6633,925000.0,1087000.0,1270000.0
T_05_05_1_3_03,Y,2006,,Pregny-Chambésy,house,all,all,0,30.0,CHF_per_object,6634,900000.0,1270000.0,1750000.0
T_05_05_1_3_03,Y,2006,,Thônex,house,all,all,0,29.0,CHF_per_object,6640,1030000.0,1390000.0,1510000.0
T_05_05_1_3_03,Y,2006,,Vandoeuvres,house,all,all,0,18.0,CHF_per_object,6642,1126000.0,3425000.0,5000000.0
T_05_05_1_3_03,Y,2006,,Vernier,house,all,all,0,58.0,CHF_per_object,6643,827000.0,888000.0,1000000.0
T_05_05_1_3_03,Y,2006,,Versoix,house,all,all,0,20.0,CHF_per_object,6644,919000.0,1225000.0,2123000.0
T_05_05_1_3_03,Y,2006,,Veyrier,house,all,all,0,46.0,CHF_per_object,6645,1230000.0,1400000.0,1967000.0
T_05_05_1_3_03,Y,2006,,Autres communes du Sud du canton (2),house,all,all,0,42.0,CHF_per_object,,870000.0,1218000.0,1650000.0
T_05_05_1_3_03,Y,2006,,Autres communes du Nord du canton / rive droite du lac (3),house,all,all,0,51.0,CHF_per_object,,795000.0,890000.0,1180000.0
T_05_05_1_3_03,Y,2006,,Autres communes de la rive gauche du lac (4),house,all,all,0,43.0,CHF_per_object,,1200000.0,1483000.0,2550000.0
T_05_05_1_3_03,Y,2006,,Autres communes de l'Est du canton (5),house,all,all,0,26.0,CHF_per_object,,1020000.0,1380000.0,2390000.0
T_05_05_1_3_03,Y,2006,,Autres communes de l'Ouest du canton (6),house,all,all,0,28.0,CHF_per_object,,677000.0,953000.0,1379000.0
T_05_05_1_3_03,Y,2006,,Canton,house,all,all,0,660.0,CHF_per_object,0000,897000.0,1224000.0,1837000.0
T_05_05_1_3_03,Y,2005,,Bernex,house,all,all,0,8.0,CHF_per_object,6607,,,
T_05_05_1_3_03,Y,2005,,Chêne-Bougeries,house,all,all,0,32.0,CHF_per_object,6612,1251000.0,1479000.0,3125000.0
T_05_05_1_3_03,Y,2005,,Collonge-Bellerive,house,all,all,0,56.0,CHF_per_object,6616,932000.0,1638000.0,2338000.0
T_05_05_1_3_03,Y,2005,,Cologny,house,all,all,0,27.0,CHF_per_object,6617,2000000.0,3241000.0,6200000.0
T_05_05_1_3_03,Y,2005,,Genève,house,all,all,0,17.0,CHF_per_object,6621,950000.0,2225000.0,3000000.0
T_05_05_1_3_03,Y,2005,,Grand-Saconnex,house,all,all,0,26.0,CHF_per_object,6623,750000.0,888000.0,1670000.0
T_05_05_1_3_03,Y,2005,,Lancy,house,all,all,0,33.0,CHF_per_object,6628,725000.0,920000.0,1211000.0
T_05_05_1_3_03,Y,2005,,Meyrin,house,all,all,0,15.0,CHF_per_object,6630,620000.0,870000.0,1090000.0
T_05_05_1_3_03,Y,2005,,Plan-les-Ouates,house,all,all,0,33.0,CHF_per_object,6633,880000.0,970000.0,1250000.0
T_05_05_1_3_03,Y,2005,,Pregny-Chambésy,house,all,all,0,25.0,CHF_per_object,6634,971000.0,1200000.0,1700000.0
T_05_05_1_3_03,Y,2005,,Thônex,house,all,all,0,31.0,CHF_per_object,6640,780000.0,1250000.0,1790000.0
T_05_05_1_3_03,Y,2005,,Vandoeuvres,house,all,all,0,18.0,CHF_per_object,6642,1000000.0,1500000.0,2900000.0
T_05_05_1_3_03,Y,2005,,Vernier,house,all,all,0,77.0,CHF_per_object,6643,810000.0,850000.0,899000.0
T_05_05_1_3_03,Y,2005,,Versoix,house,all,all,0,18.0,CHF_per_object,6644,683000.0,1260000.0,1740000.0
T_05_05_1_3_03,Y,2005,,Veyrier,house,all,all,0,54.0,CHF_per_object,6645,900000.0,1204000.0,1570000.0
T_05_05_1_3_03,Y,2005,,Autres communes du Sud du canton (2),house,all,all,0,33.0,CHF_per_object,,950000.0,1061000.0,1375000.0
T_05_05_1_3_03,Y,2005,,Autres communes du Nord du canton / rive droite du lac (3),house,all,all,0,44.0,CHF_per_object,,848000.0,1160000.0,1555000.0
T_05_05_1_3_03,Y,2005,,Autres communes de la rive gauche du lac (4),house,all,all,0,41.0,CHF_per_object,,970000.0,1525000.0,2000000.0
T_05_05_1_3_03,Y,2005,,Autres communes de l'Est du canton (5),house,all,all,0,35.0,CHF_per_object,,830000.0,1140000.0,1700000.0
T_05_05_1_3_03,Y,2005,,Autres communes de l'Ouest du canton (6),house,all,all,0,75.0,CHF_per_object,,600000.0,700000.0,995000.0
T_05_05_1_3_03,Y,2005,,Canton,house,all,all,0,698.0,CHF_per_object,0000,820000.0,1013000.0,1618000.0
T_05_05_1_3_03,Y,2004,,Bernex,house,all,all,0,22.0,CHF_per_object,6607,835000.0,1140000.0,1290000.0
T_05_05_1_3_03,Y,2004,,Chêne-Bougeries,house,all,all,0,41.0,CHF_per_object,6612,1120000.0,1660000.0,2329000.0
T_05_05_1_3_03,Y,2004,,Collonge-Bellerive,house,all,all,0,48.0,CHF_per_object,6616,1061000.0,1370000.0,2463000.0
T_05_05_1_3_03,Y,2004,,Cologny,house,all,all,0,27.0,CHF_per_object,6617,1800000.0,3600000.0,5300000.0
T_05_05_1_3_03,Y,2004,,Genève,house,all,all,0,34.0,CHF_per_object,6621,925000.0,1216000.0,1900000.0
T_05_05_1_3_03,Y,2004,,Grand-Saconnex,house,all,all,0,40.0,CHF_per_object,6623,737000.0,856000.0,1116000.0
T_05_05_1_3_03,Y,2004,,Lancy,house,all,all,0,45.0,CHF_per_object,6628,720000.0,880000.0,1100000.0
T_05_05_1_3_03,Y,2004,,Meyrin,house,all,all,0,16.0,CHF_per_object,6630,722000.0,900000.0,1256000.0
T_05_05_1_3_03,Y,2004,,Plan-les-Ouates,house,all,all,0,41.0,CHF_per_object,6633,800000.0,910000.0,980000.0
T_05_05_1_3_03,Y,2004,,Pregny-Chambésy,house,all,all,0,26.0,CHF_per_object,6634,920000.0,1250000.0,1800000.0
T_05_05_1_3_03,Y,2004,,Thônex,house,all,all,0,32.0,CHF_per_object,6640,940000.0,1263000.0,1573000.0
T_05_05_1_3_03,Y,2004,,Vandoeuvres,house,all,all,0,20.0,CHF_per_object,6642,1108000.0,1410000.0,1825000.0
T_05_05_1_3_03,Y,2004,,Vernier,house,all,all,0,54.0,CHF_per_object,6643,710000.0,875000.0,936000.0
T_05_05_1_3_03,Y,2004,,Versoix,house,all,all,0,23.0,CHF_per_object,6644,830000.0,995000.0,1725000.0
T_05_05_1_3_03,Y,2004,,Veyrier,house,all,all,0,45.0,CHF_per_object,6645,850000.0,1150000.0,1346000.0
T_05_05_1_3_03,Y,2004,,Autres communes du Sud du canton (2),house,all,all,0,51.0,CHF_per_object,,850000.0,1000000.0,1340000.0
T_05_05_1_3_03,Y,2004,,Autres communes du Nord du canton / rive droite du lac (3),house,all,all,0,59.0,CHF_per_object,,755000.0,870000.0,1200000.0
T_05_05_1_3_03,Y,2004,,Autres communes de la rive gauche du lac (4),house,all,all,0,28.0,CHF_per_object,,988000.0,1294000.0,1653000.0
T_05_05_1_3_03,Y,2004,,Autres communes de l'Est du canton (5),house,all,all,0,38.0,CHF_per_object,,871000.0,990000.0,1700000.0
T_05_05_1_3_03,Y,2004,,Autres communes de l'Ouest du canton (6),house,all,all,0,36.0,CHF_per_object,,688000.0,853000.0,1150000.0
T_05_05_1_3_03,Y,2004,,Canton,house,all,all,0,726.0,CHF_per_object,0000,825000.0,1013000.0,1450000.0
T_05_05_1_3_03,Y,2003,,Bernex,house,all,all,0,21.0,CHF_per_object,6607,640000.0,750000.0,920000.0
T_05_05_1_3_03,Y,2003,,Chêne-Bougeries,house,all,all,0,55.0,CHF_per_object,6612,945000.0,1310000.0,1750000.0
T_05_05_1_3_03,Y,2003,,Collonge-Bellerive,house,all,all,0,46.0,CHF_per_object,6616,960000.0,1161000.0,1550000.0
T_05_05_1_3_03,Y,2003,,Cologny,house,all,all,0,21.0,CHF_per_object,6617,1710000.0,2780000.0,3900000.0
T_05_05_1_3_03,Y,2003,,Genève,house,all,all,0,24.0,CHF_per_object,6621,780000.0,1495000.0,2075000.0
T_05_05_1_3_03,Y,2003,,Grand-Saconnex,house,all,all,0,24.0,CHF_per_object,6623,590000.0,835000.0,1124000.0
T_05_05_1_3_03,Y,2003,,Lancy,house,all,all,0,21.0,CHF_per_object,6628,720000.0,845000.0,1086000.0
T_05_05_1_3_03,Y,2003,,Meyrin,house,all,all,0,21.0,CHF_per_object,6630,700000.0,758000.0,920000.0
T_05_05_1_3_03,Y,2003,,Plan-les-Ouates,house,all,all,0,34.0,CHF_per_object,6633,800000.0,863000.0,1100000.0
T_05_05_1_3_03,Y,2003,,Pregny-Chambésy,house,all,all,0,20.0,CHF_per_object,6634,705000.0,1033000.0,1410000.0
T_05_05_1_3_03,Y,2003,,Thônex,house,all,all,0,50.0,CHF_per_object,6640,825000.0,1065000.0,1250000.0
T_05_05_1_3_03,Y,2003,,Vandoeuvres,house,all,all,0,20.0,CHF_per_object,6642,1113000.0,1516000.0,2963000.0
T_05_05_1_3_03,Y,2003,,Vernier,house,all,all,0,37.0,CHF_per_object,6643,485000.0,720000.0,895000.0
T_05_05_1_3_03,Y,2003,,Versoix,house,all,all,0,29.0,CHF_per_object,6644,720000.0,897000.0,1150000.0
T_05_05_1_3_03,Y,2003,,Veyrier,house,all,all,0,45.0,CHF_per_object,6645,755000.0,1000000.0,1400000.0
T_05_05_1_3_03,Y,2003,,Autres communes du Sud du canton (2),house,all,all,0,57.0,CHF_per_object,,781000.0,900000.0,1109000.0
T_05_05_1_3_03,Y,2003,,Autres communes du Nord du canton / rive droite du lac (3),house,all,all,0,41.0,CHF_per_object,,687000.0,720000.0,1150000.0
T_05_05_1_3_03,Y,2003,,Autres communes de la rive gauche du lac (4),house,all,all,0,34.0,CHF_per_object,,925000.0,1040000.0,1660000.0
T_05_05_1_3_03,Y,2003,,Autres communes de l'Est du canton (5),house,all,all,0,33.0,CHF_per_object,,630000.0,850000.0,1070000.0
T_05_05_1_3_03,Y,2003,,Autres communes de l'Ouest du canton (6),house,all,all,0,36.0,CHF_per_object,,603000.0,830000.0,945000.0
T_05_05_1_3_03,Y,2003,,Canton,house,all,all,0,669.0,CHF_per_object,0000,735000.0,931000.0,1300000.0
T_05_05_1_3_03,Y,2002,,Bernex,house,all,all,0,17.0,CHF_per_object,6607,750000.0,860000.0,1165000.0
T_05_05_1_3_03,Y,2002,,Chêne-Bougeries,house,all,all,0,30.0,CHF_per_object,6612,880000.0,1315000.0,2100000.0
T_05_05_1_3_03,Y,2002,,Collonge-Bellerive,house,all,all,0,39.0,CHF_per_object,6616,800000.0,1150000.0,1800000.0
T_05_05_1_3_03,Y,2002,,Cologny,house,all,all,0,23.0,CHF_per_object,6617,2950000.0,4500000.0,6150000.0
T_05_05_1_3_03,Y,2002,,Genève,house,all,all,0,26.0,CHF_per_object,6621,600000.0,1200000.0,2700000.0
T_05_05_1_3_03,Y,2002,,Grand-Saconnex,house,all,all,0,25.0,CHF_per_object,6623,575000.0,780000.0,1050000.0
T_05_05_1_3_03,Y,2002,,Lancy,house,all,all,0,14.0,CHF_per_object,6628,735000.0,793000.0,845000.0
T_05_05_1_3_03,Y,2002,,Meyrin,house,all,all,0,11.0,CHF_per_object,6630,465000.0,710000.0,990000.0
T_05_05_1_3_03,Y,2002,,Plan-les-Ouates,house,all,all,0,22.0,CHF_per_object,6633,800000.0,915000.0,1075000.0
T_05_05_1_3_03,Y,2002,,Pregny-Chambésy,house,all,all,0,13.0,CHF_per_object,6634,675000.0,874000.0,1050000.0
T_05_05_1_3_03,Y,2002,,Thônex,house,all,all,0,44.0,CHF_per_object,6640,681000.0,801000.0,1075000.0
T_05_05_1_3_03,Y,2002,,Vandoeuvres,house,all,all,0,19.0,CHF_per_object,6642,888000.0,1275000.0,1470000.0
T_05_05_1_3_03,Y,2002,,Vernier,house,all,all,0,45.0,CHF_per_object,6643,500000.0,650000.0,835000.0
T_05_05_1_3_03,Y,2002,,Versoix,house,all,all,0,25.0,CHF_per_object,6644,724000.0,836000.0,930000.0
T_05_05_1_3_03,Y,2002,,Veyrier,house,all,all,0,46.0,CHF_per_object,6645,900000.0,1101000.0,1400000.0
T_05_05_1_3_03,Y,2002,,Autres communes du Sud du canton (2),house,all,all,0,69.0,CHF_per_object,,690000.0,804000.0,1080000.0
T_05_05_1_3_03,Y,2002,,Autres communes du Nord du canton / rive droite du lac (3),house,all,all,0,40.0,CHF_per_object,,662000.0,785000.0,981000.0
T_05_05_1_3_03,Y,2002,,Autres communes de la rive gauche du lac (4),house,all,all,0,28.0,CHF_per_object,,594000.0,905000.0,1580000.0
T_05_05_1_3_03,Y,2002,,Autres communes de l'Est du canton (5),house,all,all,0,23.0,CHF_per_object,,625000.0,820000.0,1125000.0
T_05_05_1_3_03,Y,2002,,Autres communes de l'Ouest du canton (6),house,all,all,0,64.0,CHF_per_object,,438000.0,700000.0,869000.0
T_05_05_1_3_03,Y,2002,,Canton,house,all,all,0,623.0,CHF_per_object,0000,650000.0,857000.0,1220000.0
T_05_05_1_3_03,Y,2001,,Bernex,house,all,all,0,28.0,CHF_per_object,6607,638000.0,785000.0,897000.0
T_05_05_1_3_03,Y,2001,,Chêne-Bougeries,house,all,all,0,56.0,CHF_per_object,6612,813000.0,982000.0,1475000.0
T_05_05_1_3_03,Y,2001,,Collonge-Bellerive,house,all,all,0,38.0,CHF_per_object,6616,899000.0,1293000.0,1799000.0
T_05_05_1_3_03,Y,2001,,Cologny,house,all,all,0,23.0,CHF_per_object,6617,1640000.0,2680000.0,5390000.0
T_05_05_1_3_03,Y,2001,,Genève,house,all,all,0,29.0,CHF_per_object,6621,590000.0,1055000.0,2850000.0
T_05_05_1_3_03,Y,2001,,Grand-Saconnex,house,all,all,0,35.0,CHF_per_object,6623,620000.0,792000.0,960000.0
T_05_05_1_3_03,Y,2001,,Lancy,house,all,all,0,17.0,CHF_per_object,6628,650000.0,750000.0,875000.0
T_05_05_1_3_03,Y,2001,,Meyrin,house,all,all,0,18.0,CHF_per_object,6630,640000.0,803000.0,850000.0
T_05_05_1_3_03,Y,2001,,Plan-les-Ouates,house,all,all,0,31.0,CHF_per_object,6633,600000.0,735000.0,840000.0
T_05_05_1_3_03,Y,2001,,Pregny-Chambésy,house,all,all,0,20.0,CHF_per_object,6634,750000.0,815000.0,1075000.0
T_05_05_1_3_03,Y,2001,,Thônex,house,all,all,0,46.0,CHF_per_object,6640,675000.0,850000.0,1130000.0
T_05_05_1_3_03,Y,2001,,Vandoeuvres,house,all,all,0,21.0,CHF_per_object,6642,900000.0,990000.0,1209000.0
T_05_05_1_3_03,Y,2001,,Vernier,house,all,all,0,47.0,CHF_per_object,6643,520000.0,615000.0,695000.0
T_05_05_1_3_03,Y,2001,,Versoix,house,all,all,0,23.0,CHF_per_object,6644,580000.0,761000.0,980000.0
T_05_05_1_3_03,Y,2001,,Veyrier,house,all,all,0,65.0,CHF_per_object,6645,735000.0,900000.0,1225000.0
T_05_05_1_3_03,Y,2001,,Autres communes du Sud du canton (2),house,all,all,0,44.0,CHF_per_object,,692000.0,818000.0,1185000.0
T_05_05_1_3_03,Y,2001,,Autres communes du Nord du canton / rive droite du lac (3),house,all,all,0,51.0,CHF_per_object,,635000.0,685000.0,850000.0
T_05_05_1_3_03,Y,2001,,Autres communes de la rive gauche du lac (4),house,all,all,0,28.0,CHF_per_object,,865000.0,1485000.0,2553000.0
T_05_05_1_3_03,Y,2001,,Autres communes de l'Est du canton (5),house,all,all,0,32.0,CHF_per_object,,614000.0,905000.0,1502000.0
T_05_05_1_3_03,Y,2001,,Autres communes de l'Ouest du canton (6),house,all,all,0,33.0,CHF_per_object,,450000.0,610000.0,975000.0
T_05_05_1_3_03,Y,2001,,Canton,house,all,all,0,685.0,CHF_per_object,0000,650000.0,830000.0,1200000.0
T_05_05_1_3_03,Y,2000,,Bernex,house,all,all,0,15.0,CHF_per_object,6607,575000.0,780000.0,800000.0
T_05_05_1_3_03,Y,2000,,Chêne-Bougeries,house,all,all,0,36.0,CHF_per_object,6612,955000.0,1238000.0,1988000.0
T_05_05_1_3_03,Y,2000,,Collonge-Bellerive,house,all,all,0,41.0,CHF_per_object,6616,850000.0,1075000.0,1580000.0
T_05_05_1_3_03,Y,2000,,Cologny,house,all,all,0,25.0,CHF_per_object,6617,1600000.0,2220000.0,6000000.0
T_05_05_1_3_03,Y,2000,,Genève,house,all,all,0,31.0,CHF_per_object,6621,540000.0,753000.0,1150000.0
T_05_05_1_3_03,Y,2000,,Grand-Saconnex,house,all,all,0,31.0,CHF_per_object,6623,550000.0,710000.0,880000.0
T_05_05_1_3_03,Y,2000,,Lancy,house,all,all,0,20.0,CHF_per_object,6628,533000.0,646000.0,830000.0
T_05_05_1_3_03,Y,2000,,Meyrin,house,all,all,0,21.0,CHF_per_object,6630,650000.0,740000.0,815000.0
T_05_05_1_3_03,Y,2000,,Plan-les-Ouates,house,all,all,0,27.0,CHF_per_object,6633,690000.0,720000.0,855000.0
T_05_05_1_3_03,Y,2000,,Pregny-Chambésy,house,all,all,0,13.0,CHF_per_object,6634,648000.0,775000.0,950000.0
T_05_05_1_3_03,Y,2000,,Thônex,house,all,all,0,31.0,CHF_per_object,6640,590000.0,880000.0,1120000.0
T_05_05_1_3_03,Y,2000,,Vandoeuvres,house,all,all,0,26.0,CHF_per_object,6642,980000.0,1775000.0,2861000.0
T_05_05_1_3_03,Y,2000,,Vernier,house,all,all,0,32.0,CHF_per_object,6643,348000.0,447000.0,580000.0
T_05_05_1_3_03,Y,2000,,Versoix,house,all,all,0,17.0,CHF_per_object,6644,695000.0,830000.0,1010000.0
T_05_05_1_3_03,Y,2000,,Veyrier,house,all,all,0,59.0,CHF_per_object,6645,630000.0,810000.0,1100000.0
T_05_05_1_3_03,Y,2000,,Autres communes du Sud du canton (2),house,all,all,0,43.0,CHF_per_object,,590000.0,788000.0,1000000.0
T_05_05_1_3_03,Y,2000,,Autres communes du Nord du canton / rive droite du lac (3),house,all,all,0,37.0,CHF_per_object,,615000.0,740000.0,860000.0
T_05_05_1_3_03,Y,2000,,Autres communes de la rive gauche du lac (4),house,all,all,0,29.0,CHF_per_object,,795000.0,1100000.0,1950000.0
T_05_05_1_3_03,Y,2000,,Autres communes de l'Est du canton (5),house,all,all,0,32.0,CHF_per_object,,525000.0,888000.0,1325000.0
T_05_05_1_3_03,Y,2000,,Autres communes de l'Ouest du canton (6),house,all,all,0,30.0,CHF_per_object,,520000.0,685000.0,820000.0
T_05_05_1_3_03,Y,2000,,Canton,house,all,all,0,596.0,CHF_per_object,0000,607000.0,820000.0,1250000.0
T_05_05_1_3_03,Y,1999,,Bernex,house,all,all,0,17.0,CHF_per_object,6607,620000.0,835000.0,960000.0
T_05_05_1_3_03,Y,1999,,Chêne-Bougeries,house,all,all,0,40.0,CHF_per_object,6612,805000.0,1175000.0,1848000.0
T_05_05_1_3_03,Y,1999,,Collonge-Bellerive,house,all,all,0,46.0,CHF_per_object,6616,740000.0,1021000.0,1430000.0
T_05_05_1_3_03,Y,1999,,Cologny,house,all,all,0,19.0,CHF_per_object,6617,1870000.0,2200000.0,3380000.0
T_05_05_1_3_03,Y,1999,,Genève,house,all,all,0,18.0,CHF_per_object,6621,428000.0,663000.0,1225000.0
T_05_05_1_3_03,Y,1999,,Grand-Saconnex,house,all,all,0,14.0,CHF_per_object,6623,530000.0,663000.0,780000.0
T_05_05_1_3_03,Y,1999,,Lancy,house,all,all,0,28.0,CHF_per_object,6628,539000.0,683000.0,878000.0
T_05_05_1_3_03,Y,1999,,Meyrin,house,all,all,0,8.0,CHF_per_object,6630,,,
T_05_05_1_3_03,Y,1999,,Plan-les-Ouates,house,all,all,0,24.0,CHF_per_object,6633,475000.0,680000.0,758000.0
T_05_05_1_3_03,Y,1999,,Pregny-Chambésy,house,all,all,0,14.0,CHF_per_object,6634,580000.0,840000.0,1160000.0
T_05_05_1_3_03,Y,1999,,Thônex,house,all,all,0,24.0,CHF_per_object,6640,628000.0,760000.0,1065000.0
T_05_05_1_3_03,Y,1999,,Vandoeuvres,house,all,all,0,22.0,CHF_per_object,6642,870000.0,1490000.0,2200000.0
T_05_05_1_3_03,Y,1999,,Vernier,house,all,all,0,15.0,CHF_per_object,6643,341000.0,395000.0,750000.0
T_05_05_1_3_03,Y,1999,,Versoix,house,all,all,0,24.0,CHF_per_object,6644,648000.0,810000.0,966000.0
T_05_05_1_3_03,Y,1999,,Veyrier,house,all,all,0,40.0,CHF_per_object,6645,695000.0,828000.0,1090000.0
T_05_05_1_3_03,Y,1999,,Autres communes du Sud du canton (2),house,all,all,0,53.0,CHF_per_object,,550000.0,720000.0,835000.0
T_05_05_1_3_03,Y,1999,,Autres communes du Nord du canton / rive droite du lac (3),house,all,all,0,42.0,CHF_per_object,,575000.0,700000.0,790000.0
T_05_05_1_3_03,Y,1999,,Autres communes de la rive gauche du lac (4),house,all,all,0,24.0,CHF_per_object,,838000.0,1335000.0,1903000.0
T_05_05_1_3_03,Y,1999,,Autres communes de l'Est du canton (5),house,all,all,0,24.0,CHF_per_object,,525000.0,713000.0,965000.0
T_05_05_1_3_03,Y,1999,,Autres communes de l'Ouest du canton (6),house,all,all,0,30.0,CHF_per_object,,520000.0,660000.0,841000.0
T_05_05_1_3_03,Y,1999,,Canton,house,all,all,0,526.0,CHF_per_object,0000,600000.0,794000.0,1187000.0
T_05_05_1_3_03,Y,1998,,Bernex,house,all,all,0,20.0,CHF_per_object,6607,500000.0,710000.0,880000.0
T_05_05_1_3_03,Y,1998,,Chêne-Bougeries,house,all,all,0,31.0,CHF_per_object,6612,728000.0,1050000.0,1500000.0
T_05_05_1_3_03,Y,1998,,Collonge-Bellerive,house,all,all,0,34.0,CHF_per_object,6616,625000.0,847000.0,1450000.0
T_05_05_1_3_03,Y,1998,,Cologny,house,all,all,0,16.0,CHF_per_object,6617,1474000.0,2570000.0,3850000.0
T_05_05_1_3_03,Y,1998,,Genève,house,all,all,0,20.0,CHF_per_object,6621,384000.0,627000.0,938000.0
T_05_05_1_3_03,Y,1998,,Grand-Saconnex,house,all,all,0,14.0,CHF_per_object,6623,480000.0,613000.0,700000.0
T_05_05_1_3_03,Y,1998,,Lancy,house,all,all,0,17.0,CHF_per_object,6628,540000.0,620000.0,815000.0
T_05_05_1_3_03,Y,1998,,Meyrin,house,all,all,0,10.0,CHF_per_object,6630,700000.0,801000.0,880000.0
T_05_05_1_3_03,Y,1998,,Plan-les-Ouates,house,all,all,0,27.0,CHF_per_object,6633,375000.0,700000.0,950000.0
T_05_05_1_3_03,Y,1998,,Pregny-Chambésy,house,all,all,0,18.0,CHF_per_object,6634,650000.0,755000.0,1230000.0
T_05_05_1_3_03,Y,1998,,Thônex,house,all,all,0,35.0,CHF_per_object,6640,630000.0,710000.0,880000.0
T_05_05_1_3_03,Y,1998,,Vandoeuvres,house,all,all,0,16.0,CHF_per_object,6642,833000.0,1163000.0,2285000.0
T_05_05_1_3_03,Y,1998,,Vernier,house,all,all,0,20.0,CHF_per_object,6643,395000.0,633000.0,697000.0
T_05_05_1_3_03,Y,1998,,Versoix,house,all,all,0,16.0,CHF_per_object,6644,595000.0,798000.0,1073000.0
T_05_05_1_3_03,Y,1998,,Veyrier,house,all,all,0,49.0,CHF_per_object,6645,620000.0,795000.0,950000.0
T_05_05_1_3_03,Y,1998,,Autres communes du Sud du canton (2),house,all,all,0,38.0,CHF_per_object,,600000.0,710000.0,850000.0
T_05_05_1_3_03,Y,1998,,Autres communes du Nord du canton / rive droite du lac (3),house,all,all,0,34.0,CHF_per_object,,500000.0,728000.0,1020000.0
T_05_05_1_3_03,Y,1998,,Autres communes de la rive gauche du lac (4),house,all,all,0,22.0,CHF_per_object,,560000.0,975000.0,1280000.0
T_05_05_1_3_03,Y,1998,,Autres communes de l'Est du canton (5),house,all,all,0,27.0,CHF_per_object,,600000.0,820000.0,925000.0
T_05_05_1_3_03,Y,1998,,Autres communes de l'Ouest du canton (6),house,all,all,0,24.0,CHF_per_object,,528000.0,680000.0,950000.0
T_05_05_1_3_03,Y,1998,,Canton,house,all,all,0,488.0,CHF_per_object,0000,595000.0,750000.0,1050000.0
T_05_05_1_3_03,Y,1997,,Bernex,house,all,all,0,11.0,CHF_per_object,6607,462000.0,640000.0,760000.0
T_05_05_1_3_03,Y,1997,,Chêne-Bougeries,house,all,all,0,28.0,CHF_per_object,6612,765000.0,1030000.0,1313000.0
T_05_05_1_3_03,Y,1997,,Collonge-Bellerive,house,all,all,0,29.0,CHF_per_object,6616,600000.0,800000.0,1100000.0
T_05_05_1_3_03,Y,1997,,Cologny,house,all,all,0,16.0,CHF_per_object,6617,925000.0,1138000.0,1835000.0
T_05_05_1_3_03,Y,1997,,Genève,house,all,all,0,20.0,CHF_per_object,6621,376000.0,663000.0,1200000.0
T_05_05_1_3_03,Y,1997,,Grand-Saconnex,house,all,all,0,7.0,CHF_per_object,6623,,,
T_05_05_1_3_03,Y,1997,,Lancy,house,all,all,0,24.0,CHF_per_object,6628,435000.0,540000.0,763000.0
T_05_05_1_3_03,Y,1997,,Meyrin,house,all,all,0,12.0,CHF_per_object,6630,413000.0,555000.0,678000.0
T_05_05_1_3_03,Y,1997,,Plan-les-Ouates,house,all,all,0,33.0,CHF_per_object,6633,550000.0,600000.0,730000.0
T_05_05_1_3_03,Y,1997,,Pregny-Chambésy,house,all,all,0,17.0,CHF_per_object,6634,430000.0,550000.0,740000.0
T_05_05_1_3_03,Y,1997,,Thônex,house,all,all,0,35.0,CHF_per_object,6640,550000.0,730000.0,950000.0
T_05_05_1_3_03,Y,1997,,Vandoeuvres,house,all,all,0,13.0,CHF_per_object,6642,927000.0,1100000.0,1590000.0
T_05_05_1_3_03,Y,1997,,Vernier,house,all,all,0,21.0,CHF_per_object,6643,480000.0,573000.0,683000.0
T_05_05_1_3_03,Y,1997,,Versoix,house,all,all,0,12.0,CHF_per_object,6644,670000.0,780000.0,865000.0
T_05_05_1_3_03,Y,1997,,Veyrier,house,all,all,0,33.0,CHF_per_object,6645,650000.0,800000.0,875000.0
T_05_05_1_3_03,Y,1997,,Autres communes du Sud du canton (2),house,all,all,0,59.0,CHF_per_object,,560000.0,750000.0,895000.0
T_05_05_1_3_03,Y,1997,,Autres communes du Nord du canton / rive droite du lac (3),house,all,all,0,32.0,CHF_per_object,,540000.0,623000.0,700000.0
T_05_05_1_3_03,Y,1997,,Autres communes de la rive gauche du lac (4),house,all,all,0,39.0,CHF_per_object,,730000.0,850000.0,1250000.0
T_05_05_1_3_03,Y,1997,,Autres communes de l'Est du canton (5),house,all,all,0,31.0,CHF_per_object,,535000.0,785000.0,1100000.0
T_05_05_1_3_03,Y,1997,,Autres communes de l'Ouest du canton (6),house,all,all,0,29.0,CHF_per_object,,540000.0,661000.0,750000.0
T_05_05_1_3_03,Y,1997,,Canton,house,all,all,0,501.0,CHF_per_object,0000,550000.0,720000.0,950000.0
T_05_05_1_3_03,Y,1996,,Bernex,house,all,all,0,11.0,CHF_per_object,6607,620000.0,695000.0,890000.0
T_05_05_1_3_03,Y,1996,,Chêne-Bougeries,house,all,all,0,26.0,CHF_per_object,6612,730000.0,1000000.0,1300000.0
T_05_05_1_3_03,Y,1996,,Collonge-Bellerive,house,all,all,0,32.0,CHF_per_object,6616,623000.0,925000.0,1250000.0
T_05_05_1_3_03,Y,1996,,Cologny,house,all,all,0,20.0,CHF_per_object,6617,790000.0,1550000.0,2750000.0
T_05_05_1_3_03,Y,1996,,Genève,house,all,all,0,23.0,CHF_per_object,6621,540000.0,750000.0,1300000.0
T_05_05_1_3_03,Y,1996,,Grand-Saconnex,house,all,all,0,12.0,CHF_per_object,6623,500000.0,685000.0,833000.0
T_05_05_1_3_03,Y,1996,,Lancy,house,all,all,0,8.0,CHF_per_object,6628,,,
T_05_05_1_3_03,Y,1996,,Meyrin,house,all,all,0,4.0,CHF_per_object,6630,,,
T_05_05_1_3_03,Y,1996,,Plan-les-Ouates,house,all,all,0,17.0,CHF_per_object,6633,660000.0,725000.0,830000.0
T_05_05_1_3_03,Y,1996,,Pregny-Chambésy,house,all,all,0,8.0,CHF_per_object,6634,,,
T_05_05_1_3_03,Y,1996,,Thônex,house,all,all,0,30.0,CHF_per_object,6640,680000.0,793000.0,980000.0
T_05_05_1_3_03,Y,1996,,Vandoeuvres,house,all,all,0,14.0,CHF_per_object,6642,765000.0,950000.0,1500000.0
T_05_05_1_3_03,Y,1996,,Vernier,house,all,all,0,30.0,CHF_per_object,6643,455000.0,570000.0,705000.0
T_05_05_1_3_03,Y,1996,,Versoix,house,all,all,0,8.0,CHF_per_object,6644,,,
T_05_05_1_3_03,Y,1996,,Veyrier,house,all,all,0,38.0,CHF_per_object,6645,644000.0,720000.0,966000.0
T_05_05_1_3_03,Y,1996,,Autres communes du Sud du canton (2),house,all,all,0,57.0,CHF_per_object,,570000.0,710000.0,850000.0
T_05_05_1_3_03,Y,1996,,Autres communes du Nord du canton / rive droite du lac (3),house,all,all,0,24.0,CHF_per_object,,412000.0,615000.0,640000.0
T_05_05_1_3_03,Y,1996,,Autres communes de la rive gauche du lac (4),house,all,all,0,19.0,CHF_per_object,,820000.0,1000000.0,1400000.0
T_05_05_1_3_03,Y,1996,,Autres communes de l'Est du canton (5),house,all,all,0,26.0,CHF_per_object,,410000.0,685000.0,900000.0
T_05_05_1_3_03,Y,1996,,Autres communes de l'Ouest du canton (6),house,all,all,0,32.0,CHF_per_object,,543000.0,705000.0,795000.0
T_05_05_1_3_03,Y,1996,,Canton,house,all,all,0,439.0,CHF_per_object,0000,571000.0,740000.0,990000.0
T_05_05_1_3_03,Y,1995,,Bernex,house,all,all,0,10.0,CHF_per_object,6607,468000.0,675000.0,870000.0
T_05_05_1_3_03,Y,1995,,Chêne-Bougeries,house,all,all,0,28.0,CHF_per_object,6612,750000.0,945000.0,1200000.0
T_05_05_1_3_03,Y,1995,,Collonge-Bellerive,house,all,all,0,27.0,CHF_per_object,6616,818000.0,945000.0,1200000.0
T_05_05_1_3_03,Y,1995,,Cologny,house,all,all,0,14.0,CHF_per_object,6617,1200000.0,1448000.0,3300000.0
T_05_05_1_3_03,Y,1995,,Genève,house,all,all,0,10.0,CHF_per_object,6621,770000.0,1015000.0,1300000.0
T_05_05_1_3_03,Y,1995,,Grand-Saconnex,house,all,all,0,11.0,CHF_per_object,6623,450000.0,500000.0,580000.0
T_05_05_1_3_03,Y,1995,,Lancy,house,all,all,0,15.0,CHF_per_object,6628,525000.0,695000.0,820000.0
T_05_05_1_3_03,Y,1995,,Meyrin,house,all,all,0,7.0,CHF_per_object,6630,,,
T_05_05_1_3_03,Y,1995,,Plan-les-Ouates,house,all,all,0,11.0,CHF_per_object,6633,500000.0,720000.0,790000.0
T_05_05_1_3_03,Y,1995,,Pregny-Chambésy,house,all,all,0,19.0,CHF_per_object,6634,590000.0,725000.0,1125000.0
T_05_05_1_3_03,Y,1995,,Thônex,house,all,all,0,27.0,CHF_per_object,6640,690000.0,800000.0,900000.0
T_05_05_1_3_03,Y,1995,,Vandoeuvres,house,all,all,0,7.0,CHF_per_object,6642,,,
T_05_05_1_3_03,Y,1995,,Vernier,house,all,all,0,20.0,CHF_per_object,6643,405000.0,508000.0,585000.0
T_05_05_1_3_03,Y,1995,,Versoix,house,all,all,0,20.0,CHF_per_object,6644,590000.0,690000.0,825000.0
T_05_05_1_3_03,Y,1995,,Veyrier,house,all,all,0,26.0,CHF_per_object,6645,650000.0,854000.0,1082000.0
T_05_05_1_3_03,Y,1995,,Autres communes du Sud du canton (2),house,all,all,0,68.0,CHF_per_object,,569000.0,710000.0,930000.0
T_05_05_1_3_03,Y,1995,,Autres communes du Nord du canton / rive droite du lac (3),house,all,all,0,19.0,CHF_per_object,,600000.0,655000.0,740000.0
T_05_05_1_3_03,Y,1995,,Autres communes de la rive gauche du lac (4),house,all,all,0,20.0,CHF_per_object,,635000.0,940000.0,1163000.0
T_05_05_1_3_03,Y,1995,,Autres communes de l'Est du canton (5),house,all,all,0,18.0,CHF_per_object,,500000.0,665000.0,1230000.0
T_05_05_1_3_03,Y,1995,,Autres communes de l'Ouest du canton (6),house,all,all,0,16.0,CHF_per_object,,303000.0,488000.0,780000.0
T_05_05_1_3_03,Y,1995,,Canton,house,all,all,0,393.0,CHF_per_object,0000,570000.0,750000.0,980000.0
T_05_05_1_3_03,Y,1994,,Bernex,house,all,all,0,10.0,CHF_per_object,6607,490000.0,688000.0,950000.0
T_05_05_1_3_03,Y,1994,,Chêne-Bougeries,house,all,all,0,21.0,CHF_per_object,6612,850000.0,1100000.0,1600000.0
T_05_05_1_3_03,Y,1994,,Collonge-Bellerive,house,all,all,0,25.0,CHF_per_object,6616,750000.0,1000000.0,1190000.0
T_05_05_1_3_03,Y,1994,,Cologny,house,all,all,0,11.0,CHF_per_object,6617,1500000.0,2000000.0,2700000.0
T_05_05_1_3_03,Y,1994,,Genève,house,all,all,0,15.0,CHF_per_object,6621,700000.0,950000.0,1900000.0
T_05_05_1_3_03,Y,1994,,Grand-Saconnex,house,all,all,0,8.0,CHF_per_object,6623,,,
T_05_05_1_3_03,Y,1994,,Lancy,house,all,all,0,19.0,CHF_per_object,6628,450000.0,600000.0,850000.0
T_05_05_1_3_03,Y,1994,,Meyrin,house,all,all,0,3.0,CHF_per_object,6630,,,
T_05_05_1_3_03,Y,1994,,Plan-les-Ouates,house,all,all,0,15.0,CHF_per_object,6633,400000.0,650000.0,751000.0
T_05_05_1_3_03,Y,1994,,Pregny-Chambésy,house,all,all,0,13.0,CHF_per_object,6634,645000.0,990000.0,1250000.0
T_05_05_1_3_03,Y,1994,,Thônex,house,all,all,0,31.0,CHF_per_object,6640,600000.0,725000.0,950000.0
T_05_05_1_3_03,Y,1994,,Vandoeuvres,house,all,all,0,12.0,CHF_per_object,6642,805000.0,1100000.0,1363000.0
T_05_05_1_3_03,Y,1994,,Vernier,house,all,all,0,22.0,CHF_per_object,6643,450000.0,598000.0,770000.0
T_05_05_1_3_03,Y,1994,,Versoix,house,all,all,0,19.0,CHF_per_object,6644,660000.0,730000.0,790000.0
T_05_05_1_3_03,Y,1994,,Veyrier,house,all,all,0,18.0,CHF_per_object,6645,775000.0,895000.0,970000.0
T_05_05_1_3_03,Y,1994,,Autres communes du Sud du canton (2),house,all,all,0,18.0,CHF_per_object,,500000.0,710000.0,800000.0
T_05_05_1_3_03,Y,1994,,Autres communes du Nord du canton / rive droite du lac (3),house,all,all,0,31.0,CHF_per_object,,560000.0,665000.0,790000.0
T_05_05_1_3_03,Y,1994,,Autres communes de la rive gauche du lac (4),house,all,all,0,26.0,CHF_per_object,,740000.0,900000.0,1085000.0
T_05_05_1_3_03,Y,1994,,Autres communes de l'Est du canton (5),house,all,all,0,19.0,CHF_per_object,,756000.0,850000.0,1150000.0
T_05_05_1_3_03,Y,1994,,Autres communes de l'Ouest du canton (6),house,all,all,0,18.0,CHF_per_object,,600000.0,628000.0,820000.0
T_05_05_1_3_03,Y,1994,,Canton,house,all,all,0,354.0,CHF_per_object,0000,600000.0,773000.0,1030000.0
T_05_05_1_3_03,Y,1993,,Bernex,house,all,all,0,13.0,CHF_per_object,6607,650000.0,810000.0,850000.0
T_05_05_1_3_03,Y,1993,,Chêne-Bougeries,house,all,all,0,16.0,CHF_per_object,6612,720000.0,988000.0,1275000.0
T_05_05_1_3_03,Y,1993,,Collonge-Bellerive,house,all,all,0,32.0,CHF_per_object,6616,693000.0,900000.0,1188000.0
T_05_05_1_3_03,Y,1993,,Cologny,house,all,all,0,10.0,CHF_per_object,6617,1500000.0,2138000.0,4100000.0
T_05_05_1_3_03,Y,1993,,Genève,house,all,all,0,10.0,CHF_per_object,6621,600000.0,967000.0,1300000.0
T_05_05_1_3_03,Y,1993,,Grand-Saconnex,house,all,all,0,7.0,CHF_per_object,6623,,,
T_05_05_1_3_03,Y,1993,,Lancy,house,all,all,0,17.0,CHF_per_object,6628,600000.0,765000.0,910000.0
T_05_05_1_3_03,Y,1993,,Meyrin,house,all,all,0,6.0,CHF_per_object,6630,,,
T_05_05_1_3_03,Y,1993,,Plan-les-Ouates,house,all,all,0,15.0,CHF_per_object,6633,545000.0,680000.0,800000.0
T_05_05_1_3_03,Y,1993,,Pregny-Chambésy,house,all,all,0,12.0,CHF_per_object,6634,563000.0,700000.0,775000.0
T_05_05_1_3_03,Y,1993,,Thônex,house,all,all,0,25.0,CHF_per_object,6640,650000.0,675000.0,870000.0
T_05_05_1_3_03,Y,1993,,Vandoeuvres,house,all,all,0,11.0,CHF_per_object,6642,430000.0,920000.0,1500000.0
T_05_05_1_3_03,Y,1993,,Vernier,house,all,all,0,16.0,CHF_per_object,6643,368000.0,513000.0,628000.0
T_05_05_1_3_03,Y,1993,,Versoix,house,all,all,0,7.0,CHF_per_object,6644,,,
T_05_05_1_3_03,Y,1993,,Veyrier,house,all,all,0,50.0,CHF_per_object,6645,595000.0,644000.0,820000.0
T_05_05_1_3_03,Y,1993,,Autres communes du Sud du canton (2),house,all,all,0,37.0,CHF_per_object,,550000.0,800000.0,1150000.0
T_05_05_1_3_03,Y,1993,,Autres communes du Nord du canton / rive droite du lac (3),house,all,all,0,13.0,CHF_per_object,,540000.0,750000.0,1060000.0
T_05_05_1_3_03,Y,1993,,Autres communes de la rive gauche du lac (4),house,all,all,0,19.0,CHF_per_object,,710000.0,925000.0,1550000.0
T_05_05_1_3_03,Y,1993,,Autres communes de l'Est du canton (5),house,all,all,0,19.0,CHF_per_object,,630000.0,750000.0,900000.0
T_05_05_1_3_03,Y,1993,,Autres communes de l'Ouest du canton (6),house,all,all,0,13.0,CHF_per_object,,450000.0,630000.0,700000.0
T_05_05_1_3_03,Y,1993,,Canton,house,all,all,0,348.0,CHF_per_object,0000,590000.0,750000.0,1033000.0
T_05_05_1_3_03,Y,1992,,Bernex,house,all,all,0,14.0,CHF_per_object,6607,630000.0,750000.0,925000.0
T_05_05_1_3_03,Y,1992,,Chêne-Bougeries,house,all,all,0,12.0,CHF_per_object,6612,785000.0,1089000.0,1470000.0
T_05_05_1_3_03,Y,1992,,Collonge-Bellerive,house,all,all,0,24.0,CHF_per_object,6616,815000.0,1000000.0,1395000.0
T_05_05_1_3_03,Y,1992,,Cologny,house,all,all,0,16.0,CHF_per_object,6617,1385000.0,2490000.0,3875000.0
T_05_05_1_3_03,Y,1992,,Genève,house,all,all,0,13.0,CHF_per_object,6621,900000.0,1050000.0,1500000.0
T_05_05_1_3_03,Y,1992,,Grand-Saconnex,house,all,all,0,9.0,CHF_per_object,6623,,,
T_05_05_1_3_03,Y,1992,,Lancy,house,all,all,0,13.0,CHF_per_object,6628,575000.0,735000.0,900000.0
T_05_05_1_3_03,Y,1992,,Meyrin,house,all,all,0,4.0,CHF_per_object,6630,,,
T_05_05_1_3_03,Y,1992,,Plan-les-Ouates,house,all,all,0,14.0,CHF_per_object,6633,438000.0,718000.0,760000.0
T_05_05_1_3_03,Y,1992,,Pregny-Chambésy,house,all,all,0,6.0,CHF_per_object,6634,,,
T_05_05_1_3_03,Y,1992,,Thônex,house,all,all,0,11.0,CHF_per_object,6640,670000.0,750000.0,1200000.0
T_05_05_1_3_03,Y,1992,,Vandoeuvres,house,all,all,0,8.0,CHF_per_object,6642,,,
T_05_05_1_3_03,Y,1992,,Vernier,house,all,all,0,9.0,CHF_per_object,6643,,,
T_05_05_1_3_03,Y,1992,,Versoix,house,all,all,0,11.0,CHF_per_object,6644,450000.0,650000.0,800000.0
T_05_05_1_3_03,Y,1992,,Veyrier,house,all,all,0,26.0,CHF_per_object,6645,625000.0,778000.0,850000.0
T_05_05_1_3_03,Y,1992,,Autres communes du Sud du canton (2),house,all,all,0,34.0,CHF_per_object,,530000.0,838000.0,1000000.0
T_05_05_1_3_03,Y,1992,,Autres communes du Nord du canton / rive droite du lac (3),house,all,all,0,12.0,CHF_per_object,,489000.0,640000.0,775000.0
T_05_05_1_3_03,Y,1992,,Autres communes de la rive gauche du lac (4),house,all,all,0,8.0,CHF_per_object,,,,
T_05_05_1_3_03,Y,1992,,Autres communes de l'Est du canton (5),house,all,all,0,18.0,CHF_per_object,,595000.0,815000.0,1000000.0
T_05_05_1_3_03,Y,1992,,Autres communes de l'Ouest du canton (6),house,all,all,0,6.0,CHF_per_object,,,,
T_05_05_1_3_03,Y,1992,,Canton,house,all,all,0,268.0,CHF_per_object,0000,563000.0,800000.0,1100000.0
T_05_05_1_3_03,Y,1991,,Bernex,house,all,all,0,7.0,CHF_per_object,6607,,,
T_05_05_1_3_03,Y,1991,,Chêne-Bougeries,house,all,all,0,19.0,CHF_per_object,6612,1025000.0,1235000.0,1700000.0
T_05_05_1_3_03,Y,1991,,Collonge-Bellerive,house,all,all,0,12.0,CHF_per_object,6616,970000.0,1085000.0,1263000.0
T_05_05_1_3_03,Y,1991,,Cologny,house,all,all,0,18.0,CHF_per_object,6617,950000.0,1104000.0,2000000.0
T_05_05_1_3_03,Y,1991,,Genève,house,all,all,0,17.0,CHF_per_object,6621,690000.0,1000000.0,1600000.0
T_05_05_1_3_03,Y,1991,,Grand-Saconnex,house,all,all,0,6.0,CHF_per_object,6623,,,
T_05_05_1_3_03,Y,1991,,Lancy,house,all,all,0,19.0,CHF_per_object,6628,650000.0,780000.0,1087000.0
T_05_05_1_3_03,Y,1991,,Meyrin,house,all,all,0,4.0,CHF_per_object,6630,,,
T_05_05_1_3_03,Y,1991,,Plan-les-Ouates,house,all,all,0,13.0,CHF_per_object,6633,660000.0,900000.0,970000.0
T_05_05_1_3_03,Y,1991,,Pregny-Chambésy,house,all,all,0,5.0,CHF_per_object,6634,,,
T_05_05_1_3_03,Y,1991,,Thônex,house,all,all,0,15.0,CHF_per_object,6640,600000.0,950000.0,1150000.0
T_05_05_1_3_03,Y,1991,,Vandoeuvres,house,all,all,0,6.0,CHF_per_object,6642,,,
T_05_05_1_3_03,Y,1991,,Vernier,house,all,all,0,12.0,CHF_per_object,6643,508000.0,660000.0,870000.0
T_05_05_1_3_03,Y,1991,,Versoix,house,all,all,0,11.0,CHF_per_object,6644,600000.0,850000.0,935000.0
T_05_05_1_3_03,Y,1991,,Veyrier,house,all,all,0,19.0,CHF_per_object,6645,775000.0,950000.0,1050000.0
T_05_05_1_3_03,Y,1991,,Autres communes du Sud du canton (2),house,all,all,0,25.0,CHF_per_object,,710000.0,884000.0,1050000.0
T_05_05_1_3_03,Y,1991,,Autres communes du Nord du canton / rive droite du lac (3),house,all,all,0,9.0,CHF_per_object,,,,
T_05_05_1_3_03,Y,1991,,Autres communes de la rive gauche du lac (4),house,all,all,0,13.0,CHF_per_object,,590000.0,750000.0,1050000.0
T_05_05_1_3_03,Y,1991,,Autres communes de l'Est du canton (5),house,all,all,0,11.0,CHF_per_object,,530000.0,650000.0,1050000.0
T_05_05_1_3_03,Y,1991,,Autres communes de l'Ouest du canton (6),house,all,all,0,15.0,CHF_per_object,,340000.0,650000.0,938000.0
T_05_05_1_3_03,Y,1991,,Canton,house,all,all,0,256.0,CHF_per_object,0000,661000.0,920000.0,1163000.0
T_05_05_1_3_03,Y,1990,,Bernex,house,all,all,0,5.0,CHF_per_object,6607,,,
T_05_05_1_3_03,Y,1990,,Chêne-Bougeries,house,all,all,0,18.0,CHF_per_object,6612,800000.0,890000.0,1600000.0
T_05_05_1_3_03,Y,1990,,Collonge-Bellerive,house,all,all,0,18.0,CHF_per_object,6616,895000.0,1240000.0,1650000.0
T_05_05_1_3_03,Y,1990,,Cologny,house,all,all,0,4.0,CHF_per_object,6617,,,
T_05_05_1_3_03,Y,1990,,Genève,house,all,all,0,17.0,CHF_per_object,6621,1130000.0,1300000.0,1500000.0
T_05_05_1_3_03,Y,1990,,Grand-Saconnex,house,all,all,0,4.0,CHF_per_object,6623,,,
T_05_05_1_3_03,Y,1990,,Lancy,house,all,all,0,6.0,CHF_per_object,6628,,,
T_05_05_1_3_03,Y,1990,,Meyrin,house,all,all,0,4.0,CHF_per_object,6630,,,
T_05_05_1_3_03,Y,1990,,Plan-les-Ouates,house,all,all,0,21.0,CHF_per_object,6633,760000.0,880000.0,922000.0
T_05_05_1_3_03,Y,1990,,Pregny-Chambésy,house,all,all,0,4.0,CHF_per_object,6634,,,
T_05_05_1_3_03,Y,1990,,Thônex,house,all,all,0,12.0,CHF_per_object,6640,823000.0,965000.0,1334000.0
T_05_05_1_3_03,Y,1990,,Vandoeuvres,house,all,all,0,5.0,CHF_per_object,6642,,,
T_05_05_1_3_03,Y,1990,,Vernier,house,all,all,0,11.0,CHF_per_object,6643,322000.0,440000.0,678000.0
T_05_05_1_3_03,Y,1990,,Versoix,house,all,all,0,9.0,CHF_per_object,6644,,,
T_05_05_1_3_03,Y,1990,,Veyrier,house,all,all,0,18.0,CHF_per_object,6645,800000.0,960000.0,1000000.0
T_05_05_1_3_03,Y,1990,,Autres communes du Sud du canton (2),house,all,all,0,18.0,CHF_per_object,,890000.0,1085000.0,1500000.0
T_05_05_1_3_03,Y,1990,,Autres communes du Nord du canton / rive droite du lac (3),house,all,all,0,8.0,CHF_per_object,,,,
T_05_05_1_3_03,Y,1990,,Autres communes de la rive gauche du lac (4),house,all,all,0,10.0,CHF_per_object,,850000.0,1075000.0,1200000.0
T_05_05_1_3_03,Y,1990,,Autres communes de l'Est du canton (5),house,all,all,0,9.0,CHF_per_object,,,,
T_05_05_1_3_03,Y,1990,,Autres communes de l'Ouest du canton (6),house,all,all,0,10.0,CHF_per_object,,280000.0,720000.0,970000.0
T_05_05_1_3_03,Y,1990,,Canton,house,all,all,0,211.0,CHF_per_object,0000,790000.0,950000.0,1300000.0
